customerID,churn_probability,predicted_class,decision_threshold,model_version,scoring_timestamp,batch_id
7590-VHVEG,0.6268,1,0.5,1.0.0,2026-07-29T15:06:59.847491+00:00,batch_20260729_150659_a047a5
5575-GNVDE,0.0477,0,0.5,1.0.0,2026-07-29T15:06:59.847491+00:00,batch_20260729_150659_a047a5
3668-QPYBK,0.3132,0,0.5,1.0.0,2026-07-29T15:06:59.847491+00:00,batch_20260729_150659_a047a5
7795-CFOCW,0.0306,0,0.5,1.0.0,2026-07-29T15:06:59.847491+00:00,batch_20260729_150659_a047a5
9237-HQITU,0.712,1,0.5,1.0.0,2026-07-29T15:06:59.847491+00:00,batch_20260729_150659_a047a5
9305-CDSKC,0.8057,1,0.5,1.0.0,2026-07-29T15:06:59.847491+00:00,batch_20260729_150659_a047a5
1452-KIOVK,0.4838,0,0.5,1.0.0,2026-07-29T15:06:59.847491+00:00,batch_20260729_150659_a047a5
6713-OKOMC,0.3068,0,0.5,1.0.0,2026-07-29T15:06:59.847491+00:00,batch_20260729_150659_a047a5
7892-POOKP,0.6267,1,0.5,1.0.0,2026-07-29T15:06:59.847491+00:00,batch_20260729_150659_a047a5
6388-TABGU,0.0109,0,0.5,1.0.0,2026-07-29T15:06:59.847491+00:00,batch_20260729_150659_a047a5
9763-GRSKD,0.2148,0,0.5,1.0.0,2026-07-29T15:06:59.847491+00:00,batch_20260729_150659_a047a5
7469-LKBCI,0.0254,0,0.5,1.0.0,2026-07-29T15:06:59.847491+00:00,batch_20260729_150659_a047a5
8091-TTVAX,0.174,0,0.5,1.0.0,2026-07-29T15:06:59.847491+00:00,batch_20260729_150659_a047a5
0280-XJGEX,0.4407,0,0.5,1.0.0,2026-07-29T15:06:59.847491+00:00,batch_20260729_150659_a047a5
5129-JLPIS,0.5007,1,0.5,1.0.0,2026-07-29T15:06:59.847491+00:00,batch_20260729_150659_a047a5
3655-SNQYZ,0.0314,0,0.5,1.0.0,2026-07-29T15:06:59.847491+00:00,batch_20260729_150659_a047a5
8191-XWSZG,0.0099,0,0.5,1.0.0,2026-07-29T15:06:59.847491+00:00,batch_20260729_150659_a047a5
9959-WOFKT,0.0449,0,0.5,1.0.0,2026-07-29T15:06:59.847491+00:00,batch_20260729_150659_a047a5
4190-MFLUW,0.16,0,0.5,1.0.0,2026-07-29T15:06:59.847491+00:00,batch_20260729_150659_a047a5
4183-MYFRB,0.6008,1,0.5,1.0.0,2026-07-29T15:06:59.847491+00:00,batch_20260729_150659_a047a5
8779-QRDMV,0.7119,1,0.5,1.0.0,2026-07-29T15:06:59.847491+00:00,batch_20260729_150659_a047a5
1680-VDCWW,0.058,0,0.5,1.0.0,2026-07-29T15:06:59.847491+00:00,batch_20260729_150659_a047a5
1066-JKSGK,0.1893,0,0.5,1.0.0,2026-07-29T15:06:59.847491+00:00,batch_20260729_150659_a047a5
3638-WEABW,0.0153,0,0.5,1.0.0,2026-07-29T15:06:59.847491+00:00,batch_20260729_150659_a047a5
6322-HRPFA,0.0265,0,0.5,1.0.0,2026-07-29T15:06:59.847491+00:00,batch_20260729_150659_a047a5
6865-JZNKO,0.128,0,0.5,1.0.0,2026-07-29T15:06:59.847491+00:00,batch_20260729_150659_a047a5
6467-CHFZW,0.4869,0,0.5,1.0.0,2026-07-29T15:06:59.847491+00:00,batch_20260729_150659_a047a5
8665-UTDHZ,0.4724,0,0.5,1.0.0,2026-07-29T15:06:59.847491+00:00,batch_20260729_150659_a047a5
5248-YGIJN,0.0161,0,0.5,1.0.0,2026-07-29T15:06:59.847491+00:00,batch_20260729_150659_a047a5
8773-HHUOZ,0.3531,0,0.5,1.0.0,2026-07-29T15:06:59.847491+00:00,batch_20260729_150659_a047a5
3841-NFECX,0.027,0,0.5,1.0.0,2026-07-29T15:06:59.847491+00:00,batch_20260729_150659_a047a5
4929-XIHVW,0.7263,1,0.5,1.0.0,2026-07-29T15:06:59.847491+00:00,batch_20260729_150659_a047a5
6827-IEAUQ,0.031,0,0.5,1.0.0,2026-07-29T15:06:59.847491+00:00,batch_20260729_150659_a047a5
7310-EGVHZ,0.1829,0,0.5,1.0.0,2026-07-29T15:06:59.847491+00:00,batch_20260729_150659_a047a5
3413-BMNZE,0.3392,0,0.5,1.0.0,2026-07-29T15:06:59.847491+00:00,batch_20260729_150659_a047a5
6234-RAAPL,0.019,0,0.5,1.0.0,2026-07-29T15:06:59.847491+00:00,batch_20260729_150659_a047a5
6047-YHPVI,0.6866,1,0.5,1.0.0,2026-07-29T15:06:59.847491+00:00,batch_20260729_150659_a047a5
6572-ADKRS,0.2796,0,0.5,1.0.0,2026-07-29T15:06:59.847491+00:00,batch_20260729_150659_a047a5
5380-WJKOV,0.6409,1,0.5,1.0.0,2026-07-29T15:06:59.847491+00:00,batch_20260729_150659_a047a5
8168-UQWWF,0.7198,1,0.5,1.0.0,2026-07-29T15:06:59.847491+00:00,batch_20260729_150659_a047a5
8865-TNMNX,0.1041,0,0.5,1.0.0,2026-07-29T15:06:59.847491+00:00,batch_20260729_150659_a047a5
9489-DEDVP,0.0118,0,0.5,1.0.0,2026-07-29T15:06:59.847491+00:00,batch_20260729_150659_a047a5
9867-JCZSP,0.0398,0,0.5,1.0.0,2026-07-29T15:06:59.847491+00:00,batch_20260729_150659_a047a5
4671-VJLCL,0.0141,0,0.5,1.0.0,2026-07-29T15:06:59.847491+00:00,batch_20260729_150659_a047a5
4080-IIARD,0.3195,0,0.5,1.0.0,2026-07-29T15:06:59.847491+00:00,batch_20260729_150659_a047a5
3714-NTNFO,0.4565,0,0.5,1.0.0,2026-07-29T15:06:59.847491+00:00,batch_20260729_150659_a047a5
5948-UJZLF,0.3042,0,0.5,1.0.0,2026-07-29T15:06:59.847491+00:00,batch_20260729_150659_a047a5
7760-OYPDY,0.7526,1,0.5,1.0.0,2026-07-29T15:06:59.847491+00:00,batch_20260729_150659_a047a5
7639-LIAYI,0.0305,0,0.5,1.0.0,2026-07-29T15:06:59.847491+00:00,batch_20260729_150659_a047a5
2954-PIBKO,0.0068,0,0.5,1.0.0,2026-07-29T15:06:59.847491+00:00,batch_20260729_150659_a047a5
8012-SOUDQ,0.4853,0,0.5,1.0.0,2026-07-29T15:06:59.847491+00:00,batch_20260729_150659_a047a5
9420-LOJKX,0.5156,1,0.5,1.0.0,2026-07-29T15:06:59.847491+00:00,batch_20260729_150659_a047a5
6575-SUVOI,0.1919,0,0.5,1.0.0,2026-07-29T15:06:59.847491+00:00,batch_20260729_150659_a047a5
7495-OOKFY,0.5973,1,0.5,1.0.0,2026-07-29T15:06:59.847491+00:00,batch_20260729_150659_a047a5
4667-QONEA,0.0185,0,0.5,1.0.0,2026-07-29T15:06:59.847491+00:00,batch_20260729_150659_a047a5
1658-BYGOY,0.7548,1,0.5,1.0.0,2026-07-29T15:06:59.847491+00:00,batch_20260729_150659_a047a5
8769-KKTPH,0.133,0,0.5,1.0.0,2026-07-29T15:06:59.847491+00:00,batch_20260729_150659_a047a5
5067-XJQFU,0.1581,0,0.5,1.0.0,2026-07-29T15:06:59.847491+00:00,batch_20260729_150659_a047a5
3957-SQXML,0.0118,0,0.5,1.0.0,2026-07-29T15:06:59.847491+00:00,batch_20260729_150659_a047a5
5954-BDFSG,0.0803,0,0.5,1.0.0,2026-07-29T15:06:59.847491+00:00,batch_20260729_150659_a047a5
0434-CSFON,0.5864,1,0.5,1.0.0,2026-07-29T15:06:59.847491+00:00,batch_20260729_150659_a047a5
1215-FIGMP,0.2818,0,0.5,1.0.0,2026-07-29T15:06:59.847491+00:00,batch_20260729_150659_a047a5
0526-SXDJP,0.0069,0,0.5,1.0.0,2026-07-29T15:06:59.847491+00:00,batch_20260729_150659_a047a5
0557-ASKVU,0.0863,0,0.5,1.0.0,2026-07-29T15:06:59.847491+00:00,batch_20260729_150659_a047a5
5698-BQJOH,0.7264,1,0.5,1.0.0,2026-07-29T15:06:59.847491+00:00,batch_20260729_150659_a047a5
5122-CYFXA,0.4806,0,0.5,1.0.0,2026-07-29T15:06:59.847491+00:00,batch_20260729_150659_a047a5
8627-ZYGSZ,0.2153,0,0.5,1.0.0,2026-07-29T15:06:59.847491+00:00,batch_20260729_150659_a047a5
3410-YOQBQ,0.0412,0,0.5,1.0.0,2026-07-29T15:06:59.847491+00:00,batch_20260729_150659_a047a5
3170-NMYVV,0.0043,0,0.5,1.0.0,2026-07-29T15:06:59.847491+00:00,batch_20260729_150659_a047a5
7410-OIEDU,0.4952,0,0.5,1.0.0,2026-07-29T15:06:59.847491+00:00,batch_20260729_150659_a047a5
2273-QCKXA,0.2608,0,0.5,1.0.0,2026-07-29T15:06:59.847491+00:00,batch_20260729_150659_a047a5
0731-EBJQB,0.0166,0,0.5,1.0.0,2026-07-29T15:06:59.847491+00:00,batch_20260729_150659_a047a5
1891-QRQSA,0.0588,0,0.5,1.0.0,2026-07-29T15:06:59.847491+00:00,batch_20260729_150659_a047a5
8028-PNXHQ,0.0048,0,0.5,1.0.0,2026-07-29T15:06:59.847491+00:00,batch_20260729_150659_a047a5
5630-AHZIL,0.2462,0,0.5,1.0.0,2026-07-29T15:06:59.847491+00:00,batch_20260729_150659_a047a5
2673-CXQEU,0.1863,0,0.5,1.0.0,2026-07-29T15:06:59.847491+00:00,batch_20260729_150659_a047a5
6416-JNVRK,0.0515,0,0.5,1.0.0,2026-07-29T15:06:59.847491+00:00,batch_20260729_150659_a047a5
5590-ZSKRV,0.1653,0,0.5,1.0.0,2026-07-29T15:06:59.847491+00:00,batch_20260729_150659_a047a5
0191-ZHSKZ,0.2756,0,0.5,1.0.0,2026-07-29T15:06:59.847491+00:00,batch_20260729_150659_a047a5
3887-PBQAO,0.0206,0,0.5,1.0.0,2026-07-29T15:06:59.847491+00:00,batch_20260729_150659_a047a5
5919-TMRGD,0.7116,1,0.5,1.0.0,2026-07-29T15:06:59.847491+00:00,batch_20260729_150659_a047a5
8108-UXRQN,0.4384,0,0.5,1.0.0,2026-07-29T15:06:59.847491+00:00,batch_20260729_150659_a047a5
9191-MYQKX,0.5905,1,0.5,1.0.0,2026-07-29T15:06:59.847491+00:00,batch_20260729_150659_a047a5
9919-YLNNG,0.3358,0,0.5,1.0.0,2026-07-29T15:06:59.847491+00:00,batch_20260729_150659_a047a5
0318-ZOPWS,0.0085,0,0.5,1.0.0,2026-07-29T15:06:59.847491+00:00,batch_20260729_150659_a047a5
4445-ZJNMU,0.6962,1,0.5,1.0.0,2026-07-29T15:06:59.847491+00:00,batch_20260729_150659_a047a5
4808-YNLEU,0.0828,0,0.5,1.0.0,2026-07-29T15:06:59.847491+00:00,batch_20260729_150659_a047a5
1862-QRWPE,0.0049,0,0.5,1.0.0,2026-07-29T15:06:59.847491+00:00,batch_20260729_150659_a047a5
2796-NNUFI,0.0081,0,0.5,1.0.0,2026-07-29T15:06:59.847491+00:00,batch_20260729_150659_a047a5
3016-KSVCP,0.2584,0,0.5,1.0.0,2026-07-29T15:06:59.847491+00:00,batch_20260729_150659_a047a5
4767-HZZHQ,0.2488,0,0.5,1.0.0,2026-07-29T15:06:59.847491+00:00,batch_20260729_150659_a047a5
2424-WVHPL,0.5318,1,0.5,1.0.0,2026-07-29T15:06:59.847491+00:00,batch_20260729_150659_a047a5
7233-PAHHL,0.0182,0,0.5,1.0.0,2026-07-29T15:06:59.847491+00:00,batch_20260729_150659_a047a5
6067-NGCEU,0.2834,0,0.5,1.0.0,2026-07-29T15:06:59.847491+00:00,batch_20260729_150659_a047a5
9848-JQJTX,0.091,0,0.5,1.0.0,2026-07-29T15:06:59.847491+00:00,batch_20260729_150659_a047a5
8637-XJIVR,0.6079,1,0.5,1.0.0,2026-07-29T15:06:59.847491+00:00,batch_20260729_150659_a047a5
9803-FTJCG,0.0114,0,0.5,1.0.0,2026-07-29T15:06:59.847491+00:00,batch_20260729_150659_a047a5
0278-YXOOG,0.1636,0,0.5,1.0.0,2026-07-29T15:06:59.847491+00:00,batch_20260729_150659_a047a5
3212-KXOCR,0.0051,0,0.5,1.0.0,2026-07-29T15:06:59.847491+00:00,batch_20260729_150659_a047a5
4598-XLKNJ,0.6382,1,0.5,1.0.0,2026-07-29T15:06:59.847491+00:00,batch_20260729_150659_a047a5
6380-ARCEH,0.1893,0,0.5,1.0.0,2026-07-29T15:06:59.847491+00:00,batch_20260729_150659_a047a5
3679-XASPY,0.2064,0,0.5,1.0.0,2026-07-29T15:06:59.847491+00:00,batch_20260729_150659_a047a5
7123-WQUHX,0.1599,0,0.5,1.0.0,2026-07-29T15:06:59.847491+00:00,batch_20260729_150659_a047a5
5386-THSLQ,0.0311,0,0.5,1.0.0,2026-07-29T15:06:59.847491+00:00,batch_20260729_150659_a047a5
3192-NQECA,0.0804,0,0.5,1.0.0,2026-07-29T15:06:59.847491+00:00,batch_20260729_150659_a047a5
6180-YBIQI,0.4359,0,0.5,1.0.0,2026-07-29T15:06:59.847491+00:00,batch_20260729_150659_a047a5
6728-DKUCO,0.1335,0,0.5,1.0.0,2026-07-29T15:06:59.847491+00:00,batch_20260729_150659_a047a5
9750-BOOHV,0.071,0,0.5,1.0.0,2026-07-29T15:06:59.847491+00:00,batch_20260729_150659_a047a5
8597-CWYHH,0.2371,0,0.5,1.0.0,2026-07-29T15:06:59.847491+00:00,batch_20260729_150659_a047a5
2848-YXSMW,0.0015,0,0.5,1.0.0,2026-07-29T15:06:59.847491+00:00,batch_20260729_150659_a047a5
0486-HECZI,0.3369,0,0.5,1.0.0,2026-07-29T15:06:59.847491+00:00,batch_20260729_150659_a047a5
4549-ZDQYY,0.0157,0,0.5,1.0.0,2026-07-29T15:06:59.847491+00:00,batch_20260729_150659_a047a5
5712-AHQNN,0.44,0,0.5,1.0.0,2026-07-29T15:06:59.847491+00:00,batch_20260729_150659_a047a5
4846-WHAFZ,0.4977,0,0.5,1.0.0,2026-07-29T15:06:59.847491+00:00,batch_20260729_150659_a047a5
5256-SKJGO,0.0278,0,0.5,1.0.0,2026-07-29T15:06:59.847491+00:00,batch_20260729_150659_a047a5
3071-VBYPO,0.4881,0,0.5,1.0.0,2026-07-29T15:06:59.847491+00:00,batch_20260729_150659_a047a5
9560-BBZXK,0.0317,0,0.5,1.0.0,2026-07-29T15:06:59.847491+00:00,batch_20260729_150659_a047a5
5299-RULOA,0.6889,1,0.5,1.0.0,2026-07-29T15:06:59.847491+00:00,batch_20260729_150659_a047a5
8402-OOOHJ,0.0087,0,0.5,1.0.0,2026-07-29T15:06:59.847491+00:00,batch_20260729_150659_a047a5
9445-ZUEQE,0.2941,0,0.5,1.0.0,2026-07-29T15:06:59.847491+00:00,batch_20260729_150659_a047a5
1091-SOZGA,0.2073,0,0.5,1.0.0,2026-07-29T15:06:59.847491+00:00,batch_20260729_150659_a047a5
2928-HLDBA,0.1564,0,0.5,1.0.0,2026-07-29T15:06:59.847491+00:00,batch_20260729_150659_a047a5
0404-SWRVG,0.7484,1,0.5,1.0.0,2026-07-29T15:06:59.847491+00:00,batch_20260729_150659_a047a5
6497-TILVL,0.1925,0,0.5,1.0.0,2026-07-29T15:06:59.847491+00:00,batch_20260729_150659_a047a5
7219-TLZHO,0.1395,0,0.5,1.0.0,2026-07-29T15:06:59.847491+00:00,batch_20260729_150659_a047a5
4622-YNKIJ,0.1183,0,0.5,1.0.0,2026-07-29T15:06:59.847491+00:00,batch_20260729_150659_a047a5
4412-YLTKF,0.5762,1,0.5,1.0.0,2026-07-29T15:06:59.847491+00:00,batch_20260729_150659_a047a5
6734-PSBAW,0.0039,0,0.5,1.0.0,2026-07-29T15:06:59.847491+00:00,batch_20260729_150659_a047a5
3930-ZGWVE,0.1889,0,0.5,1.0.0,2026-07-29T15:06:59.847491+00:00,batch_20260729_150659_a047a5
2639-UGMAZ,0.0556,0,0.5,1.0.0,2026-07-29T15:06:59.847491+00:00,batch_20260729_150659_a047a5
2876-GZYZC,0.7405,1,0.5,1.0.0,2026-07-29T15:06:59.847491+00:00,batch_20260729_150659_a047a5
6207-WIOLX,0.2872,0,0.5,1.0.0,2026-07-29T15:06:59.847491+00:00,batch_20260729_150659_a047a5
8587-XYZSF,0.0059,0,0.5,1.0.0,2026-07-29T15:06:59.847491+00:00,batch_20260729_150659_a047a5
3091-FYHKI,0.711,1,0.5,1.0.0,2026-07-29T15:06:59.847491+00:00,batch_20260729_150659_a047a5
2372-HWUHI,0.4172,0,0.5,1.0.0,2026-07-29T15:06:59.847491+00:00,batch_20260729_150659_a047a5
7799-LGRDP,0.0148,0,0.5,1.0.0,2026-07-29T15:06:59.847491+00:00,batch_20260729_150659_a047a5
7850-VWJUU,0.3714,0,0.5,1.0.0,2026-07-29T15:06:59.847491+00:00,batch_20260729_150659_a047a5
3774-VBNXY,0.0024,0,0.5,1.0.0,2026-07-29T15:06:59.847491+00:00,batch_20260729_150659_a047a5
6217-KDYWC,0.0048,0,0.5,1.0.0,2026-07-29T15:06:59.847491+00:00,batch_20260729_150659_a047a5
0390-DCFDQ,0.6478,1,0.5,1.0.0,2026-07-29T15:06:59.847491+00:00,batch_20260729_150659_a047a5
3146-MSEGF,0.0127,0,0.5,1.0.0,2026-07-29T15:06:59.847491+00:00,batch_20260729_150659_a047a5
4080-OGPJL,0.3049,0,0.5,1.0.0,2026-07-29T15:06:59.847491+00:00,batch_20260729_150659_a047a5
1095-WGNGG,0.114,0,0.5,1.0.0,2026-07-29T15:06:59.847491+00:00,batch_20260729_150659_a047a5
2636-SJDOU,0.0733,0,0.5,1.0.0,2026-07-29T15:06:59.847491+00:00,batch_20260729_150659_a047a5
1131-QQZEB,0.0028,0,0.5,1.0.0,2026-07-29T15:06:59.847491+00:00,batch_20260729_150659_a047a5
5716-EZXZN,0.032,0,0.5,1.0.0,2026-07-29T15:06:59.847491+00:00,batch_20260729_150659_a047a5
6837-BJYDQ,0.0885,0,0.5,1.0.0,2026-07-29T15:06:59.847491+00:00,batch_20260729_150659_a047a5
2135-RXIHG,0.5274,1,0.5,1.0.0,2026-07-29T15:06:59.847491+00:00,batch_20260729_150659_a047a5
6440-DKQGE,0.0637,0,0.5,1.0.0,2026-07-29T15:06:59.847491+00:00,batch_20260729_150659_a047a5
3466-BYAVD,0.2195,0,0.5,1.0.0,2026-07-29T15:06:59.847491+00:00,batch_20260729_150659_a047a5
3780-YVMFA,0.4166,0,0.5,1.0.0,2026-07-29T15:06:59.847491+00:00,batch_20260729_150659_a047a5
3874-EQOEP,0.6676,1,0.5,1.0.0,2026-07-29T15:06:59.847491+00:00,batch_20260729_150659_a047a5
1679-JRFBR,0.1175,0,0.5,1.0.0,2026-07-29T15:06:59.847491+00:00,batch_20260729_150659_a047a5
9073-ZZIAY,0.013,0,0.5,1.0.0,2026-07-29T15:06:59.847491+00:00,batch_20260729_150659_a047a5
3077-RSNTJ,0.1282,0,0.5,1.0.0,2026-07-29T15:06:59.847491+00:00,batch_20260729_150659_a047a5
6551-GNYDG,0.5374,1,0.5,1.0.0,2026-07-29T15:06:59.847491+00:00,batch_20260729_150659_a047a5
9167-APMXZ,0.5785,1,0.5,1.0.0,2026-07-29T15:06:59.847491+00:00,batch_20260729_150659_a047a5
2749-CTKAJ,0.031,0,0.5,1.0.0,2026-07-29T15:06:59.847491+00:00,batch_20260729_150659_a047a5
6371-NZYEG,0.0492,0,0.5,1.0.0,2026-07-29T15:06:59.847491+00:00,batch_20260729_150659_a047a5
7554-NEWDD,0.0428,0,0.5,1.0.0,2026-07-29T15:06:59.847491+00:00,batch_20260729_150659_a047a5
8992-VONJD,0.2533,0,0.5,1.0.0,2026-07-29T15:06:59.847491+00:00,batch_20260729_150659_a047a5
0867-MKZVY,0.456,0,0.5,1.0.0,2026-07-29T15:06:59.847491+00:00,batch_20260729_150659_a047a5
4482-EWFMI,0.71,1,0.5,1.0.0,2026-07-29T15:06:59.847491+00:00,batch_20260729_150659_a047a5
4648-YPBTM,0.0275,0,0.5,1.0.0,2026-07-29T15:06:59.847491+00:00,batch_20260729_150659_a047a5
2907-ILJBN,0.0512,0,0.5,1.0.0,2026-07-29T15:06:59.847491+00:00,batch_20260729_150659_a047a5
6345-FZOQH,0.0024,0,0.5,1.0.0,2026-07-29T15:06:59.847491+00:00,batch_20260729_150659_a047a5
3376-BMGFE,0.611,1,0.5,1.0.0,2026-07-29T15:06:59.847491+00:00,batch_20260729_150659_a047a5
5997-OPVFA,0.0158,0,0.5,1.0.0,2026-07-29T15:06:59.847491+00:00,batch_20260729_150659_a047a5
3445-HXXGF,0.1763,0,0.5,1.0.0,2026-07-29T15:06:59.847491+00:00,batch_20260729_150659_a047a5
1159-WFSGR,0.1154,0,0.5,1.0.0,2026-07-29T15:06:59.847491+00:00,batch_20260729_150659_a047a5
7654-YWJUF,0.0898,0,0.5,1.0.0,2026-07-29T15:06:59.847491+00:00,batch_20260729_150659_a047a5
1875-QIVME,0.7673,1,0.5,1.0.0,2026-07-29T15:06:59.847491+00:00,batch_20260729_150659_a047a5
6727-IOTLZ,0.072,0,0.5,1.0.0,2026-07-29T15:06:59.847491+00:00,batch_20260729_150659_a047a5
0691-JVSYA,0.2174,0,0.5,1.0.0,2026-07-29T15:06:59.847491+00:00,batch_20260729_150659_a047a5
5918-VUKWP,0.0239,0,0.5,1.0.0,2026-07-29T15:06:59.847491+00:00,batch_20260729_150659_a047a5
1744-JHKYS,0.084,0,0.5,1.0.0,2026-07-29T15:06:59.847491+00:00,batch_20260729_150659_a047a5
2656-FMOKZ,0.5871,1,0.5,1.0.0,2026-07-29T15:06:59.847491+00:00,batch_20260729_150659_a047a5
2070-FNEXE,0.4039,0,0.5,1.0.0,2026-07-29T15:06:59.847491+00:00,batch_20260729_150659_a047a5
5947-SGKCL,0.6167,1,0.5,1.0.0,2026-07-29T15:06:59.847491+00:00,batch_20260729_150659_a047a5
3712-PKXZA,0.0094,0,0.5,1.0.0,2026-07-29T15:06:59.847491+00:00,batch_20260729_150659_a047a5
6317-YPKDH,0.4337,0,0.5,1.0.0,2026-07-29T15:06:59.847491+00:00,batch_20260729_150659_a047a5
6582-OIVSP,0.3489,0,0.5,1.0.0,2026-07-29T15:06:59.847491+00:00,batch_20260729_150659_a047a5
9367-WXLCH,0.5969,1,0.5,1.0.0,2026-07-29T15:06:59.847491+00:00,batch_20260729_150659_a047a5
5524-KHNJP,0.0648,0,0.5,1.0.0,2026-07-29T15:06:59.847491+00:00,batch_20260729_150659_a047a5
1918-ZBFQJ,0.6005,1,0.5,1.0.0,2026-07-29T15:06:59.847491+00:00,batch_20260729_150659_a047a5
1024-GUALD,0.6627,1,0.5,1.0.0,2026-07-29T15:06:59.847491+00:00,batch_20260729_150659_a047a5
4827-USJHP,0.2455,0,0.5,1.0.0,2026-07-29T15:06:59.847491+00:00,batch_20260729_150659_a047a5
8167-GJLRN,0.4435,0,0.5,1.0.0,2026-07-29T15:06:59.847491+00:00,batch_20260729_150659_a047a5
0956-SYCWG,0.0786,0,0.5,1.0.0,2026-07-29T15:06:59.847491+00:00,batch_20260729_150659_a047a5
8017-UVSZU,0.1147,0,0.5,1.0.0,2026-07-29T15:06:59.847491+00:00,batch_20260729_150659_a047a5
7100-FQPRV,0.047,0,0.5,1.0.0,2026-07-29T15:06:59.847491+00:00,batch_20260729_150659_a047a5
2472-OVKUP,0.7075,1,0.5,1.0.0,2026-07-29T15:06:59.847491+00:00,batch_20260729_150659_a047a5
2984-RGEYA,0.0018,0,0.5,1.0.0,2026-07-29T15:06:59.847491+00:00,batch_20260729_150659_a047a5
9680-NIAUV,0.0427,0,0.5,1.0.0,2026-07-29T15:06:59.847491+00:00,batch_20260729_150659_a047a5
2146-EGVDT,0.0028,0,0.5,1.0.0,2026-07-29T15:06:59.847491+00:00,batch_20260729_150659_a047a5
2604-IJPDU,0.4249,0,0.5,1.0.0,2026-07-29T15:06:59.847491+00:00,batch_20260729_150659_a047a5
9178-JHUVJ,0.027,0,0.5,1.0.0,2026-07-29T15:06:59.847491+00:00,batch_20260729_150659_a047a5
6168-YBYNP,0.3965,0,0.5,1.0.0,2026-07-29T15:06:59.847491+00:00,batch_20260729_150659_a047a5
7255-SSFBC,0.0592,0,0.5,1.0.0,2026-07-29T15:06:59.847491+00:00,batch_20260729_150659_a047a5
3645-DEYGF,0.156,0,0.5,1.0.0,2026-07-29T15:06:59.847491+00:00,batch_20260729_150659_a047a5
9323-HGFWY,0.2201,0,0.5,1.0.0,2026-07-29T15:06:59.847491+00:00,batch_20260729_150659_a047a5
8544-GOQSH,0.3884,0,0.5,1.0.0,2026-07-29T15:06:59.847491+00:00,batch_20260729_150659_a047a5
3363-DTIVD,0.065,0,0.5,1.0.0,2026-07-29T15:06:59.847491+00:00,batch_20260729_150659_a047a5
7018-WBJNK,0.5274,1,0.5,1.0.0,2026-07-29T15:06:59.847491+00:00,batch_20260729_150659_a047a5
9142-KZXOP,0.1997,0,0.5,1.0.0,2026-07-29T15:06:59.847491+00:00,batch_20260729_150659_a047a5
7674-YTAFD,0.1387,0,0.5,1.0.0,2026-07-29T15:06:59.847491+00:00,batch_20260729_150659_a047a5
6348-SNFUS,0.0087,0,0.5,1.0.0,2026-07-29T15:06:59.847491+00:00,batch_20260729_150659_a047a5
1285-OKIPP,0.684,1,0.5,1.0.0,2026-07-29T15:06:59.847491+00:00,batch_20260729_150659_a047a5
7825-ECJRF,0.5354,1,0.5,1.0.0,2026-07-29T15:06:59.847491+00:00,batch_20260729_150659_a047a5
1347-KTTTA,0.1132,0,0.5,1.0.0,2026-07-29T15:06:59.847491+00:00,batch_20260729_150659_a047a5
7841-TZDMQ,0.4193,0,0.5,1.0.0,2026-07-29T15:06:59.847491+00:00,batch_20260729_150659_a047a5
4195-NZGTA,0.5678,1,0.5,1.0.0,2026-07-29T15:06:59.847491+00:00,batch_20260729_150659_a047a5
7157-SMCFK,0.0026,0,0.5,1.0.0,2026-07-29T15:06:59.847491+00:00,batch_20260729_150659_a047a5
4709-LKHYG,0.0313,0,0.5,1.0.0,2026-07-29T15:06:59.847491+00:00,batch_20260729_150659_a047a5
2504-DSHIH,0.5836,1,0.5,1.0.0,2026-07-29T15:06:59.847491+00:00,batch_20260729_150659_a047a5
0699-NDKJM,0.137,0,0.5,1.0.0,2026-07-29T15:06:59.847491+00:00,batch_20260729_150659_a047a5
9286-BHDQG,0.0037,0,0.5,1.0.0,2026-07-29T15:06:59.847491+00:00,batch_20260729_150659_a047a5
0230-WEQUW,0.0137,0,0.5,1.0.0,2026-07-29T15:06:59.847491+00:00,batch_20260729_150659_a047a5
2040-LDIWQ,0.0203,0,0.5,1.0.0,2026-07-29T15:06:59.847491+00:00,batch_20260729_150659_a047a5
6496-JDSSB,0.6302,1,0.5,1.0.0,2026-07-29T15:06:59.847491+00:00,batch_20260729_150659_a047a5
9408-SSNVZ,0.6957,1,0.5,1.0.0,2026-07-29T15:06:59.847491+00:00,batch_20260729_150659_a047a5
4443-EMBNA,0.0029,0,0.5,1.0.0,2026-07-29T15:06:59.847491+00:00,batch_20260729_150659_a047a5
6469-MRVET,0.1506,0,0.5,1.0.0,2026-07-29T15:06:59.847491+00:00,batch_20260729_150659_a047a5
0742-MOABM,0.241,0,0.5,1.0.0,2026-07-29T15:06:59.847491+00:00,batch_20260729_150659_a047a5
5961-VUSRV,0.0828,0,0.5,1.0.0,2026-07-29T15:06:59.847491+00:00,batch_20260729_150659_a047a5
6778-JFCMK,0.2239,0,0.5,1.0.0,2026-07-29T15:06:59.847491+00:00,batch_20260729_150659_a047a5
6341-JVQGF,0.076,0,0.5,1.0.0,2026-07-29T15:06:59.847491+00:00,batch_20260729_150659_a047a5
2232-DMLXU,0.4012,0,0.5,1.0.0,2026-07-29T15:06:59.847491+00:00,batch_20260729_150659_a047a5
4811-JBUVU,0.4296,0,0.5,1.0.0,2026-07-29T15:06:59.847491+00:00,batch_20260729_150659_a047a5
0945-TSONX,0.0264,0,0.5,1.0.0,2026-07-29T15:06:59.847491+00:00,batch_20260729_150659_a047a5
2651-ZCBXV,0.0724,0,0.5,1.0.0,2026-07-29T15:06:59.847491+00:00,batch_20260729_150659_a047a5
3316-UWXUY,0.1709,0,0.5,1.0.0,2026-07-29T15:06:59.847491+00:00,batch_20260729_150659_a047a5
8937-RDTHP,0.6166,1,0.5,1.0.0,2026-07-29T15:06:59.847491+00:00,batch_20260729_150659_a047a5
7083-MIOPC,0.002,0,0.5,1.0.0,2026-07-29T15:06:59.847491+00:00,batch_20260729_150659_a047a5
1984-GPTEH,0.1032,0,0.5,1.0.0,2026-07-29T15:06:59.847491+00:00,batch_20260729_150659_a047a5
1251-KRREG,0.4494,0,0.5,1.0.0,2026-07-29T15:06:59.847491+00:00,batch_20260729_150659_a047a5
0621-JFHOL,0.1282,0,0.5,1.0.0,2026-07-29T15:06:59.847491+00:00,batch_20260729_150659_a047a5
9903-LYSAB,0.6407,1,0.5,1.0.0,2026-07-29T15:06:59.847491+00:00,batch_20260729_150659_a047a5
0094-OIFMO,0.7207,1,0.5,1.0.0,2026-07-29T15:06:59.847491+00:00,batch_20260729_150659_a047a5
9227-UAQFT,0.0267,0,0.5,1.0.0,2026-07-29T15:06:59.847491+00:00,batch_20260729_150659_a047a5
7301-ABVAD,0.0155,0,0.5,1.0.0,2026-07-29T15:06:59.847491+00:00,batch_20260729_150659_a047a5
6614-FHDBO,0.0479,0,0.5,1.0.0,2026-07-29T15:06:59.847491+00:00,batch_20260729_150659_a047a5
7576-ASEJU,0.0505,0,0.5,1.0.0,2026-07-29T15:06:59.847491+00:00,batch_20260729_150659_a047a5
9058-HRZSV,0.1699,0,0.5,1.0.0,2026-07-29T15:06:59.847491+00:00,batch_20260729_150659_a047a5
4522-AKYLR,0.3778,0,0.5,1.0.0,2026-07-29T15:06:59.847491+00:00,batch_20260729_150659_a047a5
0221-WMXNQ,0.5211,1,0.5,1.0.0,2026-07-29T15:06:59.847491+00:00,batch_20260729_150659_a047a5
0303-UNCIP,0.0826,0,0.5,1.0.0,2026-07-29T15:06:59.847491+00:00,batch_20260729_150659_a047a5
9947-OTFQU,0.5718,1,0.5,1.0.0,2026-07-29T15:06:59.847491+00:00,batch_20260729_150659_a047a5
0322-YINQP,0.3563,0,0.5,1.0.0,2026-07-29T15:06:59.847491+00:00,batch_20260729_150659_a047a5
0959-WHOKV,0.2667,0,0.5,1.0.0,2026-07-29T15:06:59.847491+00:00,batch_20260729_150659_a047a5
4075-JFPGR,0.1632,0,0.5,1.0.0,2026-07-29T15:06:59.847491+00:00,batch_20260729_150659_a047a5
4629-NRXKX,0.5703,1,0.5,1.0.0,2026-07-29T15:06:59.847491+00:00,batch_20260729_150659_a047a5
9514-JDSKI,0.584,1,0.5,1.0.0,2026-07-29T15:06:59.847491+00:00,batch_20260729_150659_a047a5
3282-ZISZV,0.07,0,0.5,1.0.0,2026-07-29T15:06:59.847491+00:00,batch_20260729_150659_a047a5
3675-YDUPJ,0.185,0,0.5,1.0.0,2026-07-29T15:06:59.847491+00:00,batch_20260729_150659_a047a5
4111-BNXIF,0.0281,0,0.5,1.0.0,2026-07-29T15:06:59.847491+00:00,batch_20260729_150659_a047a5
7017-VFHAY,0.0386,0,0.5,1.0.0,2026-07-29T15:06:59.847491+00:00,batch_20260729_150659_a047a5
6655-LHBYW,0.1128,0,0.5,1.0.0,2026-07-29T15:06:59.847491+00:00,batch_20260729_150659_a047a5
4959-JOSRX,0.4199,0,0.5,1.0.0,2026-07-29T15:06:59.847491+00:00,batch_20260729_150659_a047a5
5046-NUHWD,0.3575,0,0.5,1.0.0,2026-07-29T15:06:59.847491+00:00,batch_20260729_150659_a047a5
7273-TEFQD,0.697,1,0.5,1.0.0,2026-07-29T15:06:59.847491+00:00,batch_20260729_150659_a047a5
3606-TWKGI,0.7592,1,0.5,1.0.0,2026-07-29T15:06:59.847491+00:00,batch_20260729_150659_a047a5
7529-ZDFXI,0.3797,0,0.5,1.0.0,2026-07-29T15:06:59.847491+00:00,batch_20260729_150659_a047a5
7605-BDWDC,0.0463,0,0.5,1.0.0,2026-07-29T15:06:59.847491+00:00,batch_20260729_150659_a047a5
1950-KSVVJ,0.1278,0,0.5,1.0.0,2026-07-29T15:06:59.847491+00:00,batch_20260729_150659_a047a5
0123-CRBRT,0.0129,0,0.5,1.0.0,2026-07-29T15:06:59.847491+00:00,batch_20260729_150659_a047a5
6292-TOSSS,0.0071,0,0.5,1.0.0,2026-07-29T15:06:59.847491+00:00,batch_20260729_150659_a047a5
3197-ARFOY,0.412,0,0.5,1.0.0,2026-07-29T15:06:59.847491+00:00,batch_20260729_150659_a047a5
6323-AYBRX,0.0037,0,0.5,1.0.0,2026-07-29T15:06:59.847491+00:00,batch_20260729_150659_a047a5
7014-ZZXAW,0.0041,0,0.5,1.0.0,2026-07-29T15:06:59.847491+00:00,batch_20260729_150659_a047a5
4385-GZQXV,0.6287,1,0.5,1.0.0,2026-07-29T15:06:59.847491+00:00,batch_20260729_150659_a047a5
7633-MVPUY,0.0133,0,0.5,1.0.0,2026-07-29T15:06:59.847491+00:00,batch_20260729_150659_a047a5
6366-ZGQGL,0.4723,0,0.5,1.0.0,2026-07-29T15:06:59.847491+00:00,batch_20260729_150659_a047a5
4716-HHKQH,0.5443,1,0.5,1.0.0,2026-07-29T15:06:59.847491+00:00,batch_20260729_150659_a047a5
5940-AHUHD,0.5511,1,0.5,1.0.0,2026-07-29T15:06:59.847491+00:00,batch_20260729_150659_a047a5
6432-TWQLB,0.6168,1,0.5,1.0.0,2026-07-29T15:06:59.847491+00:00,batch_20260729_150659_a047a5
4484-GLZOU,0.5363,1,0.5,1.0.0,2026-07-29T15:06:59.847491+00:00,batch_20260729_150659_a047a5
3179-GBRWV,0.2205,0,0.5,1.0.0,2026-07-29T15:06:59.847491+00:00,batch_20260729_150659_a047a5
8645-KWHJO,0.5526,1,0.5,1.0.0,2026-07-29T15:06:59.847491+00:00,batch_20260729_150659_a047a5
4130-MZLCC,0.2727,0,0.5,1.0.0,2026-07-29T15:06:59.847491+00:00,batch_20260729_150659_a047a5
0314-TKOSI,0.21,0,0.5,1.0.0,2026-07-29T15:06:59.847491+00:00,batch_20260729_150659_a047a5
8229-MYEJZ,0.3116,0,0.5,1.0.0,2026-07-29T15:06:59.847491+00:00,batch_20260729_150659_a047a5
2080-SRCDE,0.1879,0,0.5,1.0.0,2026-07-29T15:06:59.847491+00:00,batch_20260729_150659_a047a5
9577-WJVCQ,0.0346,0,0.5,1.0.0,2026-07-29T15:06:59.847491+00:00,batch_20260729_150659_a047a5
9512-UIBFX,0.4885,0,0.5,1.0.0,2026-07-29T15:06:59.847491+00:00,batch_20260729_150659_a047a5
6202-DYYFX,0.3348,0,0.5,1.0.0,2026-07-29T15:06:59.847491+00:00,batch_20260729_150659_a047a5
3808-HFKDE,0.34,0,0.5,1.0.0,2026-07-29T15:06:59.847491+00:00,batch_20260729_150659_a047a5
5583-SXDAG,0.6345,1,0.5,1.0.0,2026-07-29T15:06:59.847491+00:00,batch_20260729_150659_a047a5
3488-PGMQJ,0.6315,1,0.5,1.0.0,2026-07-29T15:06:59.847491+00:00,batch_20260729_150659_a047a5
3580-REOAC,0.3408,0,0.5,1.0.0,2026-07-29T15:06:59.847491+00:00,batch_20260729_150659_a047a5
7534-BFESC,0.592,1,0.5,1.0.0,2026-07-29T15:06:59.847491+00:00,batch_20260729_150659_a047a5
3727-OWVYD,0.04,0,0.5,1.0.0,2026-07-29T15:06:59.847491+00:00,batch_20260729_150659_a047a5
2294-SALNE,0.1146,0,0.5,1.0.0,2026-07-29T15:06:59.847491+00:00,batch_20260729_150659_a047a5
4847-TAJYI,0.7737,1,0.5,1.0.0,2026-07-29T15:06:59.847491+00:00,batch_20260729_150659_a047a5
1563-IWQEX,0.1221,0,0.5,1.0.0,2026-07-29T15:06:59.847491+00:00,batch_20260729_150659_a047a5
8203-XJZRC,0.1894,0,0.5,1.0.0,2026-07-29T15:06:59.847491+00:00,batch_20260729_150659_a047a5
6556-DBKZF,0.0312,0,0.5,1.0.0,2026-07-29T15:06:59.847491+00:00,batch_20260729_150659_a047a5
6851-WEFYX,0.6613,1,0.5,1.0.0,2026-07-29T15:06:59.847491+00:00,batch_20260729_150659_a047a5
2985-JUUBZ,0.3207,0,0.5,1.0.0,2026-07-29T15:06:59.847491+00:00,batch_20260729_150659_a047a5
6390-DSAZX,0.4996,0,0.5,1.0.0,2026-07-29T15:06:59.847491+00:00,batch_20260729_150659_a047a5
0895-LMRSF,0.1979,0,0.5,1.0.0,2026-07-29T15:06:59.847491+00:00,batch_20260729_150659_a047a5
8098-LLAZX,0.8212,1,0.5,1.0.0,2026-07-29T15:06:59.847491+00:00,batch_20260729_150659_a047a5
8266-VBFQL,0.6629,1,0.5,1.0.0,2026-07-29T15:06:59.847491+00:00,batch_20260729_150659_a047a5
8181-YHCMF,0.0124,0,0.5,1.0.0,2026-07-29T15:06:59.847491+00:00,batch_20260729_150659_a047a5
2240-HSJQD,0.3229,0,0.5,1.0.0,2026-07-29T15:06:59.847491+00:00,batch_20260729_150659_a047a5
1248-DYXUB,0.0054,0,0.5,1.0.0,2026-07-29T15:06:59.847491+00:00,batch_20260729_150659_a047a5
0265-EDXBD,0.5263,1,0.5,1.0.0,2026-07-29T15:06:59.847491+00:00,batch_20260729_150659_a047a5
4115-BNPJY,0.0389,0,0.5,1.0.0,2026-07-29T15:06:59.847491+00:00,batch_20260729_150659_a047a5
3167-SNQPL,0.448,0,0.5,1.0.0,2026-07-29T15:06:59.847491+00:00,batch_20260729_150659_a047a5
4091-TVOCN,0.0725,0,0.5,1.0.0,2026-07-29T15:06:59.847491+00:00,batch_20260729_150659_a047a5
1098-TDVUQ,0.2479,0,0.5,1.0.0,2026-07-29T15:06:59.847491+00:00,batch_20260729_150659_a047a5
7277-OZCGZ,0.4364,0,0.5,1.0.0,2026-07-29T15:06:59.847491+00:00,batch_20260729_150659_a047a5
1557-EMYVT,0.0716,0,0.5,1.0.0,2026-07-29T15:06:59.847491+00:00,batch_20260729_150659_a047a5
2799-ARNLO,0.6899,1,0.5,1.0.0,2026-07-29T15:06:59.847491+00:00,batch_20260729_150659_a047a5
7563-BIUPC,0.7354,1,0.5,1.0.0,2026-07-29T15:06:59.847491+00:00,batch_20260729_150659_a047a5
5027-YOCXN,0.0857,0,0.5,1.0.0,2026-07-29T15:06:59.847491+00:00,batch_20260729_150659_a047a5
3973-SKMLN,0.003,0,0.5,1.0.0,2026-07-29T15:06:59.847491+00:00,batch_20260729_150659_a047a5
2321-OMBXY,0.0336,0,0.5,1.0.0,2026-07-29T15:06:59.847491+00:00,batch_20260729_150659_a047a5
2840-XANRC,0.6702,1,0.5,1.0.0,2026-07-29T15:06:59.847491+00:00,batch_20260729_150659_a047a5
6745-JEFZB,0.3966,0,0.5,1.0.0,2026-07-29T15:06:59.847491+00:00,batch_20260729_150659_a047a5
5020-ZSTTY,0.0315,0,0.5,1.0.0,2026-07-29T15:06:59.847491+00:00,batch_20260729_150659_a047a5
9880-TDQAC,0.0228,0,0.5,1.0.0,2026-07-29T15:06:59.847491+00:00,batch_20260729_150659_a047a5
8705-WZCYL,0.5261,1,0.5,1.0.0,2026-07-29T15:06:59.847491+00:00,batch_20260729_150659_a047a5
7102-JJVTX,0.0901,0,0.5,1.0.0,2026-07-29T15:06:59.847491+00:00,batch_20260729_150659_a047a5
8626-PTQGE,0.0157,0,0.5,1.0.0,2026-07-29T15:06:59.847491+00:00,batch_20260729_150659_a047a5
4983-CLMLV,0.3107,0,0.5,1.0.0,2026-07-29T15:06:59.847491+00:00,batch_20260729_150659_a047a5
5701-YVSVF,0.6005,1,0.5,1.0.0,2026-07-29T15:06:59.847491+00:00,batch_20260729_150659_a047a5
5804-LEPIM,0.711,1,0.5,1.0.0,2026-07-29T15:06:59.847491+00:00,batch_20260729_150659_a047a5
5697-GOMBF,0.3765,0,0.5,1.0.0,2026-07-29T15:06:59.847491+00:00,batch_20260729_150659_a047a5
2739-CACDQ,0.5733,1,0.5,1.0.0,2026-07-29T15:06:59.847491+00:00,batch_20260729_150659_a047a5
9385-EHGDO,0.0135,0,0.5,1.0.0,2026-07-29T15:06:59.847491+00:00,batch_20260729_150659_a047a5
9498-FIMXL,0.1023,0,0.5,1.0.0,2026-07-29T15:06:59.847491+00:00,batch_20260729_150659_a047a5
2379-GYFLQ,0.2233,0,0.5,1.0.0,2026-07-29T15:06:59.847491+00:00,batch_20260729_150659_a047a5
0122-OAHPZ,0.7207,1,0.5,1.0.0,2026-07-29T15:06:59.847491+00:00,batch_20260729_150659_a047a5
2868-SNELZ,0.6007,1,0.5,1.0.0,2026-07-29T15:06:59.847491+00:00,batch_20260729_150659_a047a5
4322-RCYMT,0.027,0,0.5,1.0.0,2026-07-29T15:06:59.847491+00:00,batch_20260729_150659_a047a5
6680-NENYN,0.2604,0,0.5,1.0.0,2026-07-29T15:06:59.847491+00:00,batch_20260729_150659_a047a5
2088-IEBAU,0.0268,0,0.5,1.0.0,2026-07-29T15:06:59.847491+00:00,batch_20260729_150659_a047a5
7982-VCELR,0.4605,0,0.5,1.0.0,2026-07-29T15:06:59.847491+00:00,batch_20260729_150659_a047a5
1343-EHPYB,0.4504,0,0.5,1.0.0,2026-07-29T15:06:59.847491+00:00,batch_20260729_150659_a047a5
6035-BXTTY,0.0825,0,0.5,1.0.0,2026-07-29T15:06:59.847491+00:00,batch_20260729_150659_a047a5
6885-PKOAM,0.0108,0,0.5,1.0.0,2026-07-29T15:06:59.847491+00:00,batch_20260729_150659_a047a5
7520-HQWJU,0.0455,0,0.5,1.0.0,2026-07-29T15:06:59.847491+00:00,batch_20260729_150659_a047a5
9639-BUJXT,0.0061,0,0.5,1.0.0,2026-07-29T15:06:59.847491+00:00,batch_20260729_150659_a047a5
5924-SNGKP,0.0183,0,0.5,1.0.0,2026-07-29T15:06:59.847491+00:00,batch_20260729_150659_a047a5
0021-IKXGC,0.758,1,0.5,1.0.0,2026-07-29T15:06:59.847491+00:00,batch_20260729_150659_a047a5
2034-GDRCN,0.7937,1,0.5,1.0.0,2026-07-29T15:06:59.847491+00:00,batch_20260729_150659_a047a5
8966-SNIZF,0.0021,0,0.5,1.0.0,2026-07-29T15:06:59.847491+00:00,batch_20260729_150659_a047a5
6243-OZGFH,0.5515,1,0.5,1.0.0,2026-07-29T15:06:59.847491+00:00,batch_20260729_150659_a047a5
4654-DLAMQ,0.0685,0,0.5,1.0.0,2026-07-29T15:06:59.847491+00:00,batch_20260729_150659_a047a5
0513-RBGPE,0.0216,0,0.5,1.0.0,2026-07-29T15:06:59.847491+00:00,batch_20260729_150659_a047a5
5160-UXJED,0.0898,0,0.5,1.0.0,2026-07-29T15:06:59.847491+00:00,batch_20260729_150659_a047a5
4115-NZRKS,0.7647,1,0.5,1.0.0,2026-07-29T15:06:59.847491+00:00,batch_20260729_150659_a047a5
0219-YTZUE,0.5789,1,0.5,1.0.0,2026-07-29T15:06:59.847491+00:00,batch_20260729_150659_a047a5
0623-IIHUG,0.4261,0,0.5,1.0.0,2026-07-29T15:06:59.847491+00:00,batch_20260729_150659_a047a5
4572-DVCGN,0.6236,1,0.5,1.0.0,2026-07-29T15:06:59.847491+00:00,batch_20260729_150659_a047a5
3351-NGXYI,0.3555,0,0.5,1.0.0,2026-07-29T15:06:59.847491+00:00,batch_20260729_150659_a047a5
8984-EYLLL,0.1149,0,0.5,1.0.0,2026-07-29T15:06:59.847491+00:00,batch_20260729_150659_a047a5
9057-MSWCO,0.1672,0,0.5,1.0.0,2026-07-29T15:06:59.847491+00:00,batch_20260729_150659_a047a5
9833-TGFHX,0.2062,0,0.5,1.0.0,2026-07-29T15:06:59.847491+00:00,batch_20260729_150659_a047a5
9294-TDIPC,0.1322,0,0.5,1.0.0,2026-07-29T15:06:59.847491+00:00,batch_20260729_150659_a047a5
5229-DTFYB,0.1035,0,0.5,1.0.0,2026-07-29T15:06:59.847491+00:00,batch_20260729_150659_a047a5
0104-PPXDV,0.0242,0,0.5,1.0.0,2026-07-29T15:06:59.847491+00:00,batch_20260729_150659_a047a5
5176-LMJXE,0.0097,0,0.5,1.0.0,2026-07-29T15:06:59.847491+00:00,batch_20260729_150659_a047a5
3583-KRKMD,0.3966,0,0.5,1.0.0,2026-07-29T15:06:59.847491+00:00,batch_20260729_150659_a047a5
1010-DIAUQ,0.6249,1,0.5,1.0.0,2026-07-29T15:06:59.847491+00:00,batch_20260729_150659_a047a5
9069-LGEUL,0.233,0,0.5,1.0.0,2026-07-29T15:06:59.847491+00:00,batch_20260729_150659_a047a5
7302-ZHMHP,0.1883,0,0.5,1.0.0,2026-07-29T15:06:59.847491+00:00,batch_20260729_150659_a047a5
9571-EDEBV,0.1764,0,0.5,1.0.0,2026-07-29T15:06:59.847491+00:00,batch_20260729_150659_a047a5
3520-FJGCV,0.0415,0,0.5,1.0.0,2026-07-29T15:06:59.847491+00:00,batch_20260729_150659_a047a5
6563-VRERX,0.0191,0,0.5,1.0.0,2026-07-29T15:06:59.847491+00:00,batch_20260729_150659_a047a5
0259-GBZSH,0.7937,1,0.5,1.0.0,2026-07-29T15:06:59.847491+00:00,batch_20260729_150659_a047a5
6122-EFVKN,0.0298,0,0.5,1.0.0,2026-07-29T15:06:59.847491+00:00,batch_20260729_150659_a047a5
2805-EDJPQ,0.1091,0,0.5,1.0.0,2026-07-29T15:06:59.847491+00:00,batch_20260729_150659_a047a5
6862-CQUMB,0.4545,0,0.5,1.0.0,2026-07-29T15:06:59.847491+00:00,batch_20260729_150659_a047a5
7156-MXBJE,0.0651,0,0.5,1.0.0,2026-07-29T15:06:59.847491+00:00,batch_20260729_150659_a047a5
6158-HDPXZ,0.4838,0,0.5,1.0.0,2026-07-29T15:06:59.847491+00:00,batch_20260729_150659_a047a5
9601-BRXPO,0.545,1,0.5,1.0.0,2026-07-29T15:06:59.847491+00:00,batch_20260729_150659_a047a5
2863-IMQDR,0.0216,0,0.5,1.0.0,2026-07-29T15:06:59.847491+00:00,batch_20260729_150659_a047a5
5686-CMAWK,0.2862,0,0.5,1.0.0,2026-07-29T15:06:59.847491+00:00,batch_20260729_150659_a047a5
5651-CRHKQ,0.1136,0,0.5,1.0.0,2026-07-29T15:06:59.847491+00:00,batch_20260729_150659_a047a5
6905-NIQIN,0.3146,0,0.5,1.0.0,2026-07-29T15:06:59.847491+00:00,batch_20260729_150659_a047a5
8204-YJCLA,0.0123,0,0.5,1.0.0,2026-07-29T15:06:59.847491+00:00,batch_20260729_150659_a047a5
5167-ZFFMM,0.6997,1,0.5,1.0.0,2026-07-29T15:06:59.847491+00:00,batch_20260729_150659_a047a5
6583-SZVGP,0.1698,0,0.5,1.0.0,2026-07-29T15:06:59.847491+00:00,batch_20260729_150659_a047a5
4895-TMWIR,0.129,0,0.5,1.0.0,2026-07-29T15:06:59.847491+00:00,batch_20260729_150659_a047a5
0533-BNWKF,0.3499,0,0.5,1.0.0,2026-07-29T15:06:59.847491+00:00,batch_20260729_150659_a047a5
1708-PBBOA,0.0867,0,0.5,1.0.0,2026-07-29T15:06:59.847491+00:00,batch_20260729_150659_a047a5
8782-LKFPK,0.4484,0,0.5,1.0.0,2026-07-29T15:06:59.847491+00:00,batch_20260729_150659_a047a5
5522-JBWMO,0.3702,0,0.5,1.0.0,2026-07-29T15:06:59.847491+00:00,batch_20260729_150659_a047a5
3597-MVHJT,0.6178,1,0.5,1.0.0,2026-07-29T15:06:59.847491+00:00,batch_20260729_150659_a047a5
9774-NRNAU,0.2765,0,0.5,1.0.0,2026-07-29T15:06:59.847491+00:00,batch_20260729_150659_a047a5
0224-RLWWD,0.5152,1,0.5,1.0.0,2026-07-29T15:06:59.847491+00:00,batch_20260729_150659_a047a5
9967-ATRFS,0.0916,0,0.5,1.0.0,2026-07-29T15:06:59.847491+00:00,batch_20260729_150659_a047a5
3951-NJCVI,0.6026,1,0.5,1.0.0,2026-07-29T15:06:59.847491+00:00,batch_20260729_150659_a047a5
2977-CEBSX,0.0195,0,0.5,1.0.0,2026-07-29T15:06:59.847491+00:00,batch_20260729_150659_a047a5
0177-PXBAT,0.4211,0,0.5,1.0.0,2026-07-29T15:06:59.847491+00:00,batch_20260729_150659_a047a5
6599-CEBNN,0.3224,0,0.5,1.0.0,2026-07-29T15:06:59.847491+00:00,batch_20260729_150659_a047a5
2519-ERQOJ,0.3724,0,0.5,1.0.0,2026-07-29T15:06:59.847491+00:00,batch_20260729_150659_a047a5
5876-QMYLD,0.0295,0,0.5,1.0.0,2026-07-29T15:06:59.847491+00:00,batch_20260729_150659_a047a5
2277-AXSDC,0.0236,0,0.5,1.0.0,2026-07-29T15:06:59.847491+00:00,batch_20260729_150659_a047a5
9442-JTWDL,0.0599,0,0.5,1.0.0,2026-07-29T15:06:59.847491+00:00,batch_20260729_150659_a047a5
0979-PHULV,0.2931,0,0.5,1.0.0,2026-07-29T15:06:59.847491+00:00,batch_20260729_150659_a047a5
3067-SVMTC,0.0087,0,0.5,1.0.0,2026-07-29T15:06:59.847491+00:00,batch_20260729_150659_a047a5
5495-GPSRW,0.0331,0,0.5,1.0.0,2026-07-29T15:06:59.847491+00:00,batch_20260729_150659_a047a5
7606-BPHHN,0.0029,0,0.5,1.0.0,2026-07-29T15:06:59.847491+00:00,batch_20260729_150659_a047a5
4742-DRORA,0.115,0,0.5,1.0.0,2026-07-29T15:06:59.847491+00:00,batch_20260729_150659_a047a5
0111-KLBQG,0.4279,0,0.5,1.0.0,2026-07-29T15:06:59.847491+00:00,batch_20260729_150659_a047a5
4800-VHZKI,0.2567,0,0.5,1.0.0,2026-07-29T15:06:59.847491+00:00,batch_20260729_150659_a047a5
7989-CHGTL,0.2564,0,0.5,1.0.0,2026-07-29T15:06:59.847491+00:00,batch_20260729_150659_a047a5
0334-GDDSO,0.7201,1,0.5,1.0.0,2026-07-29T15:06:59.847491+00:00,batch_20260729_150659_a047a5
4163-NCJAK,0.024,0,0.5,1.0.0,2026-07-29T15:06:59.847491+00:00,batch_20260729_150659_a047a5
5233-AOZUF,0.5555,1,0.5,1.0.0,2026-07-29T15:06:59.847491+00:00,batch_20260729_150659_a047a5
5973-EJGDP,0.2788,0,0.5,1.0.0,2026-07-29T15:06:59.847491+00:00,batch_20260729_150659_a047a5
1996-DBMUS,0.2639,0,0.5,1.0.0,2026-07-29T15:06:59.847491+00:00,batch_20260729_150659_a047a5
7916-VCCPB,0.3229,0,0.5,1.0.0,2026-07-29T15:06:59.847491+00:00,batch_20260729_150659_a047a5
4686-GEFRM,0.0506,0,0.5,1.0.0,2026-07-29T15:06:59.847491+00:00,batch_20260729_150659_a047a5
5249-QYHEX,0.014,0,0.5,1.0.0,2026-07-29T15:06:59.847491+00:00,batch_20260729_150659_a047a5
0578-SKVMF,0.4294,0,0.5,1.0.0,2026-07-29T15:06:59.847491+00:00,batch_20260729_150659_a047a5
5564-NEMQO,0.6373,1,0.5,1.0.0,2026-07-29T15:06:59.847491+00:00,batch_20260729_150659_a047a5
2233-FAGXV,0.2236,0,0.5,1.0.0,2026-07-29T15:06:59.847491+00:00,batch_20260729_150659_a047a5
5605-IYGFG,0.5862,1,0.5,1.0.0,2026-07-29T15:06:59.847491+00:00,batch_20260729_150659_a047a5
7663-ZTEGJ,0.1461,0,0.5,1.0.0,2026-07-29T15:06:59.847491+00:00,batch_20260729_150659_a047a5
3935-TBRZZ,0.0152,0,0.5,1.0.0,2026-07-29T15:06:59.847491+00:00,batch_20260729_150659_a047a5
8111-BKVDS,0.2754,0,0.5,1.0.0,2026-07-29T15:06:59.847491+00:00,batch_20260729_150659_a047a5
2055-SIFSS,0.0738,0,0.5,1.0.0,2026-07-29T15:06:59.847491+00:00,batch_20260729_150659_a047a5
2806-MLNTI,0.2548,0,0.5,1.0.0,2026-07-29T15:06:59.847491+00:00,batch_20260729_150659_a047a5
8734-DKSTZ,0.6224,1,0.5,1.0.0,2026-07-29T15:06:59.847491+00:00,batch_20260729_150659_a047a5
4360-PNRQB,0.5551,1,0.5,1.0.0,2026-07-29T15:06:59.847491+00:00,batch_20260729_150659_a047a5
6152-ONASV,0.0111,0,0.5,1.0.0,2026-07-29T15:06:59.847491+00:00,batch_20260729_150659_a047a5
9063-ZGTUY,0.0165,0,0.5,1.0.0,2026-07-29T15:06:59.847491+00:00,batch_20260729_150659_a047a5
7781-HVGMK,0.0123,0,0.5,1.0.0,2026-07-29T15:06:59.847491+00:00,batch_20260729_150659_a047a5
2181-UAESM,0.3377,0,0.5,1.0.0,2026-07-29T15:06:59.847491+00:00,batch_20260729_150659_a047a5
2957-LOLHO,0.3265,0,0.5,1.0.0,2026-07-29T15:06:59.847491+00:00,batch_20260729_150659_a047a5
6048-NJXHX,0.0182,0,0.5,1.0.0,2026-07-29T15:06:59.847491+00:00,batch_20260729_150659_a047a5
2320-SLKMB,0.2818,0,0.5,1.0.0,2026-07-29T15:06:59.847491+00:00,batch_20260729_150659_a047a5
4980-URKXC,0.0201,0,0.5,1.0.0,2026-07-29T15:06:59.847491+00:00,batch_20260729_150659_a047a5
4376-KFVRS,0.0451,0,0.5,1.0.0,2026-07-29T15:06:59.847491+00:00,batch_20260729_150659_a047a5
5886-VLQVU,0.3987,0,0.5,1.0.0,2026-07-29T15:06:59.847491+00:00,batch_20260729_150659_a047a5
3577-AMVUX,0.2638,0,0.5,1.0.0,2026-07-29T15:06:59.847491+00:00,batch_20260729_150659_a047a5
0771-WLCLA,0.5723,1,0.5,1.0.0,2026-07-29T15:06:59.847491+00:00,batch_20260729_150659_a047a5
5628-RKIFK,0.3051,0,0.5,1.0.0,2026-07-29T15:06:59.847491+00:00,batch_20260729_150659_a047a5
0206-TBWLC,0.149,0,0.5,1.0.0,2026-07-29T15:06:59.847491+00:00,batch_20260729_150659_a047a5
2937-FTHUR,0.2633,0,0.5,1.0.0,2026-07-29T15:06:59.847491+00:00,batch_20260729_150659_a047a5
1910-FMXJM,0.4165,0,0.5,1.0.0,2026-07-29T15:06:59.847491+00:00,batch_20260729_150659_a047a5
7752-XUSCI,0.4773,0,0.5,1.0.0,2026-07-29T15:06:59.847491+00:00,batch_20260729_150659_a047a5
4110-PFEUZ,0.5495,1,0.5,1.0.0,2026-07-29T15:06:59.847491+00:00,batch_20260729_150659_a047a5
0732-OCQOC,0.0078,0,0.5,1.0.0,2026-07-29T15:06:59.847491+00:00,batch_20260729_150659_a047a5
5168-MSWXT,0.7225,1,0.5,1.0.0,2026-07-29T15:06:59.847491+00:00,batch_20260729_150659_a047a5
1090-ESELR,0.0207,0,0.5,1.0.0,2026-07-29T15:06:59.847491+00:00,batch_20260729_150659_a047a5
8592-PLTMQ,0.0078,0,0.5,1.0.0,2026-07-29T15:06:59.847491+00:00,batch_20260729_150659_a047a5
5760-WRAHC,0.1852,0,0.5,1.0.0,2026-07-29T15:06:59.847491+00:00,batch_20260729_150659_a047a5
8847-GEOOQ,0.118,0,0.5,1.0.0,2026-07-29T15:06:59.847491+00:00,batch_20260729_150659_a047a5
0256-LTHVJ,0.5165,1,0.5,1.0.0,2026-07-29T15:06:59.847491+00:00,batch_20260729_150659_a047a5
4785-FCIFB,0.0045,0,0.5,1.0.0,2026-07-29T15:06:59.847491+00:00,batch_20260729_150659_a047a5
8313-NDOIA,0.6968,1,0.5,1.0.0,2026-07-29T15:06:59.847491+00:00,batch_20260729_150659_a047a5
5149-CUZUJ,0.1229,0,0.5,1.0.0,2026-07-29T15:06:59.847491+00:00,batch_20260729_150659_a047a5
0942-KOWSM,0.0328,0,0.5,1.0.0,2026-07-29T15:06:59.847491+00:00,batch_20260729_150659_a047a5
4237-CLSMM,0.1838,0,0.5,1.0.0,2026-07-29T15:06:59.847491+00:00,batch_20260729_150659_a047a5
1452-VOQCH,0.7615,1,0.5,1.0.0,2026-07-29T15:06:59.847491+00:00,batch_20260729_150659_a047a5
4719-UMSIY,0.1265,0,0.5,1.0.0,2026-07-29T15:06:59.847491+00:00,batch_20260729_150659_a047a5
6614-VBEGU,0.3112,0,0.5,1.0.0,2026-07-29T15:06:59.847491+00:00,batch_20260729_150659_a047a5
0880-TKATG,0.7141,1,0.5,1.0.0,2026-07-29T15:06:59.847491+00:00,batch_20260729_150659_a047a5
3811-VBYBZ,0.7813,1,0.5,1.0.0,2026-07-29T15:06:59.847491+00:00,batch_20260729_150659_a047a5
1480-BKXGA,0.0572,0,0.5,1.0.0,2026-07-29T15:06:59.847491+00:00,batch_20260729_150659_a047a5
2996-XAUVF,0.0153,0,0.5,1.0.0,2026-07-29T15:06:59.847491+00:00,batch_20260729_150659_a047a5
9076-AXYIK,0.0868,0,0.5,1.0.0,2026-07-29T15:06:59.847491+00:00,batch_20260729_150659_a047a5
5968-XQIVE,0.1288,0,0.5,1.0.0,2026-07-29T15:06:59.847491+00:00,batch_20260729_150659_a047a5
8896-RAZCR,0.0059,0,0.5,1.0.0,2026-07-29T15:06:59.847491+00:00,batch_20260729_150659_a047a5
4640-UHDOS,0.3253,0,0.5,1.0.0,2026-07-29T15:06:59.847491+00:00,batch_20260729_150659_a047a5
4933-IKULF,0.0485,0,0.5,1.0.0,2026-07-29T15:06:59.847491+00:00,batch_20260729_150659_a047a5
3583-EKAPL,0.5839,1,0.5,1.0.0,2026-07-29T15:06:59.847491+00:00,batch_20260729_150659_a047a5
1304-BCCFO,0.4851,0,0.5,1.0.0,2026-07-29T15:06:59.847491+00:00,batch_20260729_150659_a047a5
4104-PVRPS,0.0941,0,0.5,1.0.0,2026-07-29T15:06:59.847491+00:00,batch_20260729_150659_a047a5
9399-APLBT,0.6338,1,0.5,1.0.0,2026-07-29T15:06:59.847491+00:00,batch_20260729_150659_a047a5
2359-KMGLI,0.5606,1,0.5,1.0.0,2026-07-29T15:06:59.847491+00:00,batch_20260729_150659_a047a5
3780-DDGSE,0.2055,0,0.5,1.0.0,2026-07-29T15:06:59.847491+00:00,batch_20260729_150659_a047a5
4431-EDMIQ,0.2676,0,0.5,1.0.0,2026-07-29T15:06:59.847491+00:00,batch_20260729_150659_a047a5
0306-JAELE,0.7012,1,0.5,1.0.0,2026-07-29T15:06:59.847491+00:00,batch_20260729_150659_a047a5
6227-HWPWX,0.3578,0,0.5,1.0.0,2026-07-29T15:06:59.847491+00:00,batch_20260729_150659_a047a5
0486-LGCCH,0.0271,0,0.5,1.0.0,2026-07-29T15:06:59.847491+00:00,batch_20260729_150659_a047a5
0447-BEMNG,0.1516,0,0.5,1.0.0,2026-07-29T15:06:59.847491+00:00,batch_20260729_150659_a047a5
4612-SSVHJ,0.6396,1,0.5,1.0.0,2026-07-29T15:06:59.847491+00:00,batch_20260729_150659_a047a5
5168-MQQCA,0.1294,0,0.5,1.0.0,2026-07-29T15:06:59.847491+00:00,batch_20260729_150659_a047a5
5949-XIKAE,0.6304,1,0.5,1.0.0,2026-07-29T15:06:59.847491+00:00,batch_20260729_150659_a047a5
7971-HLVXI,0.0527,0,0.5,1.0.0,2026-07-29T15:06:59.847491+00:00,batch_20260729_150659_a047a5
9094-AZPHK,0.7387,1,0.5,1.0.0,2026-07-29T15:06:59.847491+00:00,batch_20260729_150659_a047a5
3649-JPUGY,0.0223,0,0.5,1.0.0,2026-07-29T15:06:59.847491+00:00,batch_20260729_150659_a047a5
4472-LVYGI,0.1773,0,0.5,1.0.0,2026-07-29T15:06:59.847491+00:00,batch_20260729_150659_a047a5
8372-JUXUI,0.7147,1,0.5,1.0.0,2026-07-29T15:06:59.847491+00:00,batch_20260729_150659_a047a5
3552-CTCYF,0.0959,0,0.5,1.0.0,2026-07-29T15:06:59.847491+00:00,batch_20260729_150659_a047a5
6778-YSNIH,0.529,1,0.5,1.0.0,2026-07-29T15:06:59.847491+00:00,batch_20260729_150659_a047a5
0388-EOPEX,0.6353,1,0.5,1.0.0,2026-07-29T15:06:59.847491+00:00,batch_20260729_150659_a047a5
5756-OZRIO,0.0351,0,0.5,1.0.0,2026-07-29T15:06:59.847491+00:00,batch_20260729_150659_a047a5
6579-JPICP,0.1895,0,0.5,1.0.0,2026-07-29T15:06:59.847491+00:00,batch_20260729_150659_a047a5
8205-OTCHB,0.2155,0,0.5,1.0.0,2026-07-29T15:06:59.847491+00:00,batch_20260729_150659_a047a5
4134-BSXLX,0.0756,0,0.5,1.0.0,2026-07-29T15:06:59.847491+00:00,batch_20260729_150659_a047a5
0505-SPOOW,0.0022,0,0.5,1.0.0,2026-07-29T15:06:59.847491+00:00,batch_20260729_150659_a047a5
6235-VDHOM,0.481,0,0.5,1.0.0,2026-07-29T15:06:59.847491+00:00,batch_20260729_150659_a047a5
7783-YKGDV,0.5536,1,0.5,1.0.0,2026-07-29T15:06:59.847491+00:00,batch_20260729_150659_a047a5
4374-YMUSQ,0.158,0,0.5,1.0.0,2026-07-29T15:06:59.847491+00:00,batch_20260729_150659_a047a5
4513-CXYIX,0.0363,0,0.5,1.0.0,2026-07-29T15:06:59.847491+00:00,batch_20260729_150659_a047a5
3957-HHLMR,0.0172,0,0.5,1.0.0,2026-07-29T15:06:59.847491+00:00,batch_20260729_150659_a047a5
7803-XOCCZ,0.114,0,0.5,1.0.0,2026-07-29T15:06:59.847491+00:00,batch_20260729_150659_a047a5
5736-YEJAX,0.0095,0,0.5,1.0.0,2026-07-29T15:06:59.847491+00:00,batch_20260729_150659_a047a5
5609-CEBID,0.6596,1,0.5,1.0.0,2026-07-29T15:06:59.847491+00:00,batch_20260729_150659_a047a5
8981-FJGLA,0.5622,1,0.5,1.0.0,2026-07-29T15:06:59.847491+00:00,batch_20260729_150659_a047a5
7218-HKQFK,0.7192,1,0.5,1.0.0,2026-07-29T15:06:59.847491+00:00,batch_20260729_150659_a047a5
4636-QRJKY,0.5914,1,0.5,1.0.0,2026-07-29T15:06:59.847491+00:00,batch_20260729_150659_a047a5
1135-LMECX,0.189,0,0.5,1.0.0,2026-07-29T15:06:59.847491+00:00,batch_20260729_150659_a047a5
4332-MUOEZ,0.124,0,0.5,1.0.0,2026-07-29T15:06:59.847491+00:00,batch_20260729_150659_a047a5
8535-SFUTN,0.4124,0,0.5,1.0.0,2026-07-29T15:06:59.847491+00:00,batch_20260729_150659_a047a5
5956-VKDTT,0.7358,1,0.5,1.0.0,2026-07-29T15:06:59.847491+00:00,batch_20260729_150659_a047a5
8677-HDZEE,0.3098,0,0.5,1.0.0,2026-07-29T15:06:59.847491+00:00,batch_20260729_150659_a047a5
2475-MROZF,0.2719,0,0.5,1.0.0,2026-07-29T15:06:59.847491+00:00,batch_20260729_150659_a047a5
9412-GHEEC,0.3478,0,0.5,1.0.0,2026-07-29T15:06:59.847491+00:00,batch_20260729_150659_a047a5
3482-ABPKK,0.039,0,0.5,1.0.0,2026-07-29T15:06:59.847491+00:00,batch_20260729_150659_a047a5
6705-LXORM,0.5991,1,0.5,1.0.0,2026-07-29T15:06:59.847491+00:00,batch_20260729_150659_a047a5
0257-ZESQC,0.3358,0,0.5,1.0.0,2026-07-29T15:06:59.847491+00:00,batch_20260729_150659_a047a5
7531-GQHME,0.1174,0,0.5,1.0.0,2026-07-29T15:06:59.847491+00:00,batch_20260729_150659_a047a5
5174-ITUMV,0.2108,0,0.5,1.0.0,2026-07-29T15:06:59.847491+00:00,batch_20260729_150659_a047a5
4109-CYRBD,0.3204,0,0.5,1.0.0,2026-07-29T15:06:59.847491+00:00,batch_20260729_150659_a047a5
0913-XWSCN,0.2163,0,0.5,1.0.0,2026-07-29T15:06:59.847491+00:00,batch_20260729_150659_a047a5
6825-UYPFK,0.415,0,0.5,1.0.0,2026-07-29T15:06:59.847491+00:00,batch_20260729_150659_a047a5
8397-MVTAZ,0.6738,1,0.5,1.0.0,2026-07-29T15:06:59.847491+00:00,batch_20260729_150659_a047a5
0750-EBAIU,0.1314,0,0.5,1.0.0,2026-07-29T15:06:59.847491+00:00,batch_20260729_150659_a047a5
8606-CIQUL,0.0449,0,0.5,1.0.0,2026-07-29T15:06:59.847491+00:00,batch_20260729_150659_a047a5
3571-DPYUH,0.0934,0,0.5,1.0.0,2026-07-29T15:06:59.847491+00:00,batch_20260729_150659_a047a5
7601-GNDYK,0.009,0,0.5,1.0.0,2026-07-29T15:06:59.847491+00:00,batch_20260729_150659_a047a5
0356-OBMAC,0.0752,0,0.5,1.0.0,2026-07-29T15:06:59.847491+00:00,batch_20260729_150659_a047a5
8067-NIOYM,0.0211,0,0.5,1.0.0,2026-07-29T15:06:59.847491+00:00,batch_20260729_150659_a047a5
1403-GYAFU,0.0017,0,0.5,1.0.0,2026-07-29T15:06:59.847491+00:00,batch_20260729_150659_a047a5
4234-XTNEA,0.7531,1,0.5,1.0.0,2026-07-29T15:06:59.847491+00:00,batch_20260729_150659_a047a5
1297-VQDRP,0.1279,0,0.5,1.0.0,2026-07-29T15:06:59.847491+00:00,batch_20260729_150659_a047a5
9282-IZGQK,0.8011,1,0.5,1.0.0,2026-07-29T15:06:59.847491+00:00,batch_20260729_150659_a047a5
5348-CAGXB,0.7375,1,0.5,1.0.0,2026-07-29T15:06:59.847491+00:00,batch_20260729_150659_a047a5
0621-HJWXJ,0.2019,0,0.5,1.0.0,2026-07-29T15:06:59.847491+00:00,batch_20260729_150659_a047a5
5844-QVTAT,0.0502,0,0.5,1.0.0,2026-07-29T15:06:59.847491+00:00,batch_20260729_150659_a047a5
8905-IAZPF,0.1335,0,0.5,1.0.0,2026-07-29T15:06:59.847491+00:00,batch_20260729_150659_a047a5
5394-MEITZ,0.0193,0,0.5,1.0.0,2026-07-29T15:06:59.847491+00:00,batch_20260729_150659_a047a5
6859-QNXIQ,0.0434,0,0.5,1.0.0,2026-07-29T15:06:59.847491+00:00,batch_20260729_150659_a047a5
2782-LFZVW,0.4592,0,0.5,1.0.0,2026-07-29T15:06:59.847491+00:00,batch_20260729_150659_a047a5
2866-IKBTM,0.1887,0,0.5,1.0.0,2026-07-29T15:06:59.847491+00:00,batch_20260729_150659_a047a5
1342-JPNKI,0.6708,1,0.5,1.0.0,2026-07-29T15:06:59.847491+00:00,batch_20260729_150659_a047a5
2817-NTQDO,0.3184,0,0.5,1.0.0,2026-07-29T15:06:59.847491+00:00,batch_20260729_150659_a047a5
7129-AZJDE,0.2113,0,0.5,1.0.0,2026-07-29T15:06:59.847491+00:00,batch_20260729_150659_a047a5
6986-IJDHX,0.3163,0,0.5,1.0.0,2026-07-29T15:06:59.847491+00:00,batch_20260729_150659_a047a5
2560-PPCHE,0.1356,0,0.5,1.0.0,2026-07-29T15:06:59.847491+00:00,batch_20260729_150659_a047a5
4676-MQUEA,0.1725,0,0.5,1.0.0,2026-07-29T15:06:59.847491+00:00,batch_20260729_150659_a047a5
8138-EALND,0.1087,0,0.5,1.0.0,2026-07-29T15:06:59.847491+00:00,batch_20260729_150659_a047a5
3580-HYCSP,0.061,0,0.5,1.0.0,2026-07-29T15:06:59.847491+00:00,batch_20260729_150659_a047a5
1352-HNSAW,0.0437,0,0.5,1.0.0,2026-07-29T15:06:59.847491+00:00,batch_20260729_150659_a047a5
2075-PUEPR,0.0035,0,0.5,1.0.0,2026-07-29T15:06:59.847491+00:00,batch_20260729_150659_a047a5
1982-FEBTD,0.0277,0,0.5,1.0.0,2026-07-29T15:06:59.847491+00:00,batch_20260729_150659_a047a5
5301-GAUUY,0.4074,0,0.5,1.0.0,2026-07-29T15:06:59.847491+00:00,batch_20260729_150659_a047a5
5791-KAJFD,0.0427,0,0.5,1.0.0,2026-07-29T15:06:59.847491+00:00,batch_20260729_150659_a047a5
2654-VBVPB,0.1826,0,0.5,1.0.0,2026-07-29T15:06:59.847491+00:00,batch_20260729_150659_a047a5
1154-HYWWO,0.0327,0,0.5,1.0.0,2026-07-29T15:06:59.847491+00:00,batch_20260729_150659_a047a5
2501-XWWTZ,0.5474,1,0.5,1.0.0,2026-07-29T15:06:59.847491+00:00,batch_20260729_150659_a047a5
3716-UVSPD,0.4234,0,0.5,1.0.0,2026-07-29T15:06:59.847491+00:00,batch_20260729_150659_a047a5
6815-ABQFQ,0.2402,0,0.5,1.0.0,2026-07-29T15:06:59.847491+00:00,batch_20260729_150659_a047a5
7343-EOBEU,0.2852,0,0.5,1.0.0,2026-07-29T15:06:59.847491+00:00,batch_20260729_150659_a047a5
3701-SFMUH,0.2652,0,0.5,1.0.0,2026-07-29T15:06:59.847491+00:00,batch_20260729_150659_a047a5
6103-LIANB,0.1121,0,0.5,1.0.0,2026-07-29T15:06:59.847491+00:00,batch_20260729_150659_a047a5
7319-VENRZ,0.2536,0,0.5,1.0.0,2026-07-29T15:06:59.847491+00:00,batch_20260729_150659_a047a5
5846-NEQVZ,0.0074,0,0.5,1.0.0,2026-07-29T15:06:59.847491+00:00,batch_20260729_150659_a047a5
6967-QIQRV,0.2455,0,0.5,1.0.0,2026-07-29T15:06:59.847491+00:00,batch_20260729_150659_a047a5
5781-RFZRP,0.0071,0,0.5,1.0.0,2026-07-29T15:06:59.847491+00:00,batch_20260729_150659_a047a5
0939-YAPAF,0.6626,1,0.5,1.0.0,2026-07-29T15:06:59.847491+00:00,batch_20260729_150659_a047a5
0308-IVGOK,0.184,0,0.5,1.0.0,2026-07-29T15:06:59.847491+00:00,batch_20260729_150659_a047a5
7293-LSCDV,0.0039,0,0.5,1.0.0,2026-07-29T15:06:59.847491+00:00,batch_20260729_150659_a047a5
7025-WCBNE,0.0152,0,0.5,1.0.0,2026-07-29T15:06:59.847491+00:00,batch_20260729_150659_a047a5
5756-JYOJT,0.1196,0,0.5,1.0.0,2026-07-29T15:06:59.847491+00:00,batch_20260729_150659_a047a5
4710-FDUIZ,0.1628,0,0.5,1.0.0,2026-07-29T15:06:59.847491+00:00,batch_20260729_150659_a047a5
6030-REHUX,0.5994,1,0.5,1.0.0,2026-07-29T15:06:59.847491+00:00,batch_20260729_150659_a047a5
9548-LIGTA,0.0163,0,0.5,1.0.0,2026-07-29T15:06:59.847491+00:00,batch_20260729_150659_a047a5
5150-LJNSR,0.1722,0,0.5,1.0.0,2026-07-29T15:06:59.847491+00:00,batch_20260729_150659_a047a5
8270-RKSAP,0.657,1,0.5,1.0.0,2026-07-29T15:06:59.847491+00:00,batch_20260729_150659_a047a5
6522-YRBXD,0.4794,0,0.5,1.0.0,2026-07-29T15:06:59.847491+00:00,batch_20260729_150659_a047a5
2640-LYMOV,0.2477,0,0.5,1.0.0,2026-07-29T15:06:59.847491+00:00,batch_20260729_150659_a047a5
1218-VKFPE,0.0998,0,0.5,1.0.0,2026-07-29T15:06:59.847491+00:00,batch_20260729_150659_a047a5
3627-FHKBK,0.4634,0,0.5,1.0.0,2026-07-29T15:06:59.847491+00:00,batch_20260729_150659_a047a5
2865-TCHJW,0.7829,1,0.5,1.0.0,2026-07-29T15:06:59.847491+00:00,batch_20260729_150659_a047a5
1423-BMPBQ,0.2151,0,0.5,1.0.0,2026-07-29T15:06:59.847491+00:00,batch_20260729_150659_a047a5
2393-DIVAI,0.2396,0,0.5,1.0.0,2026-07-29T15:06:59.847491+00:00,batch_20260729_150659_a047a5
5192-EBGOV,0.7984,1,0.5,1.0.0,2026-07-29T15:06:59.847491+00:00,batch_20260729_150659_a047a5
4568-KNYWR,0.0204,0,0.5,1.0.0,2026-07-29T15:06:59.847491+00:00,batch_20260729_150659_a047a5
8752-IMQOS,0.0659,0,0.5,1.0.0,2026-07-29T15:06:59.847491+00:00,batch_20260729_150659_a047a5
0742-LAFQK,0.0788,0,0.5,1.0.0,2026-07-29T15:06:59.847491+00:00,batch_20260729_150659_a047a5
0795-LAFGP,0.0144,0,0.5,1.0.0,2026-07-29T15:06:59.847491+00:00,batch_20260729_150659_a047a5
0619-OLYUR,0.0611,0,0.5,1.0.0,2026-07-29T15:06:59.847491+00:00,batch_20260729_150659_a047a5
5512-IDZEI,0.0193,0,0.5,1.0.0,2026-07-29T15:06:59.847491+00:00,batch_20260729_150659_a047a5
0459-SPZHJ,0.0163,0,0.5,1.0.0,2026-07-29T15:06:59.847491+00:00,batch_20260729_150659_a047a5
0215-BQKGS,0.2892,0,0.5,1.0.0,2026-07-29T15:06:59.847491+00:00,batch_20260729_150659_a047a5
9244-ZVAPM,0.3493,0,0.5,1.0.0,2026-07-29T15:06:59.847491+00:00,batch_20260729_150659_a047a5
0719-SYFRB,0.2337,0,0.5,1.0.0,2026-07-29T15:06:59.847491+00:00,batch_20260729_150659_a047a5
8208-EUMTE,0.0593,0,0.5,1.0.0,2026-07-29T15:06:59.847491+00:00,batch_20260729_150659_a047a5
5172-MIGPM,0.335,0,0.5,1.0.0,2026-07-29T15:06:59.847491+00:00,batch_20260729_150659_a047a5
1710-RCXUS,0.1931,0,0.5,1.0.0,2026-07-29T15:06:59.847491+00:00,batch_20260729_150659_a047a5
0374-FIUCA,0.0041,0,0.5,1.0.0,2026-07-29T15:06:59.847491+00:00,batch_20260729_150659_a047a5
5839-SUYVZ,0.4043,0,0.5,1.0.0,2026-07-29T15:06:59.847491+00:00,batch_20260729_150659_a047a5
5173-ZXXXL,0.0927,0,0.5,1.0.0,2026-07-29T15:06:59.847491+00:00,batch_20260729_150659_a047a5
1096-ADRUX,0.0801,0,0.5,1.0.0,2026-07-29T15:06:59.847491+00:00,batch_20260729_150659_a047a5
2001-MCUUW,0.1219,0,0.5,1.0.0,2026-07-29T15:06:59.847491+00:00,batch_20260729_150659_a047a5
2731-GJRDG,0.2531,0,0.5,1.0.0,2026-07-29T15:06:59.847491+00:00,batch_20260729_150659_a047a5
4723-BEGSG,0.0121,0,0.5,1.0.0,2026-07-29T15:06:59.847491+00:00,batch_20260729_150659_a047a5
6516-NKQBO,0.0211,0,0.5,1.0.0,2026-07-29T15:06:59.847491+00:00,batch_20260729_150659_a047a5
8672-OAUPW,0.0156,0,0.5,1.0.0,2026-07-29T15:06:59.847491+00:00,batch_20260729_150659_a047a5
8207-DMRVL,0.0303,0,0.5,1.0.0,2026-07-29T15:06:59.847491+00:00,batch_20260729_150659_a047a5
3419-SNJJD,0.2288,0,0.5,1.0.0,2026-07-29T15:06:59.847491+00:00,batch_20260729_150659_a047a5
6543-CPZMK,0.481,0,0.5,1.0.0,2026-07-29T15:06:59.847491+00:00,batch_20260729_150659_a047a5
4765-OXPPD,0.1162,0,0.5,1.0.0,2026-07-29T15:06:59.847491+00:00,batch_20260729_150659_a047a5
2804-ETQDK,0.0022,0,0.5,1.0.0,2026-07-29T15:06:59.847491+00:00,batch_20260729_150659_a047a5
6689-VRRTK,0.2378,0,0.5,1.0.0,2026-07-29T15:06:59.847491+00:00,batch_20260729_150659_a047a5
7138-GIRSH,0.0225,0,0.5,1.0.0,2026-07-29T15:06:59.847491+00:00,batch_20260729_150659_a047a5
9396-ZSFLL,0.2718,0,0.5,1.0.0,2026-07-29T15:06:59.847491+00:00,batch_20260729_150659_a047a5
6464-KEXXH,0.4876,0,0.5,1.0.0,2026-07-29T15:06:59.847491+00:00,batch_20260729_150659_a047a5
7134-MJPDY,0.1531,0,0.5,1.0.0,2026-07-29T15:06:59.847491+00:00,batch_20260729_150659_a047a5
5240-CAOYT,0.1301,0,0.5,1.0.0,2026-07-29T15:06:59.847491+00:00,batch_20260729_150659_a047a5
4059-IIEBK,0.6011,1,0.5,1.0.0,2026-07-29T15:06:59.847491+00:00,batch_20260729_150659_a047a5
4881-JVQOD,0.4763,0,0.5,1.0.0,2026-07-29T15:06:59.847491+00:00,batch_20260729_150659_a047a5
0516-UXRMT,0.1293,0,0.5,1.0.0,2026-07-29T15:06:59.847491+00:00,batch_20260729_150659_a047a5
4851-BQDNX,0.2526,0,0.5,1.0.0,2026-07-29T15:06:59.847491+00:00,batch_20260729_150659_a047a5
5148-HKFIR,0.0225,0,0.5,1.0.0,2026-07-29T15:06:59.847491+00:00,batch_20260729_150659_a047a5
1009-IRMNA,0.1446,0,0.5,1.0.0,2026-07-29T15:06:59.847491+00:00,batch_20260729_150659_a047a5
3003-CMDUU,0.5716,1,0.5,1.0.0,2026-07-29T15:06:59.847491+00:00,batch_20260729_150659_a047a5
5016-IBERQ,0.485,0,0.5,1.0.0,2026-07-29T15:06:59.847491+00:00,batch_20260729_150659_a047a5
6797-UCJHZ,0.1341,0,0.5,1.0.0,2026-07-29T15:06:59.847491+00:00,batch_20260729_150659_a047a5
2469-DTSGX,0.0705,0,0.5,1.0.0,2026-07-29T15:06:59.847491+00:00,batch_20260729_150659_a047a5
4554-YGZIH,0.2773,0,0.5,1.0.0,2026-07-29T15:06:59.847491+00:00,batch_20260729_150659_a047a5
5099-BAILX,0.3458,0,0.5,1.0.0,2026-07-29T15:06:59.847491+00:00,batch_20260729_150659_a047a5
9931-KGHOA,0.0748,0,0.5,1.0.0,2026-07-29T15:06:59.847491+00:00,batch_20260729_150659_a047a5
1775-KWJKQ,0.009,0,0.5,1.0.0,2026-07-29T15:06:59.847491+00:00,batch_20260729_150659_a047a5
7665-VIGUD,0.0655,0,0.5,1.0.0,2026-07-29T15:06:59.847491+00:00,batch_20260729_150659_a047a5
9411-TPQQV,0.0911,0,0.5,1.0.0,2026-07-29T15:06:59.847491+00:00,batch_20260729_150659_a047a5
7207-RMRDB,0.3923,0,0.5,1.0.0,2026-07-29T15:06:59.847491+00:00,batch_20260729_150659_a047a5
7954-MLBUN,0.1123,0,0.5,1.0.0,2026-07-29T15:06:59.847491+00:00,batch_20260729_150659_a047a5
2077-DDHJK,0.0062,0,0.5,1.0.0,2026-07-29T15:06:59.847491+00:00,batch_20260729_150659_a047a5
4913-EHYUI,0.1659,0,0.5,1.0.0,2026-07-29T15:06:59.847491+00:00,batch_20260729_150659_a047a5
0195-IESCP,0.755,1,0.5,1.0.0,2026-07-29T15:06:59.847491+00:00,batch_20260729_150659_a047a5
9574-BOSMD,0.0025,0,0.5,1.0.0,2026-07-29T15:06:59.847491+00:00,batch_20260729_150659_a047a5
4580-TMHJU,0.1333,0,0.5,1.0.0,2026-07-29T15:06:59.847491+00:00,batch_20260729_150659_a047a5
0970-ETWGE,0.7982,1,0.5,1.0.0,2026-07-29T15:06:59.847491+00:00,batch_20260729_150659_a047a5
4908-XAXAY,0.165,0,0.5,1.0.0,2026-07-29T15:06:59.847491+00:00,batch_20260729_150659_a047a5
8404-VLQFB,0.2058,0,0.5,1.0.0,2026-07-29T15:06:59.847491+00:00,batch_20260729_150659_a047a5
1626-ERCMM,0.7432,1,0.5,1.0.0,2026-07-29T15:06:59.847491+00:00,batch_20260729_150659_a047a5
0887-HJGAR,0.4433,0,0.5,1.0.0,2026-07-29T15:06:59.847491+00:00,batch_20260729_150659_a047a5
2391-IPLOP,0.0701,0,0.5,1.0.0,2026-07-29T15:06:59.847491+00:00,batch_20260729_150659_a047a5
5644-PDMZC,0.6911,1,0.5,1.0.0,2026-07-29T15:06:59.847491+00:00,batch_20260729_150659_a047a5
3509-GWQGF,0.3442,0,0.5,1.0.0,2026-07-29T15:06:59.847491+00:00,batch_20260729_150659_a047a5
9576-ANLXO,0.6184,1,0.5,1.0.0,2026-07-29T15:06:59.847491+00:00,batch_20260729_150659_a047a5
2024-BASKD,0.6461,1,0.5,1.0.0,2026-07-29T15:06:59.847491+00:00,batch_20260729_150659_a047a5
5845-BZZIB,0.009,0,0.5,1.0.0,2026-07-29T15:06:59.847491+00:00,batch_20260729_150659_a047a5
1140-UKVZG,0.1254,0,0.5,1.0.0,2026-07-29T15:06:59.847491+00:00,batch_20260729_150659_a047a5
4160-AMJTL,0.191,0,0.5,1.0.0,2026-07-29T15:06:59.847491+00:00,batch_20260729_150659_a047a5
5183-SNMJQ,0.5724,1,0.5,1.0.0,2026-07-29T15:06:59.847491+00:00,batch_20260729_150659_a047a5
8100-PNJMH,0.0146,0,0.5,1.0.0,2026-07-29T15:06:59.847491+00:00,batch_20260729_150659_a047a5
7838-LAZFO,0.0508,0,0.5,1.0.0,2026-07-29T15:06:59.847491+00:00,batch_20260729_150659_a047a5
4464-JCOLN,0.0751,0,0.5,1.0.0,2026-07-29T15:06:59.847491+00:00,batch_20260729_150659_a047a5
2085-JVGAD,0.0405,0,0.5,1.0.0,2026-07-29T15:06:59.847491+00:00,batch_20260729_150659_a047a5
5650-VDUDS,0.5462,1,0.5,1.0.0,2026-07-29T15:06:59.847491+00:00,batch_20260729_150659_a047a5
8095-WANWK,0.27,0,0.5,1.0.0,2026-07-29T15:06:59.847491+00:00,batch_20260729_150659_a047a5
3030-ZKIWL,0.1892,0,0.5,1.0.0,2026-07-29T15:06:59.847491+00:00,batch_20260729_150659_a047a5
9565-FLVCG,0.0149,0,0.5,1.0.0,2026-07-29T15:06:59.847491+00:00,batch_20260729_150659_a047a5
8755-OGKNA,0.0032,0,0.5,1.0.0,2026-07-29T15:06:59.847491+00:00,batch_20260729_150659_a047a5
2800-VEQXM,0.6315,1,0.5,1.0.0,2026-07-29T15:06:59.847491+00:00,batch_20260729_150659_a047a5
7538-GWHML,0.6234,1,0.5,1.0.0,2026-07-29T15:06:59.847491+00:00,batch_20260729_150659_a047a5
5533-RJFTJ,0.1388,0,0.5,1.0.0,2026-07-29T15:06:59.847491+00:00,batch_20260729_150659_a047a5
3859-CVCET,0.3228,0,0.5,1.0.0,2026-07-29T15:06:59.847491+00:00,batch_20260729_150659_a047a5
0214-JHPFW,0.014,0,0.5,1.0.0,2026-07-29T15:06:59.847491+00:00,batch_20260729_150659_a047a5
5642-MHDQT,0.0107,0,0.5,1.0.0,2026-07-29T15:06:59.847491+00:00,batch_20260729_150659_a047a5
3088-FVYWK,0.005,0,0.5,1.0.0,2026-07-29T15:06:59.847491+00:00,batch_20260729_150659_a047a5
3276-HDUEG,0.6947,1,0.5,1.0.0,2026-07-29T15:06:59.847491+00:00,batch_20260729_150659_a047a5
9092-GDZKO,0.135,0,0.5,1.0.0,2026-07-29T15:06:59.847491+00:00,batch_20260729_150659_a047a5
0823-HSCDJ,0.2542,0,0.5,1.0.0,2026-07-29T15:06:59.847491+00:00,batch_20260729_150659_a047a5
3729-OWRVL,0.1006,0,0.5,1.0.0,2026-07-29T15:06:59.847491+00:00,batch_20260729_150659_a047a5
2324-AALNO,0.0151,0,0.5,1.0.0,2026-07-29T15:06:59.847491+00:00,batch_20260729_150659_a047a5
0822-GAVAP,0.7008,1,0.5,1.0.0,2026-07-29T15:06:59.847491+00:00,batch_20260729_150659_a047a5
5760-IFJOZ,0.666,1,0.5,1.0.0,2026-07-29T15:06:59.847491+00:00,batch_20260729_150659_a047a5
2826-UWHIS,0.2423,0,0.5,1.0.0,2026-07-29T15:06:59.847491+00:00,batch_20260729_150659_a047a5
1448-PWKYE,0.6334,1,0.5,1.0.0,2026-07-29T15:06:59.847491+00:00,batch_20260729_150659_a047a5
7501-IWUNG,0.0197,0,0.5,1.0.0,2026-07-29T15:06:59.847491+00:00,batch_20260729_150659_a047a5
4957-TREIR,0.2862,0,0.5,1.0.0,2026-07-29T15:06:59.847491+00:00,batch_20260729_150659_a047a5
7251-LJBQN,0.2642,0,0.5,1.0.0,2026-07-29T15:06:59.847491+00:00,batch_20260729_150659_a047a5
8040-MNRTF,0.5519,1,0.5,1.0.0,2026-07-29T15:06:59.847491+00:00,batch_20260729_150659_a047a5
1536-HBSWP,0.4243,0,0.5,1.0.0,2026-07-29T15:06:59.847491+00:00,batch_20260729_150659_a047a5
5313-FPXWG,0.0194,0,0.5,1.0.0,2026-07-29T15:06:59.847491+00:00,batch_20260729_150659_a047a5
0067-DKWBL,0.4279,0,0.5,1.0.0,2026-07-29T15:06:59.847491+00:00,batch_20260729_150659_a047a5
0946-FKYTX,0.0378,0,0.5,1.0.0,2026-07-29T15:06:59.847491+00:00,batch_20260729_150659_a047a5
5076-YVXCM,0.2688,0,0.5,1.0.0,2026-07-29T15:06:59.847491+00:00,batch_20260729_150659_a047a5
8262-COGGB,0.2574,0,0.5,1.0.0,2026-07-29T15:06:59.847491+00:00,batch_20260729_150659_a047a5
6663-JOCQO,0.0605,0,0.5,1.0.0,2026-07-29T15:06:59.847491+00:00,batch_20260729_150659_a047a5
9620-QJREV,0.0095,0,0.5,1.0.0,2026-07-29T15:06:59.847491+00:00,batch_20260729_150659_a047a5
2276-YDAVZ,0.67,1,0.5,1.0.0,2026-07-29T15:06:59.847491+00:00,batch_20260729_150659_a047a5
2682-KEVRP,0.0561,0,0.5,1.0.0,2026-07-29T15:06:59.847491+00:00,batch_20260729_150659_a047a5
2480-JZOSN,0.2599,0,0.5,1.0.0,2026-07-29T15:06:59.847491+00:00,batch_20260729_150659_a047a5
0078-XZMHT,0.0227,0,0.5,1.0.0,2026-07-29T15:06:59.847491+00:00,batch_20260729_150659_a047a5
5896-NPFWW,0.4541,0,0.5,1.0.0,2026-07-29T15:06:59.847491+00:00,batch_20260729_150659_a047a5
9978-HYCIN,0.1375,0,0.5,1.0.0,2026-07-29T15:06:59.847491+00:00,batch_20260729_150659_a047a5
8338-QIUNR,0.0068,0,0.5,1.0.0,2026-07-29T15:06:59.847491+00:00,batch_20260729_150659_a047a5
1525-LNLOJ,0.0207,0,0.5,1.0.0,2026-07-29T15:06:59.847491+00:00,batch_20260729_150659_a047a5
9450-TRJUU,0.4681,0,0.5,1.0.0,2026-07-29T15:06:59.847491+00:00,batch_20260729_150659_a047a5
1766-GKNMI,0.6287,1,0.5,1.0.0,2026-07-29T15:06:59.847491+00:00,batch_20260729_150659_a047a5
6942-LBFDP,0.2484,0,0.5,1.0.0,2026-07-29T15:06:59.847491+00:00,batch_20260729_150659_a047a5
1456-TWCGB,0.2883,0,0.5,1.0.0,2026-07-29T15:06:59.847491+00:00,batch_20260729_150659_a047a5
7133-VBDCG,0.3247,0,0.5,1.0.0,2026-07-29T15:06:59.847491+00:00,batch_20260729_150659_a047a5
7596-ZYWBB,0.0067,0,0.5,1.0.0,2026-07-29T15:06:59.847491+00:00,batch_20260729_150659_a047a5
8329-UTMVM,0.312,0,0.5,1.0.0,2026-07-29T15:06:59.847491+00:00,batch_20260729_150659_a047a5
3014-WJKSM,0.4106,0,0.5,1.0.0,2026-07-29T15:06:59.847491+00:00,batch_20260729_150659_a047a5
3347-YJZZE,0.211,0,0.5,1.0.0,2026-07-29T15:06:59.847491+00:00,batch_20260729_150659_a047a5
1029-QFBEN,0.1887,0,0.5,1.0.0,2026-07-29T15:06:59.847491+00:00,batch_20260729_150659_a047a5
7929-DMBCV,0.4046,0,0.5,1.0.0,2026-07-29T15:06:59.847491+00:00,batch_20260729_150659_a047a5
9661-JALZV,0.0075,0,0.5,1.0.0,2026-07-29T15:06:59.847491+00:00,batch_20260729_150659_a047a5
5433-KYGHE,0.3581,0,0.5,1.0.0,2026-07-29T15:06:59.847491+00:00,batch_20260729_150659_a047a5
4312-KFRXN,0.0028,0,0.5,1.0.0,2026-07-29T15:06:59.847491+00:00,batch_20260729_150659_a047a5
5575-TPIZQ,0.3289,0,0.5,1.0.0,2026-07-29T15:06:59.847491+00:00,batch_20260729_150659_a047a5
0114-IGABW,0.0136,0,0.5,1.0.0,2026-07-29T15:06:59.847491+00:00,batch_20260729_150659_a047a5
9944-AEXBM,0.5079,1,0.5,1.0.0,2026-07-29T15:06:59.847491+00:00,batch_20260729_150659_a047a5
1853-ARAAQ,0.4338,0,0.5,1.0.0,2026-07-29T15:06:59.847491+00:00,batch_20260729_150659_a047a5
6952-OMNWB,0.205,0,0.5,1.0.0,2026-07-29T15:06:59.847491+00:00,batch_20260729_150659_a047a5
4697-LUPSU,0.0752,0,0.5,1.0.0,2026-07-29T15:06:59.847491+00:00,batch_20260729_150659_a047a5
8434-VGEQQ,0.0026,0,0.5,1.0.0,2026-07-29T15:06:59.847491+00:00,batch_20260729_150659_a047a5
4952-YSOGZ,0.7481,1,0.5,1.0.0,2026-07-29T15:06:59.847491+00:00,batch_20260729_150659_a047a5
1589-AGTLK,0.5071,1,0.5,1.0.0,2026-07-29T15:06:59.847491+00:00,batch_20260729_150659_a047a5
5244-IRFIH,0.6633,1,0.5,1.0.0,2026-07-29T15:06:59.847491+00:00,batch_20260729_150659_a047a5
6549-YMFAW,0.1965,0,0.5,1.0.0,2026-07-29T15:06:59.847491+00:00,batch_20260729_150659_a047a5
4950-HKQTE,0.0268,0,0.5,1.0.0,2026-07-29T15:06:59.847491+00:00,batch_20260729_150659_a047a5
6786-OBWQR,0.6866,1,0.5,1.0.0,2026-07-29T15:06:59.847491+00:00,batch_20260729_150659_a047a5
2684-EIWEO,0.2732,0,0.5,1.0.0,2026-07-29T15:06:59.847491+00:00,batch_20260729_150659_a047a5
2753-JMMCV,0.018,0,0.5,1.0.0,2026-07-29T15:06:59.847491+00:00,batch_20260729_150659_a047a5
6439-GTPCA,0.3591,0,0.5,1.0.0,2026-07-29T15:06:59.847491+00:00,batch_20260729_150659_a047a5
6621-YOBKI,0.1623,0,0.5,1.0.0,2026-07-29T15:06:59.847491+00:00,batch_20260729_150659_a047a5
1216-JWVUX,0.4382,0,0.5,1.0.0,2026-07-29T15:06:59.847491+00:00,batch_20260729_150659_a047a5
7564-GHCVB,0.019,0,0.5,1.0.0,2026-07-29T15:06:59.847491+00:00,batch_20260729_150659_a047a5
1173-NOEYG,0.4638,0,0.5,1.0.0,2026-07-29T15:06:59.847491+00:00,batch_20260729_150659_a047a5
7595-EHCDL,0.2492,0,0.5,1.0.0,2026-07-29T15:06:59.847491+00:00,batch_20260729_150659_a047a5
6647-ZEDXT,0.2219,0,0.5,1.0.0,2026-07-29T15:06:59.847491+00:00,batch_20260729_150659_a047a5
2521-NPUZR,0.0208,0,0.5,1.0.0,2026-07-29T15:06:59.847491+00:00,batch_20260729_150659_a047a5
1307-TVUFB,0.3278,0,0.5,1.0.0,2026-07-29T15:06:59.847491+00:00,batch_20260729_150659_a047a5
7503-MIOGA,0.0175,0,0.5,1.0.0,2026-07-29T15:06:59.847491+00:00,batch_20260729_150659_a047a5
4381-MHQDC,0.0201,0,0.5,1.0.0,2026-07-29T15:06:59.847491+00:00,batch_20260729_150659_a047a5
6923-JHPMP,0.6358,1,0.5,1.0.0,2026-07-29T15:06:59.847491+00:00,batch_20260729_150659_a047a5
5138-WVKYJ,0.6465,1,0.5,1.0.0,2026-07-29T15:06:59.847491+00:00,batch_20260729_150659_a047a5
4018-PPNDW,0.0054,0,0.5,1.0.0,2026-07-29T15:06:59.847491+00:00,batch_20260729_150659_a047a5
1635-FJFCC,0.3862,0,0.5,1.0.0,2026-07-29T15:06:59.847491+00:00,batch_20260729_150659_a047a5
2499-AJYUA,0.0699,0,0.5,1.0.0,2026-07-29T15:06:59.847491+00:00,batch_20260729_150659_a047a5
6919-ELBGL,0.0433,0,0.5,1.0.0,2026-07-29T15:06:59.847491+00:00,batch_20260729_150659_a047a5
3966-HRMZA,0.5347,1,0.5,1.0.0,2026-07-29T15:06:59.847491+00:00,batch_20260729_150659_a047a5
6425-JWTDV,0.0061,0,0.5,1.0.0,2026-07-29T15:06:59.847491+00:00,batch_20260729_150659_a047a5
8405-IGQFX,0.0937,0,0.5,1.0.0,2026-07-29T15:06:59.847491+00:00,batch_20260729_150659_a047a5
8224-IVVPA,0.1563,0,0.5,1.0.0,2026-07-29T15:06:59.847491+00:00,batch_20260729_150659_a047a5
9477-LGWQI,0.0141,0,0.5,1.0.0,2026-07-29T15:06:59.847491+00:00,batch_20260729_150659_a047a5
1410-RSCMR,0.2265,0,0.5,1.0.0,2026-07-29T15:06:59.847491+00:00,batch_20260729_150659_a047a5
3115-CZMZD,0.0599,0,0.5,1.0.0,2026-07-29T15:06:59.847491+00:00,batch_20260729_150659_a047a5
0139-IVFJG,0.5574,1,0.5,1.0.0,2026-07-29T15:06:59.847491+00:00,batch_20260729_150659_a047a5
6683-VLCTZ,0.7388,1,0.5,1.0.0,2026-07-29T15:06:59.847491+00:00,batch_20260729_150659_a047a5
5730-DBDSI,0.0026,0,0.5,1.0.0,2026-07-29T15:06:59.847491+00:00,batch_20260729_150659_a047a5
0030-FNXPP,0.1751,0,0.5,1.0.0,2026-07-29T15:06:59.847491+00:00,batch_20260729_150659_a047a5
2189-WWOEW,0.489,0,0.5,1.0.0,2026-07-29T15:06:59.847491+00:00,batch_20260729_150659_a047a5
5684-FJVYR,0.0195,0,0.5,1.0.0,2026-07-29T15:06:59.847491+00:00,batch_20260729_150659_a047a5
4013-GUXND,0.1899,0,0.5,1.0.0,2026-07-29T15:06:59.847491+00:00,batch_20260729_150659_a047a5
1894-IGFSG,0.5816,1,0.5,1.0.0,2026-07-29T15:06:59.847491+00:00,batch_20260729_150659_a047a5
7379-POKDZ,0.7062,1,0.5,1.0.0,2026-07-29T15:06:59.847491+00:00,batch_20260729_150659_a047a5
1266-NZYUI,0.0046,0,0.5,1.0.0,2026-07-29T15:06:59.847491+00:00,batch_20260729_150659_a047a5
7969-FFOWG,0.0023,0,0.5,1.0.0,2026-07-29T15:06:59.847491+00:00,batch_20260729_150659_a047a5
4718-DHSMV,0.5272,1,0.5,1.0.0,2026-07-29T15:06:59.847491+00:00,batch_20260729_150659_a047a5
5175-WLYXL,0.4846,0,0.5,1.0.0,2026-07-29T15:06:59.847491+00:00,batch_20260729_150659_a047a5
7817-OMJNA,0.0531,0,0.5,1.0.0,2026-07-29T15:06:59.847491+00:00,batch_20260729_150659_a047a5
8728-SKJLR,0.3047,0,0.5,1.0.0,2026-07-29T15:06:59.847491+00:00,batch_20260729_150659_a047a5
3137-NYQQI,0.0971,0,0.5,1.0.0,2026-07-29T15:06:59.847491+00:00,batch_20260729_150659_a047a5
7706-DZNKK,0.1712,0,0.5,1.0.0,2026-07-29T15:06:59.847491+00:00,batch_20260729_150659_a047a5
0236-HFWSV,0.7673,1,0.5,1.0.0,2026-07-29T15:06:59.847491+00:00,batch_20260729_150659_a047a5
3900-AQPHZ,0.189,0,0.5,1.0.0,2026-07-29T15:06:59.847491+00:00,batch_20260729_150659_a047a5
5842-POCOP,0.5921,1,0.5,1.0.0,2026-07-29T15:06:59.847491+00:00,batch_20260729_150659_a047a5
2037-XJFUP,0.4186,0,0.5,1.0.0,2026-07-29T15:06:59.847491+00:00,batch_20260729_150659_a047a5
8823-RLPWL,0.0768,0,0.5,1.0.0,2026-07-29T15:06:59.847491+00:00,batch_20260729_150659_a047a5
9505-SQFSW,0.4244,0,0.5,1.0.0,2026-07-29T15:06:59.847491+00:00,batch_20260729_150659_a047a5
7314-OXENN,0.7288,1,0.5,1.0.0,2026-07-29T15:06:59.847491+00:00,batch_20260729_150659_a047a5
3758-CKOQL,0.0974,0,0.5,1.0.0,2026-07-29T15:06:59.847491+00:00,batch_20260729_150659_a047a5
0322-CHQRU,0.4192,0,0.5,1.0.0,2026-07-29T15:06:59.847491+00:00,batch_20260729_150659_a047a5
5676-CFLYY,0.0112,0,0.5,1.0.0,2026-07-29T15:06:59.847491+00:00,batch_20260729_150659_a047a5
7521-AFHAB,0.2658,0,0.5,1.0.0,2026-07-29T15:06:59.847491+00:00,batch_20260729_150659_a047a5
0285-INHLN,0.1177,0,0.5,1.0.0,2026-07-29T15:06:59.847491+00:00,batch_20260729_150659_a047a5
4678-DVQEO,0.4278,0,0.5,1.0.0,2026-07-29T15:06:59.847491+00:00,batch_20260729_150659_a047a5
5125-CNDSP,0.0144,0,0.5,1.0.0,2026-07-29T15:06:59.847491+00:00,batch_20260729_150659_a047a5
0691-IFBQW,0.296,0,0.5,1.0.0,2026-07-29T15:06:59.847491+00:00,batch_20260729_150659_a047a5
4992-LTJNE,0.0057,0,0.5,1.0.0,2026-07-29T15:06:59.847491+00:00,batch_20260729_150659_a047a5
2202-OUTMO,0.1166,0,0.5,1.0.0,2026-07-29T15:06:59.847491+00:00,batch_20260729_150659_a047a5
0810-BDHAW,0.1293,0,0.5,1.0.0,2026-07-29T15:06:59.847491+00:00,batch_20260729_150659_a047a5
0229-LFJAF,0.005,0,0.5,1.0.0,2026-07-29T15:06:59.847491+00:00,batch_20260729_150659_a047a5
7131-ZQZNK,0.0136,0,0.5,1.0.0,2026-07-29T15:06:59.847491+00:00,batch_20260729_150659_a047a5
3442-ZHHCC,0.0332,0,0.5,1.0.0,2026-07-29T15:06:59.847491+00:00,batch_20260729_150659_a047a5
5726-CVNYA,0.0452,0,0.5,1.0.0,2026-07-29T15:06:59.847491+00:00,batch_20260729_150659_a047a5
9871-ELEYA,0.0168,0,0.5,1.0.0,2026-07-29T15:06:59.847491+00:00,batch_20260729_150659_a047a5
4257-GAESD,0.5309,1,0.5,1.0.0,2026-07-29T15:06:59.847491+00:00,batch_20260729_150659_a047a5
5173-WXOQV,0.3561,0,0.5,1.0.0,2026-07-29T15:06:59.847491+00:00,batch_20260729_150659_a047a5
2040-OBMLJ,0.1456,0,0.5,1.0.0,2026-07-29T15:06:59.847491+00:00,batch_20260729_150659_a047a5
6286-ZHAOK,0.1237,0,0.5,1.0.0,2026-07-29T15:06:59.847491+00:00,batch_20260729_150659_a047a5
3807-XHCJH,0.207,0,0.5,1.0.0,2026-07-29T15:06:59.847491+00:00,batch_20260729_150659_a047a5
3009-JWMPU,0.2884,0,0.5,1.0.0,2026-07-29T15:06:59.847491+00:00,batch_20260729_150659_a047a5
5671-RQRLP,0.0503,0,0.5,1.0.0,2026-07-29T15:06:59.847491+00:00,batch_20260729_150659_a047a5
1450-GALXR,0.7208,1,0.5,1.0.0,2026-07-29T15:06:59.847491+00:00,batch_20260729_150659_a047a5
8859-AXJZP,0.0142,0,0.5,1.0.0,2026-07-29T15:06:59.847491+00:00,batch_20260729_150659_a047a5
3174-AKMAS,0.0244,0,0.5,1.0.0,2026-07-29T15:06:59.847491+00:00,batch_20260729_150659_a047a5
3138-BKYAV,0.696,1,0.5,1.0.0,2026-07-29T15:06:59.847491+00:00,batch_20260729_150659_a047a5
9926-PJHDQ,0.0262,0,0.5,1.0.0,2026-07-29T15:06:59.847491+00:00,batch_20260729_150659_a047a5
7382-DFJTU,0.1521,0,0.5,1.0.0,2026-07-29T15:06:59.847491+00:00,batch_20260729_150659_a047a5
2798-NYLMZ,0.057,0,0.5,1.0.0,2026-07-29T15:06:59.847491+00:00,batch_20260729_150659_a047a5
4289-DTDKW,0.6004,1,0.5,1.0.0,2026-07-29T15:06:59.847491+00:00,batch_20260729_150659_a047a5
1820-TQVEV,0.7171,1,0.5,1.0.0,2026-07-29T15:06:59.847491+00:00,batch_20260729_150659_a047a5
2239-JALAW,0.222,0,0.5,1.0.0,2026-07-29T15:06:59.847491+00:00,batch_20260729_150659_a047a5
4853-RULSV,0.0543,0,0.5,1.0.0,2026-07-29T15:06:59.847491+00:00,batch_20260729_150659_a047a5
8098-TDCBU,0.0155,0,0.5,1.0.0,2026-07-29T15:06:59.847491+00:00,batch_20260729_150659_a047a5
3551-GAEGL,0.0503,0,0.5,1.0.0,2026-07-29T15:06:59.847491+00:00,batch_20260729_150659_a047a5
4785-NKHCX,0.1564,0,0.5,1.0.0,2026-07-29T15:06:59.847491+00:00,batch_20260729_150659_a047a5
3196-NVXLZ,0.5672,1,0.5,1.0.0,2026-07-29T15:06:59.847491+00:00,batch_20260729_150659_a047a5
6275-YDUVO,0.6932,1,0.5,1.0.0,2026-07-29T15:06:59.847491+00:00,batch_20260729_150659_a047a5
0036-IHMOT,0.1146,0,0.5,1.0.0,2026-07-29T15:06:59.847491+00:00,batch_20260729_150659_a047a5
0115-TFERT,0.6357,1,0.5,1.0.0,2026-07-29T15:06:59.847491+00:00,batch_20260729_150659_a047a5
4178-EGMON,0.0231,0,0.5,1.0.0,2026-07-29T15:06:59.847491+00:00,batch_20260729_150659_a047a5
4220-TINQT,0.426,0,0.5,1.0.0,2026-07-29T15:06:59.847491+00:00,batch_20260729_150659_a047a5
5318-YKDPV,0.0267,0,0.5,1.0.0,2026-07-29T15:06:59.847491+00:00,batch_20260729_150659_a047a5
7975-TZMLR,0.3603,0,0.5,1.0.0,2026-07-29T15:06:59.847491+00:00,batch_20260729_150659_a047a5
0295-QVKPB,0.3474,0,0.5,1.0.0,2026-07-29T15:06:59.847491+00:00,batch_20260729_150659_a047a5
4335-BSMJS,0.0062,0,0.5,1.0.0,2026-07-29T15:06:59.847491+00:00,batch_20260729_150659_a047a5
2311-QYMUQ,0.4794,0,0.5,1.0.0,2026-07-29T15:06:59.847491+00:00,batch_20260729_150659_a047a5
3643-AHCFP,0.7429,1,0.5,1.0.0,2026-07-29T15:06:59.847491+00:00,batch_20260729_150659_a047a5
9146-JRIOX,0.1157,0,0.5,1.0.0,2026-07-29T15:06:59.847491+00:00,batch_20260729_150659_a047a5
3104-OWCGK,0.1029,0,0.5,1.0.0,2026-07-29T15:06:59.847491+00:00,batch_20260729_150659_a047a5
5337-IIWKZ,0.2476,0,0.5,1.0.0,2026-07-29T15:06:59.847491+00:00,batch_20260729_150659_a047a5
9101-BWFSS,0.1531,0,0.5,1.0.0,2026-07-29T15:06:59.847491+00:00,batch_20260729_150659_a047a5
9650-VBUOG,0.0098,0,0.5,1.0.0,2026-07-29T15:06:59.847491+00:00,batch_20260729_150659_a047a5
3487-EARAT,0.009,0,0.5,1.0.0,2026-07-29T15:06:59.847491+00:00,batch_20260729_150659_a047a5
2672-TGEFF,0.4744,0,0.5,1.0.0,2026-07-29T15:06:59.847491+00:00,batch_20260729_150659_a047a5
9231-ZJYAM,0.7377,1,0.5,1.0.0,2026-07-29T15:06:59.847491+00:00,batch_20260729_150659_a047a5
4250-WAROZ,0.26,0,0.5,1.0.0,2026-07-29T15:06:59.847491+00:00,batch_20260729_150659_a047a5
8184-WMOFI,0.0135,0,0.5,1.0.0,2026-07-29T15:06:59.847491+00:00,batch_20260729_150659_a047a5
6982-SSHFK,0.3476,0,0.5,1.0.0,2026-07-29T15:06:59.847491+00:00,batch_20260729_150659_a047a5
6092-QZVPP,0.1488,0,0.5,1.0.0,2026-07-29T15:06:59.847491+00:00,batch_20260729_150659_a047a5
4625-LAMOB,0.0071,0,0.5,1.0.0,2026-07-29T15:06:59.847491+00:00,batch_20260729_150659_a047a5
0727-BMPLR,0.3387,0,0.5,1.0.0,2026-07-29T15:06:59.847491+00:00,batch_20260729_150659_a047a5
0392-BZIUW,0.08,0,0.5,1.0.0,2026-07-29T15:06:59.847491+00:00,batch_20260729_150659_a047a5
1038-ZAGBI,0.0466,0,0.5,1.0.0,2026-07-29T15:06:59.847491+00:00,batch_20260729_150659_a047a5
6549-NNDYT,0.3568,0,0.5,1.0.0,2026-07-29T15:06:59.847491+00:00,batch_20260729_150659_a047a5
3027-ZTDHO,0.7986,1,0.5,1.0.0,2026-07-29T15:06:59.847491+00:00,batch_20260729_150659_a047a5
0422-OHQHQ,0.0427,0,0.5,1.0.0,2026-07-29T15:06:59.847491+00:00,batch_20260729_150659_a047a5
6916-HIJSE,0.0149,0,0.5,1.0.0,2026-07-29T15:06:59.847491+00:00,batch_20260729_150659_a047a5
2316-ESMLS,0.0855,0,0.5,1.0.0,2026-07-29T15:06:59.847491+00:00,batch_20260729_150659_a047a5
9778-OGKQZ,0.0178,0,0.5,1.0.0,2026-07-29T15:06:59.847491+00:00,batch_20260729_150659_a047a5
7408-OFWXJ,0.0089,0,0.5,1.0.0,2026-07-29T15:06:59.847491+00:00,batch_20260729_150659_a047a5
6007-TCTST,0.0463,0,0.5,1.0.0,2026-07-29T15:06:59.847491+00:00,batch_20260729_150659_a047a5
2252-NKNSI,0.0233,0,0.5,1.0.0,2026-07-29T15:06:59.847491+00:00,batch_20260729_150659_a047a5
8713-IGZSO,0.2189,0,0.5,1.0.0,2026-07-29T15:06:59.847491+00:00,batch_20260729_150659_a047a5
7905-TVXTA,0.358,0,0.5,1.0.0,2026-07-29T15:06:59.847491+00:00,batch_20260729_150659_a047a5
7695-PKLCZ,0.0024,0,0.5,1.0.0,2026-07-29T15:06:59.847491+00:00,batch_20260729_150659_a047a5
2382-BCKQJ,0.2585,0,0.5,1.0.0,2026-07-29T15:06:59.847491+00:00,batch_20260729_150659_a047a5
8374-UULRV,0.0106,0,0.5,1.0.0,2026-07-29T15:06:59.847491+00:00,batch_20260729_150659_a047a5
2207-NHRJK,0.3918,0,0.5,1.0.0,2026-07-29T15:06:59.847491+00:00,batch_20260729_150659_a047a5
3224-DFQNQ,0.0523,0,0.5,1.0.0,2026-07-29T15:06:59.847491+00:00,batch_20260729_150659_a047a5
5275-PMFUT,0.0121,0,0.5,1.0.0,2026-07-29T15:06:59.847491+00:00,batch_20260729_150659_a047a5
4795-UXVCJ,0.0302,0,0.5,1.0.0,2026-07-29T15:06:59.847491+00:00,batch_20260729_150659_a047a5
9777-IQHWP,0.0363,0,0.5,1.0.0,2026-07-29T15:06:59.847491+00:00,batch_20260729_150659_a047a5
0947-MUGVO,0.5329,1,0.5,1.0.0,2026-07-29T15:06:59.847491+00:00,batch_20260729_150659_a047a5
9944-HKVVB,0.7629,1,0.5,1.0.0,2026-07-29T15:06:59.847491+00:00,batch_20260729_150659_a047a5
4124-MMETB,0.6459,1,0.5,1.0.0,2026-07-29T15:06:59.847491+00:00,batch_20260729_150659_a047a5
3671-SHRSP,0.5279,1,0.5,1.0.0,2026-07-29T15:06:59.847491+00:00,batch_20260729_150659_a047a5
0979-MOZQI,0.0194,0,0.5,1.0.0,2026-07-29T15:06:59.847491+00:00,batch_20260729_150659_a047a5
2732-ISEZX,0.2237,0,0.5,1.0.0,2026-07-29T15:06:59.847491+00:00,batch_20260729_150659_a047a5
3313-QKNKB,0.1725,0,0.5,1.0.0,2026-07-29T15:06:59.847491+00:00,batch_20260729_150659_a047a5
0323-XWWTN,0.0706,0,0.5,1.0.0,2026-07-29T15:06:59.847491+00:00,batch_20260729_150659_a047a5
1937-OTUKY,0.0386,0,0.5,1.0.0,2026-07-29T15:06:59.847491+00:00,batch_20260729_150659_a047a5
1573-LGXBA,0.1454,0,0.5,1.0.0,2026-07-29T15:06:59.847491+00:00,batch_20260729_150659_a047a5
1764-VUUMT,0.002,0,0.5,1.0.0,2026-07-29T15:06:59.847491+00:00,batch_20260729_150659_a047a5
5073-WXOYN,0.2035,0,0.5,1.0.0,2026-07-29T15:06:59.847491+00:00,batch_20260729_150659_a047a5
4713-ZBURT,0.1163,0,0.5,1.0.0,2026-07-29T15:06:59.847491+00:00,batch_20260729_150659_a047a5
3050-GBUSH,0.5977,1,0.5,1.0.0,2026-07-29T15:06:59.847491+00:00,batch_20260729_150659_a047a5
0207-MDKNV,0.4655,0,0.5,1.0.0,2026-07-29T15:06:59.847491+00:00,batch_20260729_150659_a047a5
7876-AEHIG,0.036,0,0.5,1.0.0,2026-07-29T15:06:59.847491+00:00,batch_20260729_150659_a047a5
7945-HLKEA,0.0245,0,0.5,1.0.0,2026-07-29T15:06:59.847491+00:00,batch_20260729_150659_a047a5
9342-VNIMQ,0.1874,0,0.5,1.0.0,2026-07-29T15:06:59.847491+00:00,batch_20260729_150659_a047a5
9851-KIELU,0.5566,1,0.5,1.0.0,2026-07-29T15:06:59.847491+00:00,batch_20260729_150659_a047a5
3523-BRGUW,0.0304,0,0.5,1.0.0,2026-07-29T15:06:59.847491+00:00,batch_20260729_150659_a047a5
3908-BLSYF,0.6493,1,0.5,1.0.0,2026-07-29T15:06:59.847491+00:00,batch_20260729_150659_a047a5
3199-NPKCN,0.1735,0,0.5,1.0.0,2026-07-29T15:06:59.847491+00:00,batch_20260729_150659_a047a5
5170-PTRKA,0.0282,0,0.5,1.0.0,2026-07-29T15:06:59.847491+00:00,batch_20260729_150659_a047a5
4661-NJEUX,0.2569,0,0.5,1.0.0,2026-07-29T15:06:59.847491+00:00,batch_20260729_150659_a047a5
2123-AGEEN,0.7243,1,0.5,1.0.0,2026-07-29T15:06:59.847491+00:00,batch_20260729_150659_a047a5
1258-YMZNM,0.3226,0,0.5,1.0.0,2026-07-29T15:06:59.847491+00:00,batch_20260729_150659_a047a5
0048-LUMLS,0.18,0,0.5,1.0.0,2026-07-29T15:06:59.847491+00:00,batch_20260729_150659_a047a5
7549-MYGPK,0.2505,0,0.5,1.0.0,2026-07-29T15:06:59.847491+00:00,batch_20260729_150659_a047a5
5898-IGSLP,0.2474,0,0.5,1.0.0,2026-07-29T15:06:59.847491+00:00,batch_20260729_150659_a047a5
3804-RVTGV,0.3732,0,0.5,1.0.0,2026-07-29T15:06:59.847491+00:00,batch_20260729_150659_a047a5
6259-WJQLC,0.4468,0,0.5,1.0.0,2026-07-29T15:06:59.847491+00:00,batch_20260729_150659_a047a5
9227-LUNBG,0.5668,1,0.5,1.0.0,2026-07-29T15:06:59.847491+00:00,batch_20260729_150659_a047a5
7997-EASSD,0.0801,0,0.5,1.0.0,2026-07-29T15:06:59.847491+00:00,batch_20260729_150659_a047a5
0730-KOAVE,0.4024,0,0.5,1.0.0,2026-07-29T15:06:59.847491+00:00,batch_20260729_150659_a047a5
8975-SKGRX,0.0588,0,0.5,1.0.0,2026-07-29T15:06:59.847491+00:00,batch_20260729_150659_a047a5
0678-RLHVP,0.1508,0,0.5,1.0.0,2026-07-29T15:06:59.847491+00:00,batch_20260729_150659_a047a5
4315-MURBD,0.4763,0,0.5,1.0.0,2026-07-29T15:06:59.847491+00:00,batch_20260729_150659_a047a5
2267-FPIMA,0.292,0,0.5,1.0.0,2026-07-29T15:06:59.847491+00:00,batch_20260729_150659_a047a5
1051-GEJLJ,0.1812,0,0.5,1.0.0,2026-07-29T15:06:59.847491+00:00,batch_20260729_150659_a047a5
9734-YWGEX,0.6451,1,0.5,1.0.0,2026-07-29T15:06:59.847491+00:00,batch_20260729_150659_a047a5
2719-BDAQO,0.5413,1,0.5,1.0.0,2026-07-29T15:06:59.847491+00:00,batch_20260729_150659_a047a5
5285-MVEHD,0.1536,0,0.5,1.0.0,2026-07-29T15:06:59.847491+00:00,batch_20260729_150659_a047a5
0379-DJQHR,0.0107,0,0.5,1.0.0,2026-07-29T15:06:59.847491+00:00,batch_20260729_150659_a047a5
0781-LKXBR,0.802,1,0.5,1.0.0,2026-07-29T15:06:59.847491+00:00,batch_20260729_150659_a047a5
5543-QDCRY,0.5535,1,0.5,1.0.0,2026-07-29T15:06:59.847491+00:00,batch_20260729_150659_a047a5
0297-RBCSG,0.1154,0,0.5,1.0.0,2026-07-29T15:06:59.847491+00:00,batch_20260729_150659_a047a5
4694-PHWFW,0.1175,0,0.5,1.0.0,2026-07-29T15:06:59.847491+00:00,batch_20260729_150659_a047a5
0835-JKADZ,0.1065,0,0.5,1.0.0,2026-07-29T15:06:59.847491+00:00,batch_20260729_150659_a047a5
1907-UBQFC,0.6096,1,0.5,1.0.0,2026-07-29T15:06:59.847491+00:00,batch_20260729_150659_a047a5
7508-SMHXL,0.4957,0,0.5,1.0.0,2026-07-29T15:06:59.847491+00:00,batch_20260729_150659_a047a5
3865-YIOTT,0.125,0,0.5,1.0.0,2026-07-29T15:06:59.847491+00:00,batch_20260729_150659_a047a5
5993-BQHEA,0.0574,0,0.5,1.0.0,2026-07-29T15:06:59.847491+00:00,batch_20260729_150659_a047a5
6024-RUGGH,0.0032,0,0.5,1.0.0,2026-07-29T15:06:59.847491+00:00,batch_20260729_150659_a047a5
6513-EECDB,0.7619,1,0.5,1.0.0,2026-07-29T15:06:59.847491+00:00,batch_20260729_150659_a047a5
3956-CJUST,0.3647,0,0.5,1.0.0,2026-07-29T15:06:59.847491+00:00,batch_20260729_150659_a047a5
4079-WWQQQ,0.0158,0,0.5,1.0.0,2026-07-29T15:06:59.847491+00:00,batch_20260729_150659_a047a5
6103-BOCOU,0.5956,1,0.5,1.0.0,2026-07-29T15:06:59.847491+00:00,batch_20260729_150659_a047a5
5149-TGWDZ,0.3041,0,0.5,1.0.0,2026-07-29T15:06:59.847491+00:00,batch_20260729_150659_a047a5
7471-WNSUF,0.0089,0,0.5,1.0.0,2026-07-29T15:06:59.847491+00:00,batch_20260729_150659_a047a5
8942-DBMHZ,0.1235,0,0.5,1.0.0,2026-07-29T15:06:59.847491+00:00,batch_20260729_150659_a047a5
4301-VVZKA,0.6608,1,0.5,1.0.0,2026-07-29T15:06:59.847491+00:00,batch_20260729_150659_a047a5
9199-PWQVC,0.0488,0,0.5,1.0.0,2026-07-29T15:06:59.847491+00:00,batch_20260729_150659_a047a5
4824-GUCBY,0.3485,0,0.5,1.0.0,2026-07-29T15:06:59.847491+00:00,batch_20260729_150659_a047a5
5393-HJZSM,0.0689,0,0.5,1.0.0,2026-07-29T15:06:59.847491+00:00,batch_20260729_150659_a047a5
7074-IEVOJ,0.7163,1,0.5,1.0.0,2026-07-29T15:06:59.847491+00:00,batch_20260729_150659_a047a5
9625-QSTYE,0.5944,1,0.5,1.0.0,2026-07-29T15:06:59.847491+00:00,batch_20260729_150659_a047a5
0862-PRCBS,0.0553,0,0.5,1.0.0,2026-07-29T15:06:59.847491+00:00,batch_20260729_150659_a047a5
8812-ZRHFP,0.2446,0,0.5,1.0.0,2026-07-29T15:06:59.847491+00:00,batch_20260729_150659_a047a5
5146-CBVOE,0.3777,0,0.5,1.0.0,2026-07-29T15:06:59.847491+00:00,batch_20260729_150659_a047a5
0454-OKRCT,0.0533,0,0.5,1.0.0,2026-07-29T15:06:59.847491+00:00,batch_20260729_150659_a047a5
5787-KXGIY,0.0019,0,0.5,1.0.0,2026-07-29T15:06:59.847491+00:00,batch_20260729_150659_a047a5
4750-ZRXIU,0.7861,1,0.5,1.0.0,2026-07-29T15:06:59.847491+00:00,batch_20260729_150659_a047a5
4198-VFOEA,0.1555,0,0.5,1.0.0,2026-07-29T15:06:59.847491+00:00,batch_20260729_150659_a047a5
6630-UJZMY,0.7811,1,0.5,1.0.0,2026-07-29T15:06:59.847491+00:00,batch_20260729_150659_a047a5
5709-LVOEQ,0.1218,0,0.5,1.0.0,2026-07-29T15:06:59.847491+00:00,batch_20260729_150659_a047a5
6400-BWQKW,0.6527,1,0.5,1.0.0,2026-07-29T15:06:59.847491+00:00,batch_20260729_150659_a047a5
2692-AQCPF,0.1453,0,0.5,1.0.0,2026-07-29T15:06:59.847491+00:00,batch_20260729_150659_a047a5
0347-UBKUZ,0.109,0,0.5,1.0.0,2026-07-29T15:06:59.847491+00:00,batch_20260729_150659_a047a5
0835-DUUIQ,0.0275,0,0.5,1.0.0,2026-07-29T15:06:59.847491+00:00,batch_20260729_150659_a047a5
0811-GSDTP,0.3422,0,0.5,1.0.0,2026-07-29T15:06:59.847491+00:00,batch_20260729_150659_a047a5
7567-ECMCM,0.5101,1,0.5,1.0.0,2026-07-29T15:06:59.847491+00:00,batch_20260729_150659_a047a5
6115-ZTBFQ,0.0111,0,0.5,1.0.0,2026-07-29T15:06:59.847491+00:00,batch_20260729_150659_a047a5
6353-BRMMA,0.2818,0,0.5,1.0.0,2026-07-29T15:06:59.847491+00:00,batch_20260729_150659_a047a5
6680-WKXRZ,0.5776,1,0.5,1.0.0,2026-07-29T15:06:59.847491+00:00,batch_20260729_150659_a047a5
6231-WFGFH,0.1939,0,0.5,1.0.0,2026-07-29T15:06:59.847491+00:00,batch_20260729_150659_a047a5
9904-EHEVJ,0.4735,0,0.5,1.0.0,2026-07-29T15:06:59.847491+00:00,batch_20260729_150659_a047a5
7028-DVOIQ,0.6541,1,0.5,1.0.0,2026-07-29T15:06:59.847491+00:00,batch_20260729_150659_a047a5
6169-PPETC,0.0088,0,0.5,1.0.0,2026-07-29T15:06:59.847491+00:00,batch_20260729_150659_a047a5
4208-UFFGW,0.339,0,0.5,1.0.0,2026-07-29T15:06:59.847491+00:00,batch_20260729_150659_a047a5
8584-KMVXD,0.5339,1,0.5,1.0.0,2026-07-29T15:06:59.847491+00:00,batch_20260729_150659_a047a5
8467-WYNSR,0.1016,0,0.5,1.0.0,2026-07-29T15:06:59.847491+00:00,batch_20260729_150659_a047a5
0851-DFJKB,0.1748,0,0.5,1.0.0,2026-07-29T15:06:59.847491+00:00,batch_20260729_150659_a047a5
5382-SOYZL,0.7336,1,0.5,1.0.0,2026-07-29T15:06:59.847491+00:00,batch_20260729_150659_a047a5
9448-REEVD,0.3378,0,0.5,1.0.0,2026-07-29T15:06:59.847491+00:00,batch_20260729_150659_a047a5
3261-CQXOL,0.0023,0,0.5,1.0.0,2026-07-29T15:06:59.847491+00:00,batch_20260729_150659_a047a5
8388-FYNPZ,0.3259,0,0.5,1.0.0,2026-07-29T15:06:59.847491+00:00,batch_20260729_150659_a047a5
4002-BQWPQ,0.1325,0,0.5,1.0.0,2026-07-29T15:06:59.847491+00:00,batch_20260729_150659_a047a5
5651-YLPRD,0.4496,0,0.5,1.0.0,2026-07-29T15:06:59.847491+00:00,batch_20260729_150659_a047a5
2826-DXLQO,0.3293,0,0.5,1.0.0,2026-07-29T15:06:59.847491+00:00,batch_20260729_150659_a047a5
4378-BZYFP,0.0707,0,0.5,1.0.0,2026-07-29T15:06:59.847491+00:00,batch_20260729_150659_a047a5
9489-UTFKA,0.2626,0,0.5,1.0.0,2026-07-29T15:06:59.847491+00:00,batch_20260729_150659_a047a5
4849-PYRLQ,0.0135,0,0.5,1.0.0,2026-07-29T15:06:59.847491+00:00,batch_20260729_150659_a047a5
9117-SHLZX,0.4433,0,0.5,1.0.0,2026-07-29T15:06:59.847491+00:00,batch_20260729_150659_a047a5
9889-TMAHG,0.4116,0,0.5,1.0.0,2026-07-29T15:06:59.847491+00:00,batch_20260729_150659_a047a5
4541-RMRLG,0.1967,0,0.5,1.0.0,2026-07-29T15:06:59.847491+00:00,batch_20260729_150659_a047a5
7764-BDPEE,0.1442,0,0.5,1.0.0,2026-07-29T15:06:59.847491+00:00,batch_20260729_150659_a047a5
3429-IFLEM,0.006,0,0.5,1.0.0,2026-07-29T15:06:59.847491+00:00,batch_20260729_150659_a047a5
3158-MOERK,0.829,1,0.5,1.0.0,2026-07-29T15:06:59.847491+00:00,batch_20260729_150659_a047a5
7294-TMAOP,0.7287,1,0.5,1.0.0,2026-07-29T15:06:59.847491+00:00,batch_20260729_150659_a047a5
5002-GCQFH,0.2919,0,0.5,1.0.0,2026-07-29T15:06:59.847491+00:00,batch_20260729_150659_a047a5
0556-FJEGU,0.0117,0,0.5,1.0.0,2026-07-29T15:06:59.847491+00:00,batch_20260729_150659_a047a5
8919-FYFQZ,0.2034,0,0.5,1.0.0,2026-07-29T15:06:59.847491+00:00,batch_20260729_150659_a047a5
0604-THJFP,0.0181,0,0.5,1.0.0,2026-07-29T15:06:59.847491+00:00,batch_20260729_150659_a047a5
2834-JRTUA,0.0798,0,0.5,1.0.0,2026-07-29T15:06:59.847491+00:00,batch_20260729_150659_a047a5
5875-YPQFJ,0.7176,1,0.5,1.0.0,2026-07-29T15:06:59.847491+00:00,batch_20260729_150659_a047a5
5879-SESNB,0.6098,1,0.5,1.0.0,2026-07-29T15:06:59.847491+00:00,batch_20260729_150659_a047a5
6646-QVXLR,0.2733,0,0.5,1.0.0,2026-07-29T15:06:59.847491+00:00,batch_20260729_150659_a047a5
6461-PPAXN,0.034,0,0.5,1.0.0,2026-07-29T15:06:59.847491+00:00,batch_20260729_150659_a047a5
3318-ISQFQ,0.1206,0,0.5,1.0.0,2026-07-29T15:06:59.847491+00:00,batch_20260729_150659_a047a5
1106-HRLKZ,0.0072,0,0.5,1.0.0,2026-07-29T15:06:59.847491+00:00,batch_20260729_150659_a047a5
2483-XSSMZ,0.0723,0,0.5,1.0.0,2026-07-29T15:06:59.847491+00:00,batch_20260729_150659_a047a5
8603-IJWDN,0.8027,1,0.5,1.0.0,2026-07-29T15:06:59.847491+00:00,batch_20260729_150659_a047a5
8165-ZJRNM,0.0021,0,0.5,1.0.0,2026-07-29T15:06:59.847491+00:00,batch_20260729_150659_a047a5
9369-XFEHK,0.4017,0,0.5,1.0.0,2026-07-29T15:06:59.847491+00:00,batch_20260729_150659_a047a5
2604-XVDAM,0.2456,0,0.5,1.0.0,2026-07-29T15:06:59.847491+00:00,batch_20260729_150659_a047a5
3717-OFRTN,0.1824,0,0.5,1.0.0,2026-07-29T15:06:59.847491+00:00,batch_20260729_150659_a047a5
9046-JBFWA,0.0519,0,0.5,1.0.0,2026-07-29T15:06:59.847491+00:00,batch_20260729_150659_a047a5
3280-NMUVX,0.0171,0,0.5,1.0.0,2026-07-29T15:06:59.847491+00:00,batch_20260729_150659_a047a5
1206-EHBDD,0.0329,0,0.5,1.0.0,2026-07-29T15:06:59.847491+00:00,batch_20260729_150659_a047a5
8361-LBRDI,0.0049,0,0.5,1.0.0,2026-07-29T15:06:59.847491+00:00,batch_20260729_150659_a047a5
4883-KCPZJ,0.02,0,0.5,1.0.0,2026-07-29T15:06:59.847491+00:00,batch_20260729_150659_a047a5
9108-EQPNQ,0.0338,0,0.5,1.0.0,2026-07-29T15:06:59.847491+00:00,batch_20260729_150659_a047a5
7277-KAMWT,0.0293,0,0.5,1.0.0,2026-07-29T15:06:59.847491+00:00,batch_20260729_150659_a047a5
3842-IYKUE,0.2186,0,0.5,1.0.0,2026-07-29T15:06:59.847491+00:00,batch_20260729_150659_a047a5
6641-XRPSU,0.3536,0,0.5,1.0.0,2026-07-29T15:06:59.847491+00:00,batch_20260729_150659_a047a5
1374-DMZUI,0.8211,1,0.5,1.0.0,2026-07-29T15:06:59.847491+00:00,batch_20260729_150659_a047a5
2545-LXYVJ,0.002,0,0.5,1.0.0,2026-07-29T15:06:59.847491+00:00,batch_20260729_150659_a047a5
3234-VKACU,0.4286,0,0.5,1.0.0,2026-07-29T15:06:59.847491+00:00,batch_20260729_150659_a047a5
8357-EQXFO,0.7711,1,0.5,1.0.0,2026-07-29T15:06:59.847491+00:00,batch_20260729_150659_a047a5
1989-PRJHP,0.5669,1,0.5,1.0.0,2026-07-29T15:06:59.847491+00:00,batch_20260729_150659_a047a5
8120-JDCAM,0.5654,1,0.5,1.0.0,2026-07-29T15:06:59.847491+00:00,batch_20260729_150659_a047a5
8917-FAEMR,0.0104,0,0.5,1.0.0,2026-07-29T15:06:59.847491+00:00,batch_20260729_150659_a047a5
7047-YXDMZ,0.0844,0,0.5,1.0.0,2026-07-29T15:06:59.847491+00:00,batch_20260729_150659_a047a5
2858-EIMXH,0.2557,0,0.5,1.0.0,2026-07-29T15:06:59.847491+00:00,batch_20260729_150659_a047a5
9524-EGPJC,0.615,1,0.5,1.0.0,2026-07-29T15:06:59.847491+00:00,batch_20260729_150659_a047a5
6993-OHLXR,0.621,1,0.5,1.0.0,2026-07-29T15:06:59.847491+00:00,batch_20260729_150659_a047a5
8818-XYFCQ,0.4422,0,0.5,1.0.0,2026-07-29T15:06:59.847491+00:00,batch_20260729_150659_a047a5
6419-ZTTLE,0.0756,0,0.5,1.0.0,2026-07-29T15:06:59.847491+00:00,batch_20260729_150659_a047a5
0929-HYQEW,0.3412,0,0.5,1.0.0,2026-07-29T15:06:59.847491+00:00,batch_20260729_150659_a047a5
6614-YOLAC,0.0079,0,0.5,1.0.0,2026-07-29T15:06:59.847491+00:00,batch_20260729_150659_a047a5
7426-RHZGU,0.5875,1,0.5,1.0.0,2026-07-29T15:06:59.847491+00:00,batch_20260729_150659_a047a5
4065-JJAVA,0.3899,0,0.5,1.0.0,2026-07-29T15:06:59.847491+00:00,batch_20260729_150659_a047a5
4695-VADHF,0.2813,0,0.5,1.0.0,2026-07-29T15:06:59.847491+00:00,batch_20260729_150659_a047a5
3863-IUBJR,0.1326,0,0.5,1.0.0,2026-07-29T15:06:59.847491+00:00,batch_20260729_150659_a047a5
7649-SIJJF,0.0121,0,0.5,1.0.0,2026-07-29T15:06:59.847491+00:00,batch_20260729_150659_a047a5
9361-YNQWJ,0.0109,0,0.5,1.0.0,2026-07-29T15:06:59.847491+00:00,batch_20260729_150659_a047a5
3748-FVMZZ,0.5897,1,0.5,1.0.0,2026-07-29T15:06:59.847491+00:00,batch_20260729_150659_a047a5
9391-TTOYH,0.1107,0,0.5,1.0.0,2026-07-29T15:06:59.847491+00:00,batch_20260729_150659_a047a5
1452-XRSJV,0.0615,0,0.5,1.0.0,2026-07-29T15:06:59.847491+00:00,batch_20260729_150659_a047a5
3422-WJOYD,0.0384,0,0.5,1.0.0,2026-07-29T15:06:59.847491+00:00,batch_20260729_150659_a047a5
8242-SOQUO,0.7012,1,0.5,1.0.0,2026-07-29T15:06:59.847491+00:00,batch_20260729_150659_a047a5
7460-ITWWP,0.4559,0,0.5,1.0.0,2026-07-29T15:06:59.847491+00:00,batch_20260729_150659_a047a5
7147-AYBAA,0.3396,0,0.5,1.0.0,2026-07-29T15:06:59.847491+00:00,batch_20260729_150659_a047a5
7868-TMWMZ,0.056,0,0.5,1.0.0,2026-07-29T15:06:59.847491+00:00,batch_20260729_150659_a047a5
4822-RVYBB,0.8065,1,0.5,1.0.0,2026-07-29T15:06:59.847491+00:00,batch_20260729_150659_a047a5
6732-FZUGP,0.1371,0,0.5,1.0.0,2026-07-29T15:06:59.847491+00:00,batch_20260729_150659_a047a5
8436-BJUMM,0.58,1,0.5,1.0.0,2026-07-29T15:06:59.847491+00:00,batch_20260729_150659_a047a5
4184-TJFAN,0.438,0,0.5,1.0.0,2026-07-29T15:06:59.847491+00:00,batch_20260729_150659_a047a5
8329-GWVPJ,0.203,0,0.5,1.0.0,2026-07-29T15:06:59.847491+00:00,batch_20260729_150659_a047a5
1352-VHKAJ,0.176,0,0.5,1.0.0,2026-07-29T15:06:59.847491+00:00,batch_20260729_150659_a047a5
4145-UQXUQ,0.7613,1,0.5,1.0.0,2026-07-29T15:06:59.847491+00:00,batch_20260729_150659_a047a5
2632-TACXW,0.0041,0,0.5,1.0.0,2026-07-29T15:06:59.847491+00:00,batch_20260729_150659_a047a5
8146-QQKZH,0.0099,0,0.5,1.0.0,2026-07-29T15:06:59.847491+00:00,batch_20260729_150659_a047a5
1767-CJKBA,0.0037,0,0.5,1.0.0,2026-07-29T15:06:59.847491+00:00,batch_20260729_150659_a047a5
6445-TNRXS,0.0487,0,0.5,1.0.0,2026-07-29T15:06:59.847491+00:00,batch_20260729_150659_a047a5
4581-LNWUM,0.5614,1,0.5,1.0.0,2026-07-29T15:06:59.847491+00:00,batch_20260729_150659_a047a5
4869-EPIUS,0.2031,0,0.5,1.0.0,2026-07-29T15:06:59.847491+00:00,batch_20260729_150659_a047a5
9948-YPTDG,0.3155,0,0.5,1.0.0,2026-07-29T15:06:59.847491+00:00,batch_20260729_150659_a047a5
1236-WFCDV,0.55,1,0.5,1.0.0,2026-07-29T15:06:59.847491+00:00,batch_20260729_150659_a047a5
1915-OAKWD,0.0566,0,0.5,1.0.0,2026-07-29T15:06:59.847491+00:00,batch_20260729_150659_a047a5
7296-PIXQY,0.4695,0,0.5,1.0.0,2026-07-29T15:06:59.847491+00:00,batch_20260729_150659_a047a5
4883-QICIH,0.3253,0,0.5,1.0.0,2026-07-29T15:06:59.847491+00:00,batch_20260729_150659_a047a5
3354-OADJP,0.0772,0,0.5,1.0.0,2026-07-29T15:06:59.847491+00:00,batch_20260729_150659_a047a5
3524-WQDSG,0.4532,0,0.5,1.0.0,2026-07-29T15:06:59.847491+00:00,batch_20260729_150659_a047a5
0810-DHDBD,0.0292,0,0.5,1.0.0,2026-07-29T15:06:59.847491+00:00,batch_20260729_150659_a047a5
4026-SKKHW,0.3275,0,0.5,1.0.0,2026-07-29T15:06:59.847491+00:00,batch_20260729_150659_a047a5
2829-HYVZP,0.0413,0,0.5,1.0.0,2026-07-29T15:06:59.847491+00:00,batch_20260729_150659_a047a5
8329-IBCTI,0.1888,0,0.5,1.0.0,2026-07-29T15:06:59.847491+00:00,batch_20260729_150659_a047a5
1271-SJBGZ,0.5097,1,0.5,1.0.0,2026-07-29T15:06:59.847491+00:00,batch_20260729_150659_a047a5
3845-JHAMY,0.4094,0,0.5,1.0.0,2026-07-29T15:06:59.847491+00:00,batch_20260729_150659_a047a5
7013-PSXHK,0.1189,0,0.5,1.0.0,2026-07-29T15:06:59.847491+00:00,batch_20260729_150659_a047a5
5669-SRAIP,0.5857,1,0.5,1.0.0,2026-07-29T15:06:59.847491+00:00,batch_20260729_150659_a047a5
5981-ITEMU,0.5238,1,0.5,1.0.0,2026-07-29T15:06:59.847491+00:00,batch_20260729_150659_a047a5
3486-NPGST,0.0201,0,0.5,1.0.0,2026-07-29T15:06:59.847491+00:00,batch_20260729_150659_a047a5
6941-PMGEP,0.7386,1,0.5,1.0.0,2026-07-29T15:06:59.847491+00:00,batch_20260729_150659_a047a5
1624-WOIWJ,0.542,1,0.5,1.0.0,2026-07-29T15:06:59.847491+00:00,batch_20260729_150659_a047a5
2074-GKOWZ,0.677,1,0.5,1.0.0,2026-07-29T15:06:59.847491+00:00,batch_20260729_150659_a047a5
0376-YMCJC,0.5675,1,0.5,1.0.0,2026-07-29T15:06:59.847491+00:00,batch_20260729_150659_a047a5
6100-FJZDG,0.0365,0,0.5,1.0.0,2026-07-29T15:06:59.847491+00:00,batch_20260729_150659_a047a5
4829-ZLJTK,0.1106,0,0.5,1.0.0,2026-07-29T15:06:59.847491+00:00,batch_20260729_150659_a047a5
1730-VFMWO,0.0878,0,0.5,1.0.0,2026-07-29T15:06:59.847491+00:00,batch_20260729_150659_a047a5
7143-BQIBA,0.1728,0,0.5,1.0.0,2026-07-29T15:06:59.847491+00:00,batch_20260729_150659_a047a5
3800-LYTRK,0.0657,0,0.5,1.0.0,2026-07-29T15:06:59.847491+00:00,batch_20260729_150659_a047a5
0634-SZPQA,0.5001,1,0.5,1.0.0,2026-07-29T15:06:59.847491+00:00,batch_20260729_150659_a047a5
9646-NMHXE,0.0066,0,0.5,1.0.0,2026-07-29T15:06:59.847491+00:00,batch_20260729_150659_a047a5
7030-NJVDP,0.433,0,0.5,1.0.0,2026-07-29T15:06:59.847491+00:00,batch_20260729_150659_a047a5
5536-RTPWK,0.4317,0,0.5,1.0.0,2026-07-29T15:06:59.847491+00:00,batch_20260729_150659_a047a5
8883-GRDWQ,0.0516,0,0.5,1.0.0,2026-07-29T15:06:59.847491+00:00,batch_20260729_150659_a047a5
6166-ILMNY,0.5309,1,0.5,1.0.0,2026-07-29T15:06:59.847491+00:00,batch_20260729_150659_a047a5
3097-NNSPB,0.3789,0,0.5,1.0.0,2026-07-29T15:06:59.847491+00:00,batch_20260729_150659_a047a5
7771-ZONAT,0.0936,0,0.5,1.0.0,2026-07-29T15:06:59.847491+00:00,batch_20260729_150659_a047a5
0655-RBDUG,0.7423,1,0.5,1.0.0,2026-07-29T15:06:59.847491+00:00,batch_20260729_150659_a047a5
2111-DWYHN,0.1902,0,0.5,1.0.0,2026-07-29T15:06:59.847491+00:00,batch_20260729_150659_a047a5
4194-WHFCB,0.1885,0,0.5,1.0.0,2026-07-29T15:06:59.847491+00:00,batch_20260729_150659_a047a5
4121-AGSIN,0.0113,0,0.5,1.0.0,2026-07-29T15:06:59.847491+00:00,batch_20260729_150659_a047a5
4361-BKAXE,0.3305,0,0.5,1.0.0,2026-07-29T15:06:59.847491+00:00,batch_20260729_150659_a047a5
9845-PEEKO,0.0603,0,0.5,1.0.0,2026-07-29T15:06:59.847491+00:00,batch_20260729_150659_a047a5
0455-XFASS,0.6531,1,0.5,1.0.0,2026-07-29T15:06:59.847491+00:00,batch_20260729_150659_a047a5
0301-KOBTQ,0.0183,0,0.5,1.0.0,2026-07-29T15:06:59.847491+00:00,batch_20260729_150659_a047a5
1751-NCDLI,0.5883,1,0.5,1.0.0,2026-07-29T15:06:59.847491+00:00,batch_20260729_150659_a047a5
4367-NUYAO,0.0749,0,0.5,1.0.0,2026-07-29T15:06:59.847491+00:00,batch_20260729_150659_a047a5
9878-TNQGW,0.758,1,0.5,1.0.0,2026-07-29T15:06:59.847491+00:00,batch_20260729_150659_a047a5
9170-ARBTB,0.0074,0,0.5,1.0.0,2026-07-29T15:06:59.847491+00:00,batch_20260729_150659_a047a5
4441-NIHPT,0.6286,1,0.5,1.0.0,2026-07-29T15:06:59.847491+00:00,batch_20260729_150659_a047a5
8999-BOHSE,0.5778,1,0.5,1.0.0,2026-07-29T15:06:59.847491+00:00,batch_20260729_150659_a047a5
7241-AJHFS,0.2109,0,0.5,1.0.0,2026-07-29T15:06:59.847491+00:00,batch_20260729_150659_a047a5
7029-RPUAV,0.6834,1,0.5,1.0.0,2026-07-29T15:06:59.847491+00:00,batch_20260729_150659_a047a5
4546-FOKWR,0.5601,1,0.5,1.0.0,2026-07-29T15:06:59.847491+00:00,batch_20260729_150659_a047a5
9036-CSKBW,0.1513,0,0.5,1.0.0,2026-07-29T15:06:59.847491+00:00,batch_20260729_150659_a047a5
5832-TRLPB,0.1261,0,0.5,1.0.0,2026-07-29T15:06:59.847491+00:00,batch_20260729_150659_a047a5
8590-YFFQO,0.0041,0,0.5,1.0.0,2026-07-29T15:06:59.847491+00:00,batch_20260729_150659_a047a5
8659-IOOPU,0.0341,0,0.5,1.0.0,2026-07-29T15:06:59.847491+00:00,batch_20260729_150659_a047a5
1338-CECEE,0.0577,0,0.5,1.0.0,2026-07-29T15:06:59.847491+00:00,batch_20260729_150659_a047a5
7439-DKZTW,0.7592,1,0.5,1.0.0,2026-07-29T15:06:59.847491+00:00,batch_20260729_150659_a047a5
4646-QZXTF,0.2414,0,0.5,1.0.0,2026-07-29T15:06:59.847491+00:00,batch_20260729_150659_a047a5
4607-CHPCA,0.4092,0,0.5,1.0.0,2026-07-29T15:06:59.847491+00:00,batch_20260729_150659_a047a5
9742-XOKTS,0.0411,0,0.5,1.0.0,2026-07-29T15:06:59.847491+00:00,batch_20260729_150659_a047a5
6921-OZMFH,0.3113,0,0.5,1.0.0,2026-07-29T15:06:59.847491+00:00,batch_20260729_150659_a047a5
9578-FOMUK,0.2008,0,0.5,1.0.0,2026-07-29T15:06:59.847491+00:00,batch_20260729_150659_a047a5
4712-UYOOI,0.0979,0,0.5,1.0.0,2026-07-29T15:06:59.847491+00:00,batch_20260729_150659_a047a5
8824-RWFXJ,0.3375,0,0.5,1.0.0,2026-07-29T15:06:59.847491+00:00,batch_20260729_150659_a047a5
7722-CVFXN,0.1993,0,0.5,1.0.0,2026-07-29T15:06:59.847491+00:00,batch_20260729_150659_a047a5
8717-VCTXJ,0.023,0,0.5,1.0.0,2026-07-29T15:06:59.847491+00:00,batch_20260729_150659_a047a5
7363-QTBIW,0.7166,1,0.5,1.0.0,2026-07-29T15:06:59.847491+00:00,batch_20260729_150659_a047a5
4159-NAAIX,0.0749,0,0.5,1.0.0,2026-07-29T15:06:59.847491+00:00,batch_20260729_150659_a047a5
0971-QIFJK,0.003,0,0.5,1.0.0,2026-07-29T15:06:59.847491+00:00,batch_20260729_150659_a047a5
9397-TZSHA,0.003,0,0.5,1.0.0,2026-07-29T15:06:59.847491+00:00,batch_20260729_150659_a047a5
3391-JSQEW,0.1299,0,0.5,1.0.0,2026-07-29T15:06:59.847491+00:00,batch_20260729_150659_a047a5
0343-QLUZP,0.011,0,0.5,1.0.0,2026-07-29T15:06:59.847491+00:00,batch_20260729_150659_a047a5
9763-PDTKK,0.4863,0,0.5,1.0.0,2026-07-29T15:06:59.847491+00:00,batch_20260729_150659_a047a5
2176-LVPNX,0.0118,0,0.5,1.0.0,2026-07-29T15:06:59.847491+00:00,batch_20260729_150659_a047a5
7627-JKIAZ,0.3968,0,0.5,1.0.0,2026-07-29T15:06:59.847491+00:00,batch_20260729_150659_a047a5
3312-UUMZW,0.5451,1,0.5,1.0.0,2026-07-29T15:06:59.847491+00:00,batch_20260729_150659_a047a5
1271-UODNO,0.0337,0,0.5,1.0.0,2026-07-29T15:06:59.847491+00:00,batch_20260729_150659_a047a5
8461-EFQYM,0.049,0,0.5,1.0.0,2026-07-29T15:06:59.847491+00:00,batch_20260729_150659_a047a5
6900-RBKER,0.1199,0,0.5,1.0.0,2026-07-29T15:06:59.847491+00:00,batch_20260729_150659_a047a5
6891-JPYFF,0.3127,0,0.5,1.0.0,2026-07-29T15:06:59.847491+00:00,batch_20260729_150659_a047a5
1459-QNFQT,0.0094,0,0.5,1.0.0,2026-07-29T15:06:59.847491+00:00,batch_20260729_150659_a047a5
1047-NNCBF,0.3793,0,0.5,1.0.0,2026-07-29T15:06:59.847491+00:00,batch_20260729_150659_a047a5
3696-XRIEN,0.062,0,0.5,1.0.0,2026-07-29T15:06:59.847491+00:00,batch_20260729_150659_a047a5
4081-DYXAV,0.3121,0,0.5,1.0.0,2026-07-29T15:06:59.847491+00:00,batch_20260729_150659_a047a5
0074-HDKDG,0.0669,0,0.5,1.0.0,2026-07-29T15:06:59.847491+00:00,batch_20260729_150659_a047a5
8791-GFXLZ,0.2946,0,0.5,1.0.0,2026-07-29T15:06:59.847491+00:00,batch_20260729_150659_a047a5
8111-SLLHI,0.623,1,0.5,1.0.0,2026-07-29T15:06:59.847491+00:00,batch_20260729_150659_a047a5
0927-LCSMG,0.5029,1,0.5,1.0.0,2026-07-29T15:06:59.847491+00:00,batch_20260729_150659_a047a5
9330-DHBFL,0.0511,0,0.5,1.0.0,2026-07-29T15:06:59.847491+00:00,batch_20260729_150659_a047a5
0098-BOWSO,0.126,0,0.5,1.0.0,2026-07-29T15:06:59.847491+00:00,batch_20260729_150659_a047a5
3452-ABWRL,0.3801,0,0.5,1.0.0,2026-07-29T15:06:59.847491+00:00,batch_20260729_150659_a047a5
5859-HZYLF,0.019,0,0.5,1.0.0,2026-07-29T15:06:59.847491+00:00,batch_20260729_150659_a047a5
8257-RZAHR,0.346,0,0.5,1.0.0,2026-07-29T15:06:59.847491+00:00,batch_20260729_150659_a047a5
5293-WXJAK,0.6359,1,0.5,1.0.0,2026-07-29T15:06:59.847491+00:00,batch_20260729_150659_a047a5
3156-QLHBO,0.149,0,0.5,1.0.0,2026-07-29T15:06:59.847491+00:00,batch_20260729_150659_a047a5
2208-NQBCT,0.2696,0,0.5,1.0.0,2026-07-29T15:06:59.847491+00:00,batch_20260729_150659_a047a5
1779-PWPMG,0.0559,0,0.5,1.0.0,2026-07-29T15:06:59.847491+00:00,batch_20260729_150659_a047a5
6621-NRZAK,0.0023,0,0.5,1.0.0,2026-07-29T15:06:59.847491+00:00,batch_20260729_150659_a047a5
0831-JNISG,0.0017,0,0.5,1.0.0,2026-07-29T15:06:59.847491+00:00,batch_20260729_150659_a047a5
0774-IFUVM,0.3167,0,0.5,1.0.0,2026-07-29T15:06:59.847491+00:00,batch_20260729_150659_a047a5
3082-WQRVY,0.0551,0,0.5,1.0.0,2026-07-29T15:06:59.847491+00:00,batch_20260729_150659_a047a5
9553-DLCLU,0.0492,0,0.5,1.0.0,2026-07-29T15:06:59.847491+00:00,batch_20260729_150659_a047a5
1641-BYBTK,0.1771,0,0.5,1.0.0,2026-07-29T15:06:59.847491+00:00,batch_20260729_150659_a047a5
2460-NGXBJ,0.5478,1,0.5,1.0.0,2026-07-29T15:06:59.847491+00:00,batch_20260729_150659_a047a5
2446-ZKVAF,0.2276,0,0.5,1.0.0,2026-07-29T15:06:59.847491+00:00,batch_20260729_150659_a047a5
0841-NULXI,0.7112,1,0.5,1.0.0,2026-07-29T15:06:59.847491+00:00,batch_20260729_150659_a047a5
3522-CDKHF,0.3007,0,0.5,1.0.0,2026-07-29T15:06:59.847491+00:00,batch_20260729_150659_a047a5
1430-SFQSA,0.0577,0,0.5,1.0.0,2026-07-29T15:06:59.847491+00:00,batch_20260729_150659_a047a5
0411-EZJZE,0.6153,1,0.5,1.0.0,2026-07-29T15:06:59.847491+00:00,batch_20260729_150659_a047a5
7851-WZEKY,0.829,1,0.5,1.0.0,2026-07-29T15:06:59.847491+00:00,batch_20260729_150659_a047a5
8844-TONUD,0.615,1,0.5,1.0.0,2026-07-29T15:06:59.847491+00:00,batch_20260729_150659_a047a5
8807-ARQET,0.2851,0,0.5,1.0.0,2026-07-29T15:06:59.847491+00:00,batch_20260729_150659_a047a5
8992-CEUEN,0.2451,0,0.5,1.0.0,2026-07-29T15:06:59.847491+00:00,batch_20260729_150659_a047a5
4320-QMLLA,0.3435,0,0.5,1.0.0,2026-07-29T15:06:59.847491+00:00,batch_20260729_150659_a047a5
8777-PVYGU,0.0492,0,0.5,1.0.0,2026-07-29T15:06:59.847491+00:00,batch_20260729_150659_a047a5
8292-ITGYJ,0.0107,0,0.5,1.0.0,2026-07-29T15:06:59.847491+00:00,batch_20260729_150659_a047a5
6870-ZWMNX,0.0106,0,0.5,1.0.0,2026-07-29T15:06:59.847491+00:00,batch_20260729_150659_a047a5
0621-CXBKL,0.0049,0,0.5,1.0.0,2026-07-29T15:06:59.847491+00:00,batch_20260729_150659_a047a5
5268-DSMNQ,0.1568,0,0.5,1.0.0,2026-07-29T15:06:59.847491+00:00,batch_20260729_150659_a047a5
5334-JLAXU,0.2196,0,0.5,1.0.0,2026-07-29T15:06:59.847491+00:00,batch_20260729_150659_a047a5
4086-YQSNZ,0.7485,1,0.5,1.0.0,2026-07-29T15:06:59.847491+00:00,batch_20260729_150659_a047a5
6242-MBHPK,0.6069,1,0.5,1.0.0,2026-07-29T15:06:59.847491+00:00,batch_20260729_150659_a047a5
5868-CZJDR,0.485,0,0.5,1.0.0,2026-07-29T15:06:59.847491+00:00,batch_20260729_150659_a047a5
9359-UGBTK,0.0221,0,0.5,1.0.0,2026-07-29T15:06:59.847491+00:00,batch_20260729_150659_a047a5
0135-NMXAP,0.6211,1,0.5,1.0.0,2026-07-29T15:06:59.847491+00:00,batch_20260729_150659_a047a5
4782-OSFXZ,0.0125,0,0.5,1.0.0,2026-07-29T15:06:59.847491+00:00,batch_20260729_150659_a047a5
6479-OAUSD,0.0321,0,0.5,1.0.0,2026-07-29T15:06:59.847491+00:00,batch_20260729_150659_a047a5
7129-ACFOG,0.4562,0,0.5,1.0.0,2026-07-29T15:06:59.847491+00:00,batch_20260729_150659_a047a5
4189-NAKJS,0.1392,0,0.5,1.0.0,2026-07-29T15:06:59.847491+00:00,batch_20260729_150659_a047a5
5562-BETPV,0.0784,0,0.5,1.0.0,2026-07-29T15:06:59.847491+00:00,batch_20260729_150659_a047a5
1282-IHQAC,0.036,0,0.5,1.0.0,2026-07-29T15:06:59.847491+00:00,batch_20260729_150659_a047a5
9127-FHJBZ,0.0604,0,0.5,1.0.0,2026-07-29T15:06:59.847491+00:00,batch_20260729_150659_a047a5
6270-OMFIW,0.2167,0,0.5,1.0.0,2026-07-29T15:06:59.847491+00:00,batch_20260729_150659_a047a5
1641-RQDAY,0.5902,1,0.5,1.0.0,2026-07-29T15:06:59.847491+00:00,batch_20260729_150659_a047a5
0107-WESLM,0.3263,0,0.5,1.0.0,2026-07-29T15:06:59.847491+00:00,batch_20260729_150659_a047a5
6994-ORCWG,0.1908,0,0.5,1.0.0,2026-07-29T15:06:59.847491+00:00,batch_20260729_150659_a047a5
1346-UFHAX,0.5054,1,0.5,1.0.0,2026-07-29T15:06:59.847491+00:00,batch_20260729_150659_a047a5
3992-YWPKO,0.6284,1,0.5,1.0.0,2026-07-29T15:06:59.847491+00:00,batch_20260729_150659_a047a5
2933-XEUJM,0.0386,0,0.5,1.0.0,2026-07-29T15:06:59.847491+00:00,batch_20260729_150659_a047a5
0125-LZQXK,0.6474,1,0.5,1.0.0,2026-07-29T15:06:59.847491+00:00,batch_20260729_150659_a047a5
5461-QKNTN,0.3923,0,0.5,1.0.0,2026-07-29T15:06:59.847491+00:00,batch_20260729_150659_a047a5
4835-YSJMR,0.0262,0,0.5,1.0.0,2026-07-29T15:06:59.847491+00:00,batch_20260729_150659_a047a5
8399-YNDCH,0.3097,0,0.5,1.0.0,2026-07-29T15:06:59.847491+00:00,batch_20260729_150659_a047a5
3164-YAXFY,0.2027,0,0.5,1.0.0,2026-07-29T15:06:59.847491+00:00,batch_20260729_150659_a047a5
0887-WBJVH,0.2046,0,0.5,1.0.0,2026-07-29T15:06:59.847491+00:00,batch_20260729_150659_a047a5
4660-IRIBM,0.4223,0,0.5,1.0.0,2026-07-29T15:06:59.847491+00:00,batch_20260729_150659_a047a5
5673-FSSMF,0.638,1,0.5,1.0.0,2026-07-29T15:06:59.847491+00:00,batch_20260729_150659_a047a5
7670-ZBPOQ,0.0244,0,0.5,1.0.0,2026-07-29T15:06:59.847491+00:00,batch_20260729_150659_a047a5
8089-UZWLX,0.0796,0,0.5,1.0.0,2026-07-29T15:06:59.847491+00:00,batch_20260729_150659_a047a5
0080-OROZO,0.3212,0,0.5,1.0.0,2026-07-29T15:06:59.847491+00:00,batch_20260729_150659_a047a5
3916-NRPAP,0.5814,1,0.5,1.0.0,2026-07-29T15:06:59.847491+00:00,batch_20260729_150659_a047a5
6807-SIWJI,0.3327,0,0.5,1.0.0,2026-07-29T15:06:59.847491+00:00,batch_20260729_150659_a047a5
8221-HVAYI,0.0217,0,0.5,1.0.0,2026-07-29T15:06:59.847491+00:00,batch_20260729_150659_a047a5
1579-KLYDT,0.7676,1,0.5,1.0.0,2026-07-29T15:06:59.847491+00:00,batch_20260729_150659_a047a5
5232-NXPAY,0.0274,0,0.5,1.0.0,2026-07-29T15:06:59.847491+00:00,batch_20260729_150659_a047a5
8967-SZQAS,0.281,0,0.5,1.0.0,2026-07-29T15:06:59.847491+00:00,batch_20260729_150659_a047a5
4468-KAZHE,0.378,0,0.5,1.0.0,2026-07-29T15:06:59.847491+00:00,batch_20260729_150659_a047a5
0455-ENTCR,0.0179,0,0.5,1.0.0,2026-07-29T15:06:59.847491+00:00,batch_20260729_150659_a047a5
8944-AILEF,0.1478,0,0.5,1.0.0,2026-07-29T15:06:59.847491+00:00,batch_20260729_150659_a047a5
5542-NKVRU,0.0117,0,0.5,1.0.0,2026-07-29T15:06:59.847491+00:00,batch_20260729_150659_a047a5
7126-RBHSD,0.4748,0,0.5,1.0.0,2026-07-29T15:06:59.847491+00:00,batch_20260729_150659_a047a5
5370-IIVVL,0.2445,0,0.5,1.0.0,2026-07-29T15:06:59.847491+00:00,batch_20260729_150659_a047a5
6789-HJBWG,0.3808,0,0.5,1.0.0,2026-07-29T15:06:59.847491+00:00,batch_20260729_150659_a047a5
3927-NLNRY,0.1852,0,0.5,1.0.0,2026-07-29T15:06:59.847491+00:00,batch_20260729_150659_a047a5
9087-EYCPR,0.0048,0,0.5,1.0.0,2026-07-29T15:06:59.847491+00:00,batch_20260729_150659_a047a5
6791-YBNAK,0.2475,0,0.5,1.0.0,2026-07-29T15:06:59.847491+00:00,batch_20260729_150659_a047a5
6358-LYNGM,0.7612,1,0.5,1.0.0,2026-07-29T15:06:59.847491+00:00,batch_20260729_150659_a047a5
6077-BDPXA,0.7028,1,0.5,1.0.0,2026-07-29T15:06:59.847491+00:00,batch_20260729_150659_a047a5
0013-MHZWF,0.3125,0,0.5,1.0.0,2026-07-29T15:06:59.847491+00:00,batch_20260729_150659_a047a5
5494-HECPR,0.7589,1,0.5,1.0.0,2026-07-29T15:06:59.847491+00:00,batch_20260729_150659_a047a5
8268-YDIXR,0.1547,0,0.5,1.0.0,2026-07-29T15:06:59.847491+00:00,batch_20260729_150659_a047a5
9824-BEMCV,0.5336,1,0.5,1.0.0,2026-07-29T15:06:59.847491+00:00,batch_20260729_150659_a047a5
1373-ORVIZ,0.3975,0,0.5,1.0.0,2026-07-29T15:06:59.847491+00:00,batch_20260729_150659_a047a5
4291-SHSBH,0.6745,1,0.5,1.0.0,2026-07-29T15:06:59.847491+00:00,batch_20260729_150659_a047a5
6980-IMXXE,0.0018,0,0.5,1.0.0,2026-07-29T15:06:59.847491+00:00,batch_20260729_150659_a047a5
9866-QEVEE,0.6071,1,0.5,1.0.0,2026-07-29T15:06:59.847491+00:00,batch_20260729_150659_a047a5
9897-KXHCM,0.7067,1,0.5,1.0.0,2026-07-29T15:06:59.847491+00:00,batch_20260729_150659_a047a5
0040-HALCW,0.0036,0,0.5,1.0.0,2026-07-29T15:06:59.847491+00:00,batch_20260729_150659_a047a5
0784-GTUUK,0.0115,0,0.5,1.0.0,2026-07-29T15:06:59.847491+00:00,batch_20260729_150659_a047a5
7979-CORPM,0.5391,1,0.5,1.0.0,2026-07-29T15:06:59.847491+00:00,batch_20260729_150659_a047a5
2294-DMMUS,0.1219,0,0.5,1.0.0,2026-07-29T15:06:59.847491+00:00,batch_20260729_150659_a047a5
0872-JCPIB,0.2445,0,0.5,1.0.0,2026-07-29T15:06:59.847491+00:00,batch_20260729_150659_a047a5
3055-MJDSB,0.4885,0,0.5,1.0.0,2026-07-29T15:06:59.847491+00:00,batch_20260729_150659_a047a5
9091-WTUUY,0.0065,0,0.5,1.0.0,2026-07-29T15:06:59.847491+00:00,batch_20260729_150659_a047a5
1618-CFHME,0.7559,1,0.5,1.0.0,2026-07-29T15:06:59.847491+00:00,batch_20260729_150659_a047a5
3165-HDOEW,0.3887,0,0.5,1.0.0,2026-07-29T15:06:59.847491+00:00,batch_20260729_150659_a047a5
6581-NQCBA,0.5303,1,0.5,1.0.0,2026-07-29T15:06:59.847491+00:00,batch_20260729_150659_a047a5
7115-IRDHS,0.0027,0,0.5,1.0.0,2026-07-29T15:06:59.847491+00:00,batch_20260729_150659_a047a5
8496-DMZUK,0.1496,0,0.5,1.0.0,2026-07-29T15:06:59.847491+00:00,batch_20260729_150659_a047a5
2040-VZIKE,0.3974,0,0.5,1.0.0,2026-07-29T15:06:59.847491+00:00,batch_20260729_150659_a047a5
9068-VPWQQ,0.0124,0,0.5,1.0.0,2026-07-29T15:06:59.847491+00:00,batch_20260729_150659_a047a5
0178-SZBHO,0.2976,0,0.5,1.0.0,2026-07-29T15:06:59.847491+00:00,batch_20260729_150659_a047a5
0384-RVBPI,0.1892,0,0.5,1.0.0,2026-07-29T15:06:59.847491+00:00,batch_20260729_150659_a047a5
1689-MRZQR,0.3559,0,0.5,1.0.0,2026-07-29T15:06:59.847491+00:00,batch_20260729_150659_a047a5
1299-AURJA,0.0023,0,0.5,1.0.0,2026-07-29T15:06:59.847491+00:00,batch_20260729_150659_a047a5
4525-VZCZG,0.1265,0,0.5,1.0.0,2026-07-29T15:06:59.847491+00:00,batch_20260729_150659_a047a5
1543-LLLFT,0.121,0,0.5,1.0.0,2026-07-29T15:06:59.847491+00:00,batch_20260729_150659_a047a5
5835-BEQEU,0.7513,1,0.5,1.0.0,2026-07-29T15:06:59.847491+00:00,batch_20260729_150659_a047a5
2788-CJQAQ,0.0576,0,0.5,1.0.0,2026-07-29T15:06:59.847491+00:00,batch_20260729_150659_a047a5
5565-FILXA,0.7647,1,0.5,1.0.0,2026-07-29T15:06:59.847491+00:00,batch_20260729_150659_a047a5
0319-QZTCO,0.3669,0,0.5,1.0.0,2026-07-29T15:06:59.847491+00:00,batch_20260729_150659_a047a5
2120-SMPEX,0.1028,0,0.5,1.0.0,2026-07-29T15:06:59.847491+00:00,batch_20260729_150659_a047a5
0096-FCPUF,0.2345,0,0.5,1.0.0,2026-07-29T15:06:59.847491+00:00,batch_20260729_150659_a047a5
0668-OGMHD,0.2772,0,0.5,1.0.0,2026-07-29T15:06:59.847491+00:00,batch_20260729_150659_a047a5
5552-ZNFSJ,0.4291,0,0.5,1.0.0,2026-07-29T15:06:59.847491+00:00,batch_20260729_150659_a047a5
2223-KAGMX,0.104,0,0.5,1.0.0,2026-07-29T15:06:59.847491+00:00,batch_20260729_150659_a047a5
6507-ZJSUR,0.6769,1,0.5,1.0.0,2026-07-29T15:06:59.847491+00:00,batch_20260729_150659_a047a5
9408-HRXRK,0.4253,0,0.5,1.0.0,2026-07-29T15:06:59.847491+00:00,batch_20260729_150659_a047a5
5593-SUAOO,0.1821,0,0.5,1.0.0,2026-07-29T15:06:59.847491+00:00,batch_20260729_150659_a047a5
7321-PKUYW,0.5663,1,0.5,1.0.0,2026-07-29T15:06:59.847491+00:00,batch_20260729_150659_a047a5
2833-SLKDQ,0.3486,0,0.5,1.0.0,2026-07-29T15:06:59.847491+00:00,batch_20260729_150659_a047a5
6766-HFKLA,0.0756,0,0.5,1.0.0,2026-07-29T15:06:59.847491+00:00,batch_20260729_150659_a047a5
7595-EUIVN,0.5957,1,0.5,1.0.0,2026-07-29T15:06:59.847491+00:00,batch_20260729_150659_a047a5
7617-EYGLW,0.2458,0,0.5,1.0.0,2026-07-29T15:06:59.847491+00:00,batch_20260729_150659_a047a5
2026-TGDHM,0.7228,1,0.5,1.0.0,2026-07-29T15:06:59.847491+00:00,batch_20260729_150659_a047a5
9220-ZNKJI,0.0416,0,0.5,1.0.0,2026-07-29T15:06:59.847491+00:00,batch_20260729_150659_a047a5
4030-VPZBD,0.5536,1,0.5,1.0.0,2026-07-29T15:06:59.847491+00:00,batch_20260729_150659_a047a5
2226-ICFDO,0.0141,0,0.5,1.0.0,2026-07-29T15:06:59.847491+00:00,batch_20260729_150659_a047a5
0723-VSOBE,0.1029,0,0.5,1.0.0,2026-07-29T15:06:59.847491+00:00,batch_20260729_150659_a047a5
5529-GIBVH,0.0067,0,0.5,1.0.0,2026-07-29T15:06:59.847491+00:00,batch_20260729_150659_a047a5
4187-CINZD,0.1623,0,0.5,1.0.0,2026-07-29T15:06:59.847491+00:00,batch_20260729_150659_a047a5
9992-UJOEL,0.3944,0,0.5,1.0.0,2026-07-29T15:06:59.847491+00:00,batch_20260729_150659_a047a5
4741-WWJQZ,0.5401,1,0.5,1.0.0,2026-07-29T15:06:59.847491+00:00,batch_20260729_150659_a047a5
6625-UTXEW,0.3863,0,0.5,1.0.0,2026-07-29T15:06:59.847491+00:00,batch_20260729_150659_a047a5
6818-WOBHJ,0.2394,0,0.5,1.0.0,2026-07-29T15:06:59.847491+00:00,batch_20260729_150659_a047a5
6244-BESBM,0.0459,0,0.5,1.0.0,2026-07-29T15:06:59.847491+00:00,batch_20260729_150659_a047a5
1004-NOZNR,0.0839,0,0.5,1.0.0,2026-07-29T15:06:59.847491+00:00,batch_20260729_150659_a047a5
1251-STYSZ,0.6704,1,0.5,1.0.0,2026-07-29T15:06:59.847491+00:00,batch_20260729_150659_a047a5
2612-PHGOX,0.0194,0,0.5,1.0.0,2026-07-29T15:06:59.847491+00:00,batch_20260729_150659_a047a5
2408-TZMJL,0.24,0,0.5,1.0.0,2026-07-29T15:06:59.847491+00:00,batch_20260729_150659_a047a5
8480-PPONV,0.0386,0,0.5,1.0.0,2026-07-29T15:06:59.847491+00:00,batch_20260729_150659_a047a5
8780-IHCRN,0.0032,0,0.5,1.0.0,2026-07-29T15:06:59.847491+00:00,batch_20260729_150659_a047a5
4598-ZADCK,0.0562,0,0.5,1.0.0,2026-07-29T15:06:59.847491+00:00,batch_20260729_150659_a047a5
1257-SXUXQ,0.1331,0,0.5,1.0.0,2026-07-29T15:06:59.847491+00:00,batch_20260729_150659_a047a5
9681-KYGYB,0.3008,0,0.5,1.0.0,2026-07-29T15:06:59.847491+00:00,batch_20260729_150659_a047a5
7182-OVLBJ,0.0849,0,0.5,1.0.0,2026-07-29T15:06:59.847491+00:00,batch_20260729_150659_a047a5
5095-ETBRJ,0.0065,0,0.5,1.0.0,2026-07-29T15:06:59.847491+00:00,batch_20260729_150659_a047a5
7005-CYUIL,0.0421,0,0.5,1.0.0,2026-07-29T15:06:59.847491+00:00,batch_20260729_150659_a047a5
4821-WQOYN,0.0022,0,0.5,1.0.0,2026-07-29T15:06:59.847491+00:00,batch_20260729_150659_a047a5
4730-AWNAU,0.0621,0,0.5,1.0.0,2026-07-29T15:06:59.847491+00:00,batch_20260729_150659_a047a5
3452-FLHYD,0.0482,0,0.5,1.0.0,2026-07-29T15:06:59.847491+00:00,batch_20260729_150659_a047a5
2388-LAESQ,0.0557,0,0.5,1.0.0,2026-07-29T15:06:59.847491+00:00,batch_20260729_150659_a047a5
9531-NSBMR,0.0286,0,0.5,1.0.0,2026-07-29T15:06:59.847491+00:00,batch_20260729_150659_a047a5
6260-ONULR,0.5496,1,0.5,1.0.0,2026-07-29T15:06:59.847491+00:00,batch_20260729_150659_a047a5
4389-UEFCZ,0.1136,0,0.5,1.0.0,2026-07-29T15:06:59.847491+00:00,batch_20260729_150659_a047a5
8711-LOBKY,0.003,0,0.5,1.0.0,2026-07-29T15:06:59.847491+00:00,batch_20260729_150659_a047a5
9134-CEQMF,0.7715,1,0.5,1.0.0,2026-07-29T15:06:59.847491+00:00,batch_20260729_150659_a047a5
8985-OOPOS,0.1938,0,0.5,1.0.0,2026-07-29T15:06:59.847491+00:00,batch_20260729_150659_a047a5
8800-ZKRFW,0.513,1,0.5,1.0.0,2026-07-29T15:06:59.847491+00:00,batch_20260729_150659_a047a5
2616-FLVQC,0.0029,0,0.5,1.0.0,2026-07-29T15:06:59.847491+00:00,batch_20260729_150659_a047a5
9968-FFVVH,0.0125,0,0.5,1.0.0,2026-07-29T15:06:59.847491+00:00,batch_20260729_150659_a047a5
3108-PCCGG,0.0146,0,0.5,1.0.0,2026-07-29T15:06:59.847491+00:00,batch_20260729_150659_a047a5
7993-PYKOF,0.4933,0,0.5,1.0.0,2026-07-29T15:06:59.847491+00:00,batch_20260729_150659_a047a5
8390-FESFV,0.0194,0,0.5,1.0.0,2026-07-29T15:06:59.847491+00:00,batch_20260729_150659_a047a5
3022-BEXHZ,0.0669,0,0.5,1.0.0,2026-07-29T15:06:59.847491+00:00,batch_20260729_150659_a047a5
5027-XWQHA,0.3794,0,0.5,1.0.0,2026-07-29T15:06:59.847491+00:00,batch_20260729_150659_a047a5
6248-TKCQV,0.0135,0,0.5,1.0.0,2026-07-29T15:06:59.847491+00:00,batch_20260729_150659_a047a5
6729-GDNGC,0.4405,0,0.5,1.0.0,2026-07-29T15:06:59.847491+00:00,batch_20260729_150659_a047a5
6198-ZFIOJ,0.6552,1,0.5,1.0.0,2026-07-29T15:06:59.847491+00:00,batch_20260729_150659_a047a5
5989-OMNJE,0.1579,0,0.5,1.0.0,2026-07-29T15:06:59.847491+00:00,batch_20260729_150659_a047a5
4566-QVRRW,0.4263,0,0.5,1.0.0,2026-07-29T15:06:59.847491+00:00,batch_20260729_150659_a047a5
1291-CUOCY,0.071,0,0.5,1.0.0,2026-07-29T15:06:59.847491+00:00,batch_20260729_150659_a047a5
9795-SHUHB,0.0048,0,0.5,1.0.0,2026-07-29T15:06:59.847491+00:00,batch_20260729_150659_a047a5
3230-IUALN,0.0256,0,0.5,1.0.0,2026-07-29T15:06:59.847491+00:00,batch_20260729_150659_a047a5
0042-RLHYP,0.0018,0,0.5,1.0.0,2026-07-29T15:06:59.847491+00:00,batch_20260729_150659_a047a5
8519-IMDHU,0.6469,1,0.5,1.0.0,2026-07-29T15:06:59.847491+00:00,batch_20260729_150659_a047a5
4945-RVMTE,0.256,0,0.5,1.0.0,2026-07-29T15:06:59.847491+00:00,batch_20260729_150659_a047a5
0201-OAMXR,0.0734,0,0.5,1.0.0,2026-07-29T15:06:59.847491+00:00,batch_20260729_150659_a047a5
1866-NXPSP,0.0538,0,0.5,1.0.0,2026-07-29T15:06:59.847491+00:00,batch_20260729_150659_a047a5
3372-KWFBM,0.7095,1,0.5,1.0.0,2026-07-29T15:06:59.847491+00:00,batch_20260729_150659_a047a5
7831-QGOXH,0.6997,1,0.5,1.0.0,2026-07-29T15:06:59.847491+00:00,batch_20260729_150659_a047a5
6393-WRYZE,0.6614,1,0.5,1.0.0,2026-07-29T15:06:59.847491+00:00,batch_20260729_150659_a047a5
3941-XTSKM,0.0928,0,0.5,1.0.0,2026-07-29T15:06:59.847491+00:00,batch_20260729_150659_a047a5
1661-CZBAU,0.0509,0,0.5,1.0.0,2026-07-29T15:06:59.847491+00:00,batch_20260729_150659_a047a5
6599-RCLCJ,0.4676,0,0.5,1.0.0,2026-07-29T15:06:59.847491+00:00,batch_20260729_150659_a047a5
9831-BPFRI,0.1733,0,0.5,1.0.0,2026-07-29T15:06:59.847491+00:00,batch_20260729_150659_a047a5
5158-RIVOP,0.0257,0,0.5,1.0.0,2026-07-29T15:06:59.847491+00:00,batch_20260729_150659_a047a5
9788-YTFGE,0.2076,0,0.5,1.0.0,2026-07-29T15:06:59.847491+00:00,batch_20260729_150659_a047a5
9277-JOOMO,0.211,0,0.5,1.0.0,2026-07-29T15:06:59.847491+00:00,batch_20260729_150659_a047a5
1907-YLNYW,0.4428,0,0.5,1.0.0,2026-07-29T15:06:59.847491+00:00,batch_20260729_150659_a047a5
1725-MIMXW,0.2136,0,0.5,1.0.0,2026-07-29T15:06:59.847491+00:00,batch_20260729_150659_a047a5
8947-YRTDV,0.1246,0,0.5,1.0.0,2026-07-29T15:06:59.847491+00:00,batch_20260729_150659_a047a5
3161-ONRWK,0.0134,0,0.5,1.0.0,2026-07-29T15:06:59.847491+00:00,batch_20260729_150659_a047a5
0114-RSRRW,0.1804,0,0.5,1.0.0,2026-07-29T15:06:59.847491+00:00,batch_20260729_150659_a047a5
4565-NLZBV,0.0041,0,0.5,1.0.0,2026-07-29T15:06:59.847491+00:00,batch_20260729_150659_a047a5
0031-PVLZI,0.1395,0,0.5,1.0.0,2026-07-29T15:06:59.847491+00:00,batch_20260729_150659_a047a5
7206-GZCDC,0.7167,1,0.5,1.0.0,2026-07-29T15:06:59.847491+00:00,batch_20260729_150659_a047a5
6682-VCIXC,0.044,0,0.5,1.0.0,2026-07-29T15:06:59.847491+00:00,batch_20260729_150659_a047a5
4791-QRGMF,0.2422,0,0.5,1.0.0,2026-07-29T15:06:59.847491+00:00,batch_20260729_150659_a047a5
6475-VHUIZ,0.1775,0,0.5,1.0.0,2026-07-29T15:06:59.847491+00:00,batch_20260729_150659_a047a5
3910-MRQOY,0.002,0,0.5,1.0.0,2026-07-29T15:06:59.847491+00:00,batch_20260729_150659_a047a5
0661-WCQNQ,0.0693,0,0.5,1.0.0,2026-07-29T15:06:59.847491+00:00,batch_20260729_150659_a047a5
7537-RBWEA,0.5811,1,0.5,1.0.0,2026-07-29T15:06:59.847491+00:00,batch_20260729_150659_a047a5
4656-CAURT,0.003,0,0.5,1.0.0,2026-07-29T15:06:59.847491+00:00,batch_20260729_150659_a047a5
0121-SNYRK,0.035,0,0.5,1.0.0,2026-07-29T15:06:59.847491+00:00,batch_20260729_150659_a047a5
1768-ZAIFU,0.6606,1,0.5,1.0.0,2026-07-29T15:06:59.847491+00:00,batch_20260729_150659_a047a5
4671-LXRDQ,0.4326,0,0.5,1.0.0,2026-07-29T15:06:59.847491+00:00,batch_20260729_150659_a047a5
3733-LSYCE,0.3875,0,0.5,1.0.0,2026-07-29T15:06:59.847491+00:00,batch_20260729_150659_a047a5
6265-FRMTQ,0.0131,0,0.5,1.0.0,2026-07-29T15:06:59.847491+00:00,batch_20260729_150659_a047a5
1934-SJVJK,0.1893,0,0.5,1.0.0,2026-07-29T15:06:59.847491+00:00,batch_20260729_150659_a047a5
3838-OZURD,0.3508,0,0.5,1.0.0,2026-07-29T15:06:59.847491+00:00,batch_20260729_150659_a047a5
1371-DWPAZ,0.1081,0,0.5,1.0.0,2026-07-29T15:06:59.847491+00:00,batch_20260729_150659_a047a5
9269-CQOOL,0.403,0,0.5,1.0.0,2026-07-29T15:06:59.847491+00:00,batch_20260729_150659_a047a5
2017-CCBLH,0.0385,0,0.5,1.0.0,2026-07-29T15:06:59.847491+00:00,batch_20260729_150659_a047a5
7690-KPNCU,0.0339,0,0.5,1.0.0,2026-07-29T15:06:59.847491+00:00,batch_20260729_150659_a047a5
0536-BGFMZ,0.0634,0,0.5,1.0.0,2026-07-29T15:06:59.847491+00:00,batch_20260729_150659_a047a5
2293-IJWPS,0.2611,0,0.5,1.0.0,2026-07-29T15:06:59.847491+00:00,batch_20260729_150659_a047a5
2845-HSJCY,0.683,1,0.5,1.0.0,2026-07-29T15:06:59.847491+00:00,batch_20260729_150659_a047a5
5469-NUJUR,0.0345,0,0.5,1.0.0,2026-07-29T15:06:59.847491+00:00,batch_20260729_150659_a047a5
1184-PJVDB,0.7062,1,0.5,1.0.0,2026-07-29T15:06:59.847491+00:00,batch_20260729_150659_a047a5
2625-TRCZQ,0.267,0,0.5,1.0.0,2026-07-29T15:06:59.847491+00:00,batch_20260729_150659_a047a5
4102-HLENU,0.009,0,0.5,1.0.0,2026-07-29T15:06:59.847491+00:00,batch_20260729_150659_a047a5
7266-GSSJX,0.1972,0,0.5,1.0.0,2026-07-29T15:06:59.847491+00:00,batch_20260729_150659_a047a5
7722-VJRQD,0.0094,0,0.5,1.0.0,2026-07-29T15:06:59.847491+00:00,batch_20260729_150659_a047a5
7073-QETQY,0.0087,0,0.5,1.0.0,2026-07-29T15:06:59.847491+00:00,batch_20260729_150659_a047a5
9415-DPEWS,0.609,1,0.5,1.0.0,2026-07-29T15:06:59.847491+00:00,batch_20260729_150659_a047a5
5624-RYAMH,0.25,0,0.5,1.0.0,2026-07-29T15:06:59.847491+00:00,batch_20260729_150659_a047a5
0196-JTUQI,0.6193,1,0.5,1.0.0,2026-07-29T15:06:59.847491+00:00,batch_20260729_150659_a047a5
7130-YXBRO,0.3904,0,0.5,1.0.0,2026-07-29T15:06:59.847491+00:00,batch_20260729_150659_a047a5
9272-LSVYH,0.4743,0,0.5,1.0.0,2026-07-29T15:06:59.847491+00:00,batch_20260729_150659_a047a5
7943-RQCHR,0.7989,1,0.5,1.0.0,2026-07-29T15:06:59.847491+00:00,batch_20260729_150659_a047a5
3793-MMFUH,0.7807,1,0.5,1.0.0,2026-07-29T15:06:59.847491+00:00,batch_20260729_150659_a047a5
3249-ZPQRG,0.6237,1,0.5,1.0.0,2026-07-29T15:06:59.847491+00:00,batch_20260729_150659_a047a5
2568-BRGYX,0.6942,1,0.5,1.0.0,2026-07-29T15:06:59.847491+00:00,batch_20260729_150659_a047a5
3084-DOWLE,0.0114,0,0.5,1.0.0,2026-07-29T15:06:59.847491+00:00,batch_20260729_150659_a047a5
1084-MNSMJ,0.0127,0,0.5,1.0.0,2026-07-29T15:06:59.847491+00:00,batch_20260729_150659_a047a5
7721-JXEAW,0.1168,0,0.5,1.0.0,2026-07-29T15:06:59.847491+00:00,batch_20260729_150659_a047a5
7249-WBIYX,0.7497,1,0.5,1.0.0,2026-07-29T15:06:59.847491+00:00,batch_20260729_150659_a047a5
4238-HFHSN,0.2856,0,0.5,1.0.0,2026-07-29T15:06:59.847491+00:00,batch_20260729_150659_a047a5
6250-CGGUN,0.0641,0,0.5,1.0.0,2026-07-29T15:06:59.847491+00:00,batch_20260729_150659_a047a5
5478-JJVZK,0.1567,0,0.5,1.0.0,2026-07-29T15:06:59.847491+00:00,batch_20260729_150659_a047a5
7596-IIWYC,0.0231,0,0.5,1.0.0,2026-07-29T15:06:59.847491+00:00,batch_20260729_150659_a047a5
6567-HOOPW,0.7577,1,0.5,1.0.0,2026-07-29T15:06:59.847491+00:00,batch_20260729_150659_a047a5
9793-WECQC,0.4637,0,0.5,1.0.0,2026-07-29T15:06:59.847491+00:00,batch_20260729_150659_a047a5
4291-HPAXL,0.1552,0,0.5,1.0.0,2026-07-29T15:06:59.847491+00:00,batch_20260729_150659_a047a5
8999-YPYBV,0.0234,0,0.5,1.0.0,2026-07-29T15:06:59.847491+00:00,batch_20260729_150659_a047a5
1839-FBNFR,0.0109,0,0.5,1.0.0,2026-07-29T15:06:59.847491+00:00,batch_20260729_150659_a047a5
3164-AALRN,0.3321,0,0.5,1.0.0,2026-07-29T15:06:59.847491+00:00,batch_20260729_150659_a047a5
3071-MVJCD,0.0062,0,0.5,1.0.0,2026-07-29T15:06:59.847491+00:00,batch_20260729_150659_a047a5
1697-BCSHV,0.0987,0,0.5,1.0.0,2026-07-29T15:06:59.847491+00:00,batch_20260729_150659_a047a5
0562-KBDVM,0.0075,0,0.5,1.0.0,2026-07-29T15:06:59.847491+00:00,batch_20260729_150659_a047a5
1131-SUEKT,0.0955,0,0.5,1.0.0,2026-07-29T15:06:59.847491+00:00,batch_20260729_150659_a047a5
3717-OEAUQ,0.542,1,0.5,1.0.0,2026-07-29T15:06:59.847491+00:00,batch_20260729_150659_a047a5
4538-WNTMJ,0.0138,0,0.5,1.0.0,2026-07-29T15:06:59.847491+00:00,batch_20260729_150659_a047a5
3334-CTHOL,0.488,0,0.5,1.0.0,2026-07-29T15:06:59.847491+00:00,batch_20260729_150659_a047a5
4704-ERYFC,0.5529,1,0.5,1.0.0,2026-07-29T15:06:59.847491+00:00,batch_20260729_150659_a047a5
9432-RUVSL,0.0755,0,0.5,1.0.0,2026-07-29T15:06:59.847491+00:00,batch_20260729_150659_a047a5
8060-HIWJJ,0.0194,0,0.5,1.0.0,2026-07-29T15:06:59.847491+00:00,batch_20260729_150659_a047a5
7684-XSZIY,0.0021,0,0.5,1.0.0,2026-07-29T15:06:59.847491+00:00,batch_20260729_150659_a047a5
9089-UOWJG,0.3301,0,0.5,1.0.0,2026-07-29T15:06:59.847491+00:00,batch_20260729_150659_a047a5
8621-MNIHH,0.5725,1,0.5,1.0.0,2026-07-29T15:06:59.847491+00:00,batch_20260729_150659_a047a5
8039-ACLPL,0.0059,0,0.5,1.0.0,2026-07-29T15:06:59.847491+00:00,batch_20260729_150659_a047a5
9885-AIBVB,0.5364,1,0.5,1.0.0,2026-07-29T15:06:59.847491+00:00,batch_20260729_150659_a047a5
1934-MKPXS,0.0178,0,0.5,1.0.0,2026-07-29T15:06:59.847491+00:00,batch_20260729_150659_a047a5
2592-YKDIF,0.1895,0,0.5,1.0.0,2026-07-29T15:06:59.847491+00:00,batch_20260729_150659_a047a5
2272-JKMSI,0.1811,0,0.5,1.0.0,2026-07-29T15:06:59.847491+00:00,batch_20260729_150659_a047a5
0471-LVHGK,0.2047,0,0.5,1.0.0,2026-07-29T15:06:59.847491+00:00,batch_20260729_150659_a047a5
9518-RWHZL,0.2056,0,0.5,1.0.0,2026-07-29T15:06:59.847491+00:00,batch_20260729_150659_a047a5
8714-CTZJW,0.6611,1,0.5,1.0.0,2026-07-29T15:06:59.847491+00:00,batch_20260729_150659_a047a5
3569-EDBPQ,0.4136,0,0.5,1.0.0,2026-07-29T15:06:59.847491+00:00,batch_20260729_150659_a047a5
3131-NWVFJ,0.0446,0,0.5,1.0.0,2026-07-29T15:06:59.847491+00:00,batch_20260729_150659_a047a5
7521-YXVZY,0.1435,0,0.5,1.0.0,2026-07-29T15:06:59.847491+00:00,batch_20260729_150659_a047a5
5419-CONWX,0.6813,1,0.5,1.0.0,2026-07-29T15:06:59.847491+00:00,batch_20260729_150659_a047a5
6240-EURKS,0.4781,0,0.5,1.0.0,2026-07-29T15:06:59.847491+00:00,batch_20260729_150659_a047a5
2373-NTKOD,0.5775,1,0.5,1.0.0,2026-07-29T15:06:59.847491+00:00,batch_20260729_150659_a047a5
1970-KKFWL,0.0138,0,0.5,1.0.0,2026-07-29T15:06:59.847491+00:00,batch_20260729_150659_a047a5
6960-HVYXR,0.6842,1,0.5,1.0.0,2026-07-29T15:06:59.847491+00:00,batch_20260729_150659_a047a5
9337-SRRNI,0.0041,0,0.5,1.0.0,2026-07-29T15:06:59.847491+00:00,batch_20260729_150659_a047a5
0895-UADGO,0.1031,0,0.5,1.0.0,2026-07-29T15:06:59.847491+00:00,batch_20260729_150659_a047a5
5678-VFNEQ,0.1436,0,0.5,1.0.0,2026-07-29T15:06:59.847491+00:00,batch_20260729_150659_a047a5
5977-CKHON,0.3972,0,0.5,1.0.0,2026-07-29T15:06:59.847491+00:00,batch_20260729_150659_a047a5
7024-OHCCK,0.827,1,0.5,1.0.0,2026-07-29T15:06:59.847491+00:00,batch_20260729_150659_a047a5
2692-BUCFV,0.5223,1,0.5,1.0.0,2026-07-29T15:06:59.847491+00:00,batch_20260729_150659_a047a5
7861-UVUFT,0.675,1,0.5,1.0.0,2026-07-29T15:06:59.847491+00:00,batch_20260729_150659_a047a5
1830-GGFNM,0.0166,0,0.5,1.0.0,2026-07-29T15:06:59.847491+00:00,batch_20260729_150659_a047a5
5302-BDJNT,0.405,0,0.5,1.0.0,2026-07-29T15:06:59.847491+00:00,batch_20260729_150659_a047a5
5223-UZAVK,0.1179,0,0.5,1.0.0,2026-07-29T15:06:59.847491+00:00,batch_20260729_150659_a047a5
4859-ZSRDZ,0.0284,0,0.5,1.0.0,2026-07-29T15:06:59.847491+00:00,batch_20260729_150659_a047a5
5651-WYIPH,0.2448,0,0.5,1.0.0,2026-07-29T15:06:59.847491+00:00,batch_20260729_150659_a047a5
9350-VLHMB,0.2165,0,0.5,1.0.0,2026-07-29T15:06:59.847491+00:00,batch_20260729_150659_a047a5
3498-LZGQZ,0.0036,0,0.5,1.0.0,2026-07-29T15:06:59.847491+00:00,batch_20260729_150659_a047a5
8785-CJSHH,0.4529,0,0.5,1.0.0,2026-07-29T15:06:59.847491+00:00,batch_20260729_150659_a047a5
5357-TZHPP,0.676,1,0.5,1.0.0,2026-07-29T15:06:59.847491+00:00,batch_20260729_150659_a047a5
3870-SPZSI,0.0433,0,0.5,1.0.0,2026-07-29T15:06:59.847491+00:00,batch_20260729_150659_a047a5
0680-DFNNY,0.7762,1,0.5,1.0.0,2026-07-29T15:06:59.847491+00:00,batch_20260729_150659_a047a5
7560-QRBXH,0.0094,0,0.5,1.0.0,2026-07-29T15:06:59.847491+00:00,batch_20260729_150659_a047a5
7077-XJMET,0.4377,0,0.5,1.0.0,2026-07-29T15:06:59.847491+00:00,batch_20260729_150659_a047a5
8752-GHJFU,0.0689,0,0.5,1.0.0,2026-07-29T15:06:59.847491+00:00,batch_20260729_150659_a047a5
6896-SRVYQ,0.2796,0,0.5,1.0.0,2026-07-29T15:06:59.847491+00:00,batch_20260729_150659_a047a5
7767-UXAGJ,0.5832,1,0.5,1.0.0,2026-07-29T15:06:59.847491+00:00,batch_20260729_150659_a047a5
4652-ODEVH,0.0075,0,0.5,1.0.0,2026-07-29T15:06:59.847491+00:00,batch_20260729_150659_a047a5
6510-UPNKS,0.045,0,0.5,1.0.0,2026-07-29T15:06:59.847491+00:00,batch_20260729_150659_a047a5
6718-BDGHG,0.0758,0,0.5,1.0.0,2026-07-29T15:06:59.847491+00:00,batch_20260729_150659_a047a5
9046-DQMTP,0.0447,0,0.5,1.0.0,2026-07-29T15:06:59.847491+00:00,batch_20260729_150659_a047a5
6439-LAJXL,0.2281,0,0.5,1.0.0,2026-07-29T15:06:59.847491+00:00,batch_20260729_150659_a047a5
1571-SAVHK,0.6304,1,0.5,1.0.0,2026-07-29T15:06:59.847491+00:00,batch_20260729_150659_a047a5
9052-VKDUW,0.2895,0,0.5,1.0.0,2026-07-29T15:06:59.847491+00:00,batch_20260729_150659_a047a5
9546-CQJSU,0.7962,1,0.5,1.0.0,2026-07-29T15:06:59.847491+00:00,batch_20260729_150659_a047a5
1666-JZPZT,0.1909,0,0.5,1.0.0,2026-07-29T15:06:59.847491+00:00,batch_20260729_150659_a047a5
5777-KJIRB,0.0734,0,0.5,1.0.0,2026-07-29T15:06:59.847491+00:00,batch_20260729_150659_a047a5
0506-LVNGN,0.601,1,0.5,1.0.0,2026-07-29T15:06:59.847491+00:00,batch_20260729_150659_a047a5
7677-SJJJK,0.0548,0,0.5,1.0.0,2026-07-29T15:06:59.847491+00:00,batch_20260729_150659_a047a5
2480-EJWYP,0.2006,0,0.5,1.0.0,2026-07-29T15:06:59.847491+00:00,batch_20260729_150659_a047a5
3253-HKOKL,0.1453,0,0.5,1.0.0,2026-07-29T15:06:59.847491+00:00,batch_20260729_150659_a047a5
7055-HNEOJ,0.3328,0,0.5,1.0.0,2026-07-29T15:06:59.847491+00:00,batch_20260729_150659_a047a5
5514-YQENT,0.0982,0,0.5,1.0.0,2026-07-29T15:06:59.847491+00:00,batch_20260729_150659_a047a5
3211-AAPKX,0.5807,1,0.5,1.0.0,2026-07-29T15:06:59.847491+00:00,batch_20260729_150659_a047a5
8445-DNBAE,0.5239,1,0.5,1.0.0,2026-07-29T15:06:59.847491+00:00,batch_20260729_150659_a047a5
2951-QOQTK,0.4093,0,0.5,1.0.0,2026-07-29T15:06:59.847491+00:00,batch_20260729_150659_a047a5
2958-NHPPS,0.1062,0,0.5,1.0.0,2026-07-29T15:06:59.847491+00:00,batch_20260729_150659_a047a5
6806-YDEUL,0.1498,0,0.5,1.0.0,2026-07-29T15:06:59.847491+00:00,batch_20260729_150659_a047a5
1735-XMJVH,0.1654,0,0.5,1.0.0,2026-07-29T15:06:59.847491+00:00,batch_20260729_150659_a047a5
6890-PFRQX,0.243,0,0.5,1.0.0,2026-07-29T15:06:59.847491+00:00,batch_20260729_150659_a047a5
0222-CNVPT,0.1589,0,0.5,1.0.0,2026-07-29T15:06:59.847491+00:00,batch_20260729_150659_a047a5
5899-OUVKV,0.5878,1,0.5,1.0.0,2026-07-29T15:06:59.847491+00:00,batch_20260729_150659_a047a5
8681-ICONS,0.0713,0,0.5,1.0.0,2026-07-29T15:06:59.847491+00:00,batch_20260729_150659_a047a5
1621-YNCJH,0.0955,0,0.5,1.0.0,2026-07-29T15:06:59.847491+00:00,batch_20260729_150659_a047a5
3473-XIIIT,0.7363,1,0.5,1.0.0,2026-07-29T15:06:59.847491+00:00,batch_20260729_150659_a047a5
6362-QHAFM,0.3545,0,0.5,1.0.0,2026-07-29T15:06:59.847491+00:00,batch_20260729_150659_a047a5
7893-IXHRQ,0.2471,0,0.5,1.0.0,2026-07-29T15:06:59.847491+00:00,batch_20260729_150659_a047a5
3070-BDOQC,0.1343,0,0.5,1.0.0,2026-07-29T15:06:59.847491+00:00,batch_20260729_150659_a047a5
2952-QAYZF,0.7086,1,0.5,1.0.0,2026-07-29T15:06:59.847491+00:00,batch_20260729_150659_a047a5
6234-PFPXL,0.3238,0,0.5,1.0.0,2026-07-29T15:06:59.847491+00:00,batch_20260729_150659_a047a5
9824-QCJPK,0.0206,0,0.5,1.0.0,2026-07-29T15:06:59.847491+00:00,batch_20260729_150659_a047a5
4763-PGDPO,0.6077,1,0.5,1.0.0,2026-07-29T15:06:59.847491+00:00,batch_20260729_150659_a047a5
4283-IVYCI,0.19,0,0.5,1.0.0,2026-07-29T15:06:59.847491+00:00,batch_20260729_150659_a047a5
1866-OBPNR,0.44,0,0.5,1.0.0,2026-07-29T15:06:59.847491+00:00,batch_20260729_150659_a047a5
8205-MQUGY,0.2858,0,0.5,1.0.0,2026-07-29T15:06:59.847491+00:00,batch_20260729_150659_a047a5
8970-ANWXO,0.1836,0,0.5,1.0.0,2026-07-29T15:06:59.847491+00:00,batch_20260729_150659_a047a5
9480-BQJEI,0.1091,0,0.5,1.0.0,2026-07-29T15:06:59.847491+00:00,batch_20260729_150659_a047a5
5394-SVGJV,0.3448,0,0.5,1.0.0,2026-07-29T15:06:59.847491+00:00,batch_20260729_150659_a047a5
6979-TNDEU,0.1435,0,0.5,1.0.0,2026-07-29T15:06:59.847491+00:00,batch_20260729_150659_a047a5
9777-WJJPR,0.4172,0,0.5,1.0.0,2026-07-29T15:06:59.847491+00:00,batch_20260729_150659_a047a5
9283-LZQOH,0.5282,1,0.5,1.0.0,2026-07-29T15:06:59.847491+00:00,batch_20260729_150659_a047a5
7079-QRCBC,0.7247,1,0.5,1.0.0,2026-07-29T15:06:59.847491+00:00,batch_20260729_150659_a047a5
9495-SKLKD,0.3566,0,0.5,1.0.0,2026-07-29T15:06:59.847491+00:00,batch_20260729_150659_a047a5
6048-UWKAL,0.0455,0,0.5,1.0.0,2026-07-29T15:06:59.847491+00:00,batch_20260729_150659_a047a5
5067-DGXLL,0.1822,0,0.5,1.0.0,2026-07-29T15:06:59.847491+00:00,batch_20260729_150659_a047a5
5469-CTCWN,0.1866,0,0.5,1.0.0,2026-07-29T15:06:59.847491+00:00,batch_20260729_150659_a047a5
9851-QXEEQ,0.5979,1,0.5,1.0.0,2026-07-29T15:06:59.847491+00:00,batch_20260729_150659_a047a5
6281-FKEWS,0.206,0,0.5,1.0.0,2026-07-29T15:06:59.847491+00:00,batch_20260729_150659_a047a5
8898-KASCD,0.0527,0,0.5,1.0.0,2026-07-29T15:06:59.847491+00:00,batch_20260729_150659_a047a5
9242-TKFSV,0.0122,0,0.5,1.0.0,2026-07-29T15:06:59.847491+00:00,batch_20260729_150659_a047a5
9290-SHCMB,0.7408,1,0.5,1.0.0,2026-07-29T15:06:59.847491+00:00,batch_20260729_150659_a047a5
0743-HNPFG,0.0235,0,0.5,1.0.0,2026-07-29T15:06:59.847491+00:00,batch_20260729_150659_a047a5
2277-BKJKN,0.1071,0,0.5,1.0.0,2026-07-29T15:06:59.847491+00:00,batch_20260729_150659_a047a5
9809-IMGCQ,0.7319,1,0.5,1.0.0,2026-07-29T15:06:59.847491+00:00,batch_20260729_150659_a047a5
5208-HFSBT,0.2897,0,0.5,1.0.0,2026-07-29T15:06:59.847491+00:00,batch_20260729_150659_a047a5
5035-PGZXH,0.3157,0,0.5,1.0.0,2026-07-29T15:06:59.847491+00:00,batch_20260729_150659_a047a5
8695-WDYEA,0.2753,0,0.5,1.0.0,2026-07-29T15:06:59.847491+00:00,batch_20260729_150659_a047a5
6543-JXSOO,0.047,0,0.5,1.0.0,2026-07-29T15:06:59.847491+00:00,batch_20260729_150659_a047a5
8016-ZMGMO,0.0482,0,0.5,1.0.0,2026-07-29T15:06:59.847491+00:00,batch_20260729_150659_a047a5
8605-ITULD,0.1887,0,0.5,1.0.0,2026-07-29T15:06:59.847491+00:00,batch_20260729_150659_a047a5
3254-YRILK,0.6628,1,0.5,1.0.0,2026-07-29T15:06:59.847491+00:00,batch_20260729_150659_a047a5
6416-YJTTB,0.4661,0,0.5,1.0.0,2026-07-29T15:06:59.847491+00:00,batch_20260729_150659_a047a5
2667-WYLWJ,0.0833,0,0.5,1.0.0,2026-07-29T15:06:59.847491+00:00,batch_20260729_150659_a047a5
4472-VESGY,0.1701,0,0.5,1.0.0,2026-07-29T15:06:59.847491+00:00,batch_20260729_150659_a047a5
3195-TQDZX,0.3068,0,0.5,1.0.0,2026-07-29T15:06:59.847491+00:00,batch_20260729_150659_a047a5
3128-YOVTD,0.1388,0,0.5,1.0.0,2026-07-29T15:06:59.847491+00:00,batch_20260729_150659_a047a5
0529-ONKER,0.5755,1,0.5,1.0.0,2026-07-29T15:06:59.847491+00:00,batch_20260729_150659_a047a5
1728-CXQBE,0.3599,0,0.5,1.0.0,2026-07-29T15:06:59.847491+00:00,batch_20260729_150659_a047a5
7041-TXQJH,0.2706,0,0.5,1.0.0,2026-07-29T15:06:59.847491+00:00,batch_20260729_150659_a047a5
5014-GSOUQ,0.0308,0,0.5,1.0.0,2026-07-29T15:06:59.847491+00:00,batch_20260729_150659_a047a5
5724-BIDBU,0.0668,0,0.5,1.0.0,2026-07-29T15:06:59.847491+00:00,batch_20260729_150659_a047a5
0481-SUMCB,0.3305,0,0.5,1.0.0,2026-07-29T15:06:59.847491+00:00,batch_20260729_150659_a047a5
1769-GRUIK,0.5854,1,0.5,1.0.0,2026-07-29T15:06:59.847491+00:00,batch_20260729_150659_a047a5
5240-IJOQT,0.761,1,0.5,1.0.0,2026-07-29T15:06:59.847491+00:00,batch_20260729_150659_a047a5
8819-WFGGJ,0.0268,0,0.5,1.0.0,2026-07-29T15:06:59.847491+00:00,batch_20260729_150659_a047a5
7427-AUFPY,0.0044,0,0.5,1.0.0,2026-07-29T15:06:59.847491+00:00,batch_20260729_150659_a047a5
2811-POVEX,0.4385,0,0.5,1.0.0,2026-07-29T15:06:59.847491+00:00,batch_20260729_150659_a047a5
1092-GANHU,0.6041,1,0.5,1.0.0,2026-07-29T15:06:59.847491+00:00,batch_20260729_150659_a047a5
7898-PDWQE,0.008,0,0.5,1.0.0,2026-07-29T15:06:59.847491+00:00,batch_20260729_150659_a047a5
9972-EWRJS,0.0029,0,0.5,1.0.0,2026-07-29T15:06:59.847491+00:00,batch_20260729_150659_a047a5
9314-IJWSQ,0.6772,1,0.5,1.0.0,2026-07-29T15:06:59.847491+00:00,batch_20260729_150659_a047a5
0661-XEYAN,0.5821,1,0.5,1.0.0,2026-07-29T15:06:59.847491+00:00,batch_20260729_150659_a047a5
5799-JRCZO,0.0023,0,0.5,1.0.0,2026-07-29T15:06:59.847491+00:00,batch_20260729_150659_a047a5
1921-KYSAY,0.1176,0,0.5,1.0.0,2026-07-29T15:06:59.847491+00:00,batch_20260729_150659_a047a5
6198-RTPMF,0.6762,1,0.5,1.0.0,2026-07-29T15:06:59.847491+00:00,batch_20260729_150659_a047a5
2924-KHUVI,0.2566,0,0.5,1.0.0,2026-07-29T15:06:59.847491+00:00,batch_20260729_150659_a047a5
1925-GMVBW,0.1549,0,0.5,1.0.0,2026-07-29T15:06:59.847491+00:00,batch_20260729_150659_a047a5
7881-EVUAD,0.582,1,0.5,1.0.0,2026-07-29T15:06:59.847491+00:00,batch_20260729_150659_a047a5
6184-DYUOB,0.2411,0,0.5,1.0.0,2026-07-29T15:06:59.847491+00:00,batch_20260729_150659_a047a5
9207-ZPANB,0.0451,0,0.5,1.0.0,2026-07-29T15:06:59.847491+00:00,batch_20260729_150659_a047a5
5766-XQXMQ,0.1772,0,0.5,1.0.0,2026-07-29T15:06:59.847491+00:00,batch_20260729_150659_a047a5
9327-QSDED,0.2841,0,0.5,1.0.0,2026-07-29T15:06:59.847491+00:00,batch_20260729_150659_a047a5
1656-DRSMG,0.2856,0,0.5,1.0.0,2026-07-29T15:06:59.847491+00:00,batch_20260729_150659_a047a5
3012-VFFMN,0.1244,0,0.5,1.0.0,2026-07-29T15:06:59.847491+00:00,batch_20260729_150659_a047a5
2984-AFWNC,0.6843,1,0.5,1.0.0,2026-07-29T15:06:59.847491+00:00,batch_20260729_150659_a047a5
0640-YJTPY,0.0016,0,0.5,1.0.0,2026-07-29T15:06:59.847491+00:00,batch_20260729_150659_a047a5
8096-LOIST,0.4177,0,0.5,1.0.0,2026-07-29T15:06:59.847491+00:00,batch_20260729_150659_a047a5
9764-REAFF,0.0035,0,0.5,1.0.0,2026-07-29T15:06:59.847491+00:00,batch_20260729_150659_a047a5
3703-VAVCL,0.4311,0,0.5,1.0.0,2026-07-29T15:06:59.847491+00:00,batch_20260729_150659_a047a5
7107-UBYKY,0.0949,0,0.5,1.0.0,2026-07-29T15:06:59.847491+00:00,batch_20260729_150659_a047a5
4881-GQJTW,0.1077,0,0.5,1.0.0,2026-07-29T15:06:59.847491+00:00,batch_20260729_150659_a047a5
8519-QJGJD,0.527,1,0.5,1.0.0,2026-07-29T15:06:59.847491+00:00,batch_20260729_150659_a047a5
7876-DNYAP,0.0018,0,0.5,1.0.0,2026-07-29T15:06:59.847491+00:00,batch_20260729_150659_a047a5
7905-NJMXS,0.2347,0,0.5,1.0.0,2026-07-29T15:06:59.847491+00:00,batch_20260729_150659_a047a5
2882-WDTBA,0.0076,0,0.5,1.0.0,2026-07-29T15:06:59.847491+00:00,batch_20260729_150659_a047a5
2091-GPPIQ,0.0225,0,0.5,1.0.0,2026-07-29T15:06:59.847491+00:00,batch_20260729_150659_a047a5
6326-MTTXK,0.7046,1,0.5,1.0.0,2026-07-29T15:06:59.847491+00:00,batch_20260729_150659_a047a5
5071-FBJFS,0.2737,0,0.5,1.0.0,2026-07-29T15:06:59.847491+00:00,batch_20260729_150659_a047a5
2796-UUZZO,0.1321,0,0.5,1.0.0,2026-07-29T15:06:59.847491+00:00,batch_20260729_150659_a047a5
2429-AYKKO,0.002,0,0.5,1.0.0,2026-07-29T15:06:59.847491+00:00,batch_20260729_150659_a047a5
9798-OPFEM,0.0143,0,0.5,1.0.0,2026-07-29T15:06:59.847491+00:00,batch_20260729_150659_a047a5
0330-IVZHA,0.6004,1,0.5,1.0.0,2026-07-29T15:06:59.847491+00:00,batch_20260729_150659_a047a5
3794-NFNCH,0.2041,0,0.5,1.0.0,2026-07-29T15:06:59.847491+00:00,batch_20260729_150659_a047a5
5193-QLVZB,0.1158,0,0.5,1.0.0,2026-07-29T15:06:59.847491+00:00,batch_20260729_150659_a047a5
7114-AEOZE,0.0034,0,0.5,1.0.0,2026-07-29T15:06:59.847491+00:00,batch_20260729_150659_a047a5
2886-KEFUM,0.2906,0,0.5,1.0.0,2026-07-29T15:06:59.847491+00:00,batch_20260729_150659_a047a5
5522-NYKPB,0.3511,0,0.5,1.0.0,2026-07-29T15:06:59.847491+00:00,batch_20260729_150659_a047a5
4237-RLAQD,0.4435,0,0.5,1.0.0,2026-07-29T15:06:59.847491+00:00,batch_20260729_150659_a047a5
9957-YODKZ,0.7347,1,0.5,1.0.0,2026-07-29T15:06:59.847491+00:00,batch_20260729_150659_a047a5
6518-KZXCB,0.0264,0,0.5,1.0.0,2026-07-29T15:06:59.847491+00:00,batch_20260729_150659_a047a5
2245-ADZFJ,0.0393,0,0.5,1.0.0,2026-07-29T15:06:59.847491+00:00,batch_20260729_150659_a047a5
7776-QGYJC,0.2136,0,0.5,1.0.0,2026-07-29T15:06:59.847491+00:00,batch_20260729_150659_a047a5
9313-QOLTZ,0.0684,0,0.5,1.0.0,2026-07-29T15:06:59.847491+00:00,batch_20260729_150659_a047a5
9651-GTSAQ,0.1674,0,0.5,1.0.0,2026-07-29T15:06:59.847491+00:00,batch_20260729_150659_a047a5
3186-BAXNB,0.5486,1,0.5,1.0.0,2026-07-29T15:06:59.847491+00:00,batch_20260729_150659_a047a5
4672-FOTSD,0.2779,0,0.5,1.0.0,2026-07-29T15:06:59.847491+00:00,batch_20260729_150659_a047a5
0637-YLETY,0.605,1,0.5,1.0.0,2026-07-29T15:06:59.847491+00:00,batch_20260729_150659_a047a5
9818-XQCUV,0.1826,0,0.5,1.0.0,2026-07-29T15:06:59.847491+00:00,batch_20260729_150659_a047a5
7338-ERIVA,0.0387,0,0.5,1.0.0,2026-07-29T15:06:59.847491+00:00,batch_20260729_150659_a047a5
1157-BQCUW,0.7613,1,0.5,1.0.0,2026-07-29T15:06:59.847491+00:00,batch_20260729_150659_a047a5
8259-NFJTV,0.2121,0,0.5,1.0.0,2026-07-29T15:06:59.847491+00:00,batch_20260729_150659_a047a5
3223-DWFIO,0.6052,1,0.5,1.0.0,2026-07-29T15:06:59.847491+00:00,batch_20260729_150659_a047a5
2660-EMUBI,0.7915,1,0.5,1.0.0,2026-07-29T15:06:59.847491+00:00,batch_20260729_150659_a047a5
6968-GMKPR,0.2819,0,0.5,1.0.0,2026-07-29T15:06:59.847491+00:00,batch_20260729_150659_a047a5
4751-ERMAN,0.0179,0,0.5,1.0.0,2026-07-29T15:06:59.847491+00:00,batch_20260729_150659_a047a5
1436-ZMJAN,0.4598,0,0.5,1.0.0,2026-07-29T15:06:59.847491+00:00,batch_20260729_150659_a047a5
3292-PBZEJ,0.6887,1,0.5,1.0.0,2026-07-29T15:06:59.847491+00:00,batch_20260729_150659_a047a5
0799-DDIHE,0.2531,0,0.5,1.0.0,2026-07-29T15:06:59.847491+00:00,batch_20260729_150659_a047a5
3070-FNFZQ,0.0152,0,0.5,1.0.0,2026-07-29T15:06:59.847491+00:00,batch_20260729_150659_a047a5
2812-SFXMJ,0.1554,0,0.5,1.0.0,2026-07-29T15:06:59.847491+00:00,batch_20260729_150659_a047a5
7675-OZCZG,0.4084,0,0.5,1.0.0,2026-07-29T15:06:59.847491+00:00,batch_20260729_150659_a047a5
5014-WUQMG,0.1566,0,0.5,1.0.0,2026-07-29T15:06:59.847491+00:00,batch_20260729_150659_a047a5
5312-TSZVC,0.0418,0,0.5,1.0.0,2026-07-29T15:06:59.847491+00:00,batch_20260729_150659_a047a5
2003-CKLOR,0.2785,0,0.5,1.0.0,2026-07-29T15:06:59.847491+00:00,batch_20260729_150659_a047a5
0993-OSGPT,0.0161,0,0.5,1.0.0,2026-07-29T15:06:59.847491+00:00,batch_20260729_150659_a047a5
9254-RBFON,0.2215,0,0.5,1.0.0,2026-07-29T15:06:59.847491+00:00,batch_20260729_150659_a047a5
1205-WNWPJ,0.3413,0,0.5,1.0.0,2026-07-29T15:06:59.847491+00:00,batch_20260729_150659_a047a5
9391-EOYLI,0.6944,1,0.5,1.0.0,2026-07-29T15:06:59.847491+00:00,batch_20260729_150659_a047a5
7108-DGVUU,0.1413,0,0.5,1.0.0,2026-07-29T15:06:59.847491+00:00,batch_20260729_150659_a047a5
2782-JEEBU,0.2529,0,0.5,1.0.0,2026-07-29T15:06:59.847491+00:00,batch_20260729_150659_a047a5
5127-BZENZ,0.0268,0,0.5,1.0.0,2026-07-29T15:06:59.847491+00:00,batch_20260729_150659_a047a5
2720-FVBQP,0.3779,0,0.5,1.0.0,2026-07-29T15:06:59.847491+00:00,batch_20260729_150659_a047a5
9906-NHHVC,0.0347,0,0.5,1.0.0,2026-07-29T15:06:59.847491+00:00,batch_20260729_150659_a047a5
4522-XRWWI,0.0538,0,0.5,1.0.0,2026-07-29T15:06:59.847491+00:00,batch_20260729_150659_a047a5
3766-EJLFL,0.0523,0,0.5,1.0.0,2026-07-29T15:06:59.847491+00:00,batch_20260729_150659_a047a5
5939-SXWHM,0.0064,0,0.5,1.0.0,2026-07-29T15:06:59.847491+00:00,batch_20260729_150659_a047a5
8152-UOBNY,0.2653,0,0.5,1.0.0,2026-07-29T15:06:59.847491+00:00,batch_20260729_150659_a047a5
7351-KYHQH,0.4907,0,0.5,1.0.0,2026-07-29T15:06:59.847491+00:00,batch_20260729_150659_a047a5
7643-RCHXS,0.0035,0,0.5,1.0.0,2026-07-29T15:06:59.847491+00:00,batch_20260729_150659_a047a5
8246-SHFGA,0.0963,0,0.5,1.0.0,2026-07-29T15:06:59.847491+00:00,batch_20260729_150659_a047a5
8387-MOJJT,0.3066,0,0.5,1.0.0,2026-07-29T15:06:59.847491+00:00,batch_20260729_150659_a047a5
0620-XEFWH,0.1386,0,0.5,1.0.0,2026-07-29T15:06:59.847491+00:00,batch_20260729_150659_a047a5
6485-QXWWE,0.0034,0,0.5,1.0.0,2026-07-29T15:06:59.847491+00:00,batch_20260729_150659_a047a5
2761-OCIAX,0.6779,1,0.5,1.0.0,2026-07-29T15:06:59.847491+00:00,batch_20260729_150659_a047a5
7321-VGNKU,0.7125,1,0.5,1.0.0,2026-07-29T15:06:59.847491+00:00,batch_20260729_150659_a047a5
5327-CNLUQ,0.0885,0,0.5,1.0.0,2026-07-29T15:06:59.847491+00:00,batch_20260729_150659_a047a5
7552-KEYGT,0.0158,0,0.5,1.0.0,2026-07-29T15:06:59.847491+00:00,batch_20260729_150659_a047a5
5816-JMLGY,0.0139,0,0.5,1.0.0,2026-07-29T15:06:59.847491+00:00,batch_20260729_150659_a047a5
3068-OMWZA,0.798,1,0.5,1.0.0,2026-07-29T15:06:59.847491+00:00,batch_20260729_150659_a047a5
2927-QRRQV,0.296,0,0.5,1.0.0,2026-07-29T15:06:59.847491+00:00,batch_20260729_150659_a047a5
6032-KRXXO,0.6264,1,0.5,1.0.0,2026-07-29T15:06:59.847491+00:00,batch_20260729_150659_a047a5
7459-RRWQZ,0.3393,0,0.5,1.0.0,2026-07-29T15:06:59.847491+00:00,batch_20260729_150659_a047a5
6265-SXWBU,0.0724,0,0.5,1.0.0,2026-07-29T15:06:59.847491+00:00,batch_20260729_150659_a047a5
7941-RCJOW,0.0039,0,0.5,1.0.0,2026-07-29T15:06:59.847491+00:00,batch_20260729_150659_a047a5
6374-NTQLP,0.0337,0,0.5,1.0.0,2026-07-29T15:06:59.847491+00:00,batch_20260729_150659_a047a5
4154-AQUGT,0.4655,0,0.5,1.0.0,2026-07-29T15:06:59.847491+00:00,batch_20260729_150659_a047a5
2387-KDZQY,0.0692,0,0.5,1.0.0,2026-07-29T15:06:59.847491+00:00,batch_20260729_150659_a047a5
3584-WKTTW,0.2391,0,0.5,1.0.0,2026-07-29T15:06:59.847491+00:00,batch_20260729_150659_a047a5
3399-BMLVW,0.0061,0,0.5,1.0.0,2026-07-29T15:06:59.847491+00:00,batch_20260729_150659_a047a5
1971-DTCZB,0.0167,0,0.5,1.0.0,2026-07-29T15:06:59.847491+00:00,batch_20260729_150659_a047a5
3092-IGHWF,0.0839,0,0.5,1.0.0,2026-07-29T15:06:59.847491+00:00,batch_20260729_150659_a047a5
3374-PZLXD,0.0479,0,0.5,1.0.0,2026-07-29T15:06:59.847491+00:00,batch_20260729_150659_a047a5
3813-DHBBB,0.0124,0,0.5,1.0.0,2026-07-29T15:06:59.847491+00:00,batch_20260729_150659_a047a5
2812-REYAT,0.0161,0,0.5,1.0.0,2026-07-29T15:06:59.847491+00:00,batch_20260729_150659_a047a5
6518-PPLMZ,0.0059,0,0.5,1.0.0,2026-07-29T15:06:59.847491+00:00,batch_20260729_150659_a047a5
4939-KYYPY,0.1928,0,0.5,1.0.0,2026-07-29T15:06:59.847491+00:00,batch_20260729_150659_a047a5
8017-LXHFA,0.647,1,0.5,1.0.0,2026-07-29T15:06:59.847491+00:00,batch_20260729_150659_a047a5
5930-GBIWP,0.0126,0,0.5,1.0.0,2026-07-29T15:06:59.847491+00:00,batch_20260729_150659_a047a5
6022-KOUQO,0.3102,0,0.5,1.0.0,2026-07-29T15:06:59.847491+00:00,batch_20260729_150659_a047a5
6352-TWCAU,0.5811,1,0.5,1.0.0,2026-07-29T15:06:59.847491+00:00,batch_20260729_150659_a047a5
2361-UPSND,0.0256,0,0.5,1.0.0,2026-07-29T15:06:59.847491+00:00,batch_20260729_150659_a047a5
6035-RIIOM,0.1275,0,0.5,1.0.0,2026-07-29T15:06:59.847491+00:00,batch_20260729_150659_a047a5
2929-QNSRW,0.292,0,0.5,1.0.0,2026-07-29T15:06:59.847491+00:00,batch_20260729_150659_a047a5
1262-OPMFY,0.5755,1,0.5,1.0.0,2026-07-29T15:06:59.847491+00:00,batch_20260729_150659_a047a5
9504-DSHWM,0.1285,0,0.5,1.0.0,2026-07-29T15:06:59.847491+00:00,batch_20260729_150659_a047a5
5035-BVCXS,0.529,1,0.5,1.0.0,2026-07-29T15:06:59.847491+00:00,batch_20260729_150659_a047a5
6267-DCFFZ,0.5829,1,0.5,1.0.0,2026-07-29T15:06:59.847491+00:00,batch_20260729_150659_a047a5
3533-UVMOM,0.0091,0,0.5,1.0.0,2026-07-29T15:06:59.847491+00:00,batch_20260729_150659_a047a5
2439-LYPMQ,0.6156,1,0.5,1.0.0,2026-07-29T15:06:59.847491+00:00,batch_20260729_150659_a047a5
4248-QPAVC,0.4889,0,0.5,1.0.0,2026-07-29T15:06:59.847491+00:00,batch_20260729_150659_a047a5
1899-VXWXM,0.2773,0,0.5,1.0.0,2026-07-29T15:06:59.847491+00:00,batch_20260729_150659_a047a5
1478-VPOAD,0.4268,0,0.5,1.0.0,2026-07-29T15:06:59.847491+00:00,batch_20260729_150659_a047a5
9995-HOTOH,0.0226,0,0.5,1.0.0,2026-07-29T15:06:59.847491+00:00,batch_20260729_150659_a047a5
2988-PLAHS,0.4285,0,0.5,1.0.0,2026-07-29T15:06:59.847491+00:00,batch_20260729_150659_a047a5
1371-OJCEK,0.0148,0,0.5,1.0.0,2026-07-29T15:06:59.847491+00:00,batch_20260729_150659_a047a5
4999-IEZLT,0.015,0,0.5,1.0.0,2026-07-29T15:06:59.847491+00:00,batch_20260729_150659_a047a5
8883-ANODQ,0.0409,0,0.5,1.0.0,2026-07-29T15:06:59.847491+00:00,batch_20260729_150659_a047a5
4690-LLKUA,0.3676,0,0.5,1.0.0,2026-07-29T15:06:59.847491+00:00,batch_20260729_150659_a047a5
2351-RRBUE,0.0608,0,0.5,1.0.0,2026-07-29T15:06:59.847491+00:00,batch_20260729_150659_a047a5
5980-BDHPY,0.0155,0,0.5,1.0.0,2026-07-29T15:06:59.847491+00:00,batch_20260729_150659_a047a5
1498-DQNRX,0.0603,0,0.5,1.0.0,2026-07-29T15:06:59.847491+00:00,batch_20260729_150659_a047a5
9469-WEJBT,0.4288,0,0.5,1.0.0,2026-07-29T15:06:59.847491+00:00,batch_20260729_150659_a047a5
3331-HQDTW,0.4724,0,0.5,1.0.0,2026-07-29T15:06:59.847491+00:00,batch_20260729_150659_a047a5
9490-DFPMD,0.5195,1,0.5,1.0.0,2026-07-29T15:06:59.847491+00:00,batch_20260729_150659_a047a5
2581-VKIRT,0.012,0,0.5,1.0.0,2026-07-29T15:06:59.847491+00:00,batch_20260729_150659_a047a5
5442-XSDCW,0.5518,1,0.5,1.0.0,2026-07-29T15:06:59.847491+00:00,batch_20260729_150659_a047a5
7426-WEIJX,0.2118,0,0.5,1.0.0,2026-07-29T15:06:59.847491+00:00,batch_20260729_150659_a047a5
2851-MMUTZ,0.142,0,0.5,1.0.0,2026-07-29T15:06:59.847491+00:00,batch_20260729_150659_a047a5
3049-NDXFL,0.6608,1,0.5,1.0.0,2026-07-29T15:06:59.847491+00:00,batch_20260729_150659_a047a5
8580-AECUZ,0.7575,1,0.5,1.0.0,2026-07-29T15:06:59.847491+00:00,batch_20260729_150659_a047a5
3307-TLCUD,0.2522,0,0.5,1.0.0,2026-07-29T15:06:59.847491+00:00,batch_20260729_150659_a047a5
6625-FLENO,0.004,0,0.5,1.0.0,2026-07-29T15:06:59.847491+00:00,batch_20260729_150659_a047a5
2967-MXRAV,0.078,0,0.5,1.0.0,2026-07-29T15:06:59.847491+00:00,batch_20260729_150659_a047a5
7963-GQRMY,0.2815,0,0.5,1.0.0,2026-07-29T15:06:59.847491+00:00,batch_20260729_150659_a047a5
8189-HBVRW,0.2208,0,0.5,1.0.0,2026-07-29T15:06:59.847491+00:00,batch_20260729_150659_a047a5
4163-KIUHY,0.1165,0,0.5,1.0.0,2026-07-29T15:06:59.847491+00:00,batch_20260729_150659_a047a5
1228-FZFRV,0.2626,0,0.5,1.0.0,2026-07-29T15:06:59.847491+00:00,batch_20260729_150659_a047a5
3500-NSDOA,0.0085,0,0.5,1.0.0,2026-07-29T15:06:59.847491+00:00,batch_20260729_150659_a047a5
1171-TYKUR,0.049,0,0.5,1.0.0,2026-07-29T15:06:59.847491+00:00,batch_20260729_150659_a047a5
3761-FLYZI,0.3686,0,0.5,1.0.0,2026-07-29T15:06:59.847491+00:00,batch_20260729_150659_a047a5
2058-DCJBE,0.687,1,0.5,1.0.0,2026-07-29T15:06:59.847491+00:00,batch_20260729_150659_a047a5
5364-XYIRR,0.5389,1,0.5,1.0.0,2026-07-29T15:06:59.847491+00:00,batch_20260729_150659_a047a5
4829-AUOAX,0.3865,0,0.5,1.0.0,2026-07-29T15:06:59.847491+00:00,batch_20260729_150659_a047a5
1219-NNDDO,0.7108,1,0.5,1.0.0,2026-07-29T15:06:59.847491+00:00,batch_20260729_150659_a047a5
8388-DMKAE,0.0388,0,0.5,1.0.0,2026-07-29T15:06:59.847491+00:00,batch_20260729_150659_a047a5
4403-BWPAY,0.0937,0,0.5,1.0.0,2026-07-29T15:06:59.847491+00:00,batch_20260729_150659_a047a5
9659-QEQSY,0.4052,0,0.5,1.0.0,2026-07-29T15:06:59.847491+00:00,batch_20260729_150659_a047a5
5405-ZMYXQ,0.6259,1,0.5,1.0.0,2026-07-29T15:06:59.847491+00:00,batch_20260729_150659_a047a5
5047-LHVLY,0.3871,0,0.5,1.0.0,2026-07-29T15:06:59.847491+00:00,batch_20260729_150659_a047a5
1442-OKRJE,0.097,0,0.5,1.0.0,2026-07-29T15:06:59.847491+00:00,batch_20260729_150659_a047a5
4737-AQCPU,0.0041,0,0.5,1.0.0,2026-07-29T15:06:59.847491+00:00,batch_20260729_150659_a047a5
9158-VCTQB,0.3354,0,0.5,1.0.0,2026-07-29T15:06:59.847491+00:00,batch_20260729_150659_a047a5
2808-CHTDM,0.0203,0,0.5,1.0.0,2026-07-29T15:06:59.847491+00:00,batch_20260729_150659_a047a5
6311-UEUME,0.5605,1,0.5,1.0.0,2026-07-29T15:06:59.847491+00:00,batch_20260729_150659_a047a5
0793-TWELN,0.6711,1,0.5,1.0.0,2026-07-29T15:06:59.847491+00:00,batch_20260729_150659_a047a5
3283-WCWXT,0.0427,0,0.5,1.0.0,2026-07-29T15:06:59.847491+00:00,batch_20260729_150659_a047a5
1060-ENTOF,0.0802,0,0.5,1.0.0,2026-07-29T15:06:59.847491+00:00,batch_20260729_150659_a047a5
0999-QXNSA,0.3313,0,0.5,1.0.0,2026-07-29T15:06:59.847491+00:00,batch_20260729_150659_a047a5
5451-MHQOF,0.013,0,0.5,1.0.0,2026-07-29T15:06:59.847491+00:00,batch_20260729_150659_a047a5
4836-WNFNO,0.0027,0,0.5,1.0.0,2026-07-29T15:06:59.847491+00:00,batch_20260729_150659_a047a5
9225-BZLNZ,0.0331,0,0.5,1.0.0,2026-07-29T15:06:59.847491+00:00,batch_20260729_150659_a047a5
0354-VXMJC,0.0147,0,0.5,1.0.0,2026-07-29T15:06:59.847491+00:00,batch_20260729_150659_a047a5
4422-QVIJA,0.1193,0,0.5,1.0.0,2026-07-29T15:06:59.847491+00:00,batch_20260729_150659_a047a5
9365-SRSZE,0.5138,1,0.5,1.0.0,2026-07-29T15:06:59.847491+00:00,batch_20260729_150659_a047a5
6839-ITVZJ,0.2018,0,0.5,1.0.0,2026-07-29T15:06:59.847491+00:00,batch_20260729_150659_a047a5
8332-OSJDW,0.0617,0,0.5,1.0.0,2026-07-29T15:06:59.847491+00:00,batch_20260729_150659_a047a5
4735-BJKOU,0.009,0,0.5,1.0.0,2026-07-29T15:06:59.847491+00:00,batch_20260729_150659_a047a5
0274-JKUJR,0.3625,0,0.5,1.0.0,2026-07-29T15:06:59.847491+00:00,batch_20260729_150659_a047a5
5740-YHGTW,0.1493,0,0.5,1.0.0,2026-07-29T15:06:59.847491+00:00,batch_20260729_150659_a047a5
8917-SZTTJ,0.0027,0,0.5,1.0.0,2026-07-29T15:06:59.847491+00:00,batch_20260729_150659_a047a5
1696-MZVAU,0.0786,0,0.5,1.0.0,2026-07-29T15:06:59.847491+00:00,batch_20260729_150659_a047a5
7359-WWYJV,0.0382,0,0.5,1.0.0,2026-07-29T15:06:59.847491+00:00,batch_20260729_150659_a047a5
0375-HVGXO,0.7057,1,0.5,1.0.0,2026-07-29T15:06:59.847491+00:00,batch_20260729_150659_a047a5
4906-ZHGPK,0.0535,0,0.5,1.0.0,2026-07-29T15:06:59.847491+00:00,batch_20260729_150659_a047a5
8593-WHYHV,0.7916,1,0.5,1.0.0,2026-07-29T15:06:59.847491+00:00,batch_20260729_150659_a047a5
3795-GWTRD,0.0059,0,0.5,1.0.0,2026-07-29T15:06:59.847491+00:00,batch_20260729_150659_a047a5
1298-PHBTI,0.0379,0,0.5,1.0.0,2026-07-29T15:06:59.847491+00:00,batch_20260729_150659_a047a5
6223-DHJGV,0.0238,0,0.5,1.0.0,2026-07-29T15:06:59.847491+00:00,batch_20260729_150659_a047a5
6961-MJKBO,0.0063,0,0.5,1.0.0,2026-07-29T15:06:59.847491+00:00,batch_20260729_150659_a047a5
6097-EQISJ,0.1456,0,0.5,1.0.0,2026-07-29T15:06:59.847491+00:00,batch_20260729_150659_a047a5
4423-YLHDV,0.5882,1,0.5,1.0.0,2026-07-29T15:06:59.847491+00:00,batch_20260729_150659_a047a5
8158-WPEZG,0.4209,0,0.5,1.0.0,2026-07-29T15:06:59.847491+00:00,batch_20260729_150659_a047a5
0107-YHINA,0.7982,1,0.5,1.0.0,2026-07-29T15:06:59.847491+00:00,batch_20260729_150659_a047a5
4918-FYJNT,0.2003,0,0.5,1.0.0,2026-07-29T15:06:59.847491+00:00,batch_20260729_150659_a047a5
0727-BNRLG,0.0492,0,0.5,1.0.0,2026-07-29T15:06:59.847491+00:00,batch_20260729_150659_a047a5
4854-CIDCF,0.615,1,0.5,1.0.0,2026-07-29T15:06:59.847491+00:00,batch_20260729_150659_a047a5
8640-SDGKB,0.5113,1,0.5,1.0.0,2026-07-29T15:06:59.847491+00:00,batch_20260729_150659_a047a5
3280-MRDOF,0.0628,0,0.5,1.0.0,2026-07-29T15:06:59.847491+00:00,batch_20260729_150659_a047a5
6435-SRWBJ,0.6499,1,0.5,1.0.0,2026-07-29T15:06:59.847491+00:00,batch_20260729_150659_a047a5
9964-WBQDJ,0.0041,0,0.5,1.0.0,2026-07-29T15:06:59.847491+00:00,batch_20260729_150659_a047a5
6303-KFWSL,0.1584,0,0.5,1.0.0,2026-07-29T15:06:59.847491+00:00,batch_20260729_150659_a047a5
1702-CCFNJ,0.0536,0,0.5,1.0.0,2026-07-29T15:06:59.847491+00:00,batch_20260729_150659_a047a5
8932-CZHRQ,0.0238,0,0.5,1.0.0,2026-07-29T15:06:59.847491+00:00,batch_20260729_150659_a047a5
0386-CWRGM,0.0055,0,0.5,1.0.0,2026-07-29T15:06:59.847491+00:00,batch_20260729_150659_a047a5
5515-RUGKN,0.419,0,0.5,1.0.0,2026-07-29T15:06:59.847491+00:00,batch_20260729_150659_a047a5
0404-AHASP,0.002,0,0.5,1.0.0,2026-07-29T15:06:59.847491+00:00,batch_20260729_150659_a047a5
7279-NMVJC,0.0463,0,0.5,1.0.0,2026-07-29T15:06:59.847491+00:00,batch_20260729_150659_a047a5
2081-VEYEH,0.6868,1,0.5,1.0.0,2026-07-29T15:06:59.847491+00:00,batch_20260729_150659_a047a5
6407-UTSLV,0.6381,1,0.5,1.0.0,2026-07-29T15:06:59.847491+00:00,batch_20260729_150659_a047a5
4116-TZAQJ,0.4763,0,0.5,1.0.0,2026-07-29T15:06:59.847491+00:00,batch_20260729_150659_a047a5
9060-HJJRW,0.1098,0,0.5,1.0.0,2026-07-29T15:06:59.847491+00:00,batch_20260729_150659_a047a5
2587-YNLES,0.0339,0,0.5,1.0.0,2026-07-29T15:06:59.847491+00:00,batch_20260729_150659_a047a5
7398-SKNQZ,0.7617,1,0.5,1.0.0,2026-07-29T15:06:59.847491+00:00,batch_20260729_150659_a047a5
5935-FCCNB,0.7566,1,0.5,1.0.0,2026-07-29T15:06:59.847491+00:00,batch_20260729_150659_a047a5
1958-RNRKS,0.2303,0,0.5,1.0.0,2026-07-29T15:06:59.847491+00:00,batch_20260729_150659_a047a5
5136-RGMZO,0.2571,0,0.5,1.0.0,2026-07-29T15:06:59.847491+00:00,batch_20260729_150659_a047a5
8345-MVDYC,0.0214,0,0.5,1.0.0,2026-07-29T15:06:59.847491+00:00,batch_20260729_150659_a047a5
8226-BXGES,0.0572,0,0.5,1.0.0,2026-07-29T15:06:59.847491+00:00,batch_20260729_150659_a047a5
3877-JRJIP,0.6327,1,0.5,1.0.0,2026-07-29T15:06:59.847491+00:00,batch_20260729_150659_a047a5
8375-DKEBR,0.7172,1,0.5,1.0.0,2026-07-29T15:06:59.847491+00:00,batch_20260729_150659_a047a5
9705-IOVQQ,0.1597,0,0.5,1.0.0,2026-07-29T15:06:59.847491+00:00,batch_20260729_150659_a047a5
1015-OWJKI,0.1882,0,0.5,1.0.0,2026-07-29T15:06:59.847491+00:00,batch_20260729_150659_a047a5
7511-YMXVQ,0.6879,1,0.5,1.0.0,2026-07-29T15:06:59.847491+00:00,batch_20260729_150659_a047a5
2040-XBAVJ,0.0289,0,0.5,1.0.0,2026-07-29T15:06:59.847491+00:00,batch_20260729_150659_a047a5
7551-JOHTI,0.1886,0,0.5,1.0.0,2026-07-29T15:06:59.847491+00:00,batch_20260729_150659_a047a5
8887-IPQNC,0.3849,0,0.5,1.0.0,2026-07-29T15:06:59.847491+00:00,batch_20260729_150659_a047a5
8646-JCOMS,0.0786,0,0.5,1.0.0,2026-07-29T15:06:59.847491+00:00,batch_20260729_150659_a047a5
9804-ICWBG,0.7176,1,0.5,1.0.0,2026-07-29T15:06:59.847491+00:00,batch_20260729_150659_a047a5
1222-KJNZD,0.0411,0,0.5,1.0.0,2026-07-29T15:06:59.847491+00:00,batch_20260729_150659_a047a5
0106-GHRQR,0.3882,0,0.5,1.0.0,2026-07-29T15:06:59.847491+00:00,batch_20260729_150659_a047a5
5318-IXUZF,0.6438,1,0.5,1.0.0,2026-07-29T15:06:59.847491+00:00,batch_20260729_150659_a047a5
3768-VHXQO,0.0033,0,0.5,1.0.0,2026-07-29T15:06:59.847491+00:00,batch_20260729_150659_a047a5
8952-WCVCD,0.2019,0,0.5,1.0.0,2026-07-29T15:06:59.847491+00:00,batch_20260729_150659_a047a5
2418-TPEUN,0.0048,0,0.5,1.0.0,2026-07-29T15:06:59.847491+00:00,batch_20260729_150659_a047a5
3963-RYFNS,0.052,0,0.5,1.0.0,2026-07-29T15:06:59.847491+00:00,batch_20260729_150659_a047a5
3198-VELRD,0.6737,1,0.5,1.0.0,2026-07-29T15:06:59.847491+00:00,batch_20260729_150659_a047a5
8540-ZQGEA,0.0045,0,0.5,1.0.0,2026-07-29T15:06:59.847491+00:00,batch_20260729_150659_a047a5
1320-REHCS,0.4438,0,0.5,1.0.0,2026-07-29T15:06:59.847491+00:00,batch_20260729_150659_a047a5
4137-JOPHL,0.0707,0,0.5,1.0.0,2026-07-29T15:06:59.847491+00:00,batch_20260729_150659_a047a5
9436-ZBZCT,0.6341,1,0.5,1.0.0,2026-07-29T15:06:59.847491+00:00,batch_20260729_150659_a047a5
7801-CEDNV,0.0563,0,0.5,1.0.0,2026-07-29T15:06:59.847491+00:00,batch_20260729_150659_a047a5
2057-BOYKM,0.0265,0,0.5,1.0.0,2026-07-29T15:06:59.847491+00:00,batch_20260729_150659_a047a5
3658-QQJYD,0.0399,0,0.5,1.0.0,2026-07-29T15:06:59.847491+00:00,batch_20260729_150659_a047a5
1803-BGNBD,0.2915,0,0.5,1.0.0,2026-07-29T15:06:59.847491+00:00,batch_20260729_150659_a047a5
0134-XWXCE,0.0541,0,0.5,1.0.0,2026-07-29T15:06:59.847491+00:00,batch_20260729_150659_a047a5
6950-TWMYB,0.0327,0,0.5,1.0.0,2026-07-29T15:06:59.847491+00:00,batch_20260729_150659_a047a5
5848-FHRFC,0.0024,0,0.5,1.0.0,2026-07-29T15:06:59.847491+00:00,batch_20260729_150659_a047a5
2243-FNMMI,0.0881,0,0.5,1.0.0,2026-07-29T15:06:59.847491+00:00,batch_20260729_150659_a047a5
2511-MORQY,0.034,0,0.5,1.0.0,2026-07-29T15:06:59.847491+00:00,batch_20260729_150659_a047a5
5356-KZCKT,0.0074,0,0.5,1.0.0,2026-07-29T15:06:59.847491+00:00,batch_20260729_150659_a047a5
9470-XCCEM,0.3972,0,0.5,1.0.0,2026-07-29T15:06:59.847491+00:00,batch_20260729_150659_a047a5
6519-CFDBX,0.5164,1,0.5,1.0.0,2026-07-29T15:06:59.847491+00:00,batch_20260729_150659_a047a5
3902-MIVLE,0.0093,0,0.5,1.0.0,2026-07-29T15:06:59.847491+00:00,batch_20260729_150659_a047a5
0409-WTMPL,0.186,0,0.5,1.0.0,2026-07-29T15:06:59.847491+00:00,batch_20260729_150659_a047a5
8763-KIAFH,0.0369,0,0.5,1.0.0,2026-07-29T15:06:59.847491+00:00,batch_20260729_150659_a047a5
3669-WHAFY,0.0548,0,0.5,1.0.0,2026-07-29T15:06:59.847491+00:00,batch_20260729_150659_a047a5
3055-VTCGS,0.0267,0,0.5,1.0.0,2026-07-29T15:06:59.847491+00:00,batch_20260729_150659_a047a5
3144-KMTWZ,0.2345,0,0.5,1.0.0,2026-07-29T15:06:59.847491+00:00,batch_20260729_150659_a047a5
7279-BUYWN,0.5364,1,0.5,1.0.0,2026-07-29T15:06:59.847491+00:00,batch_20260729_150659_a047a5
7156-MHUGY,0.7361,1,0.5,1.0.0,2026-07-29T15:06:59.847491+00:00,batch_20260729_150659_a047a5
7198-GLXTC,0.6702,1,0.5,1.0.0,2026-07-29T15:06:59.847491+00:00,batch_20260729_150659_a047a5
2007-QVGAW,0.0028,0,0.5,1.0.0,2026-07-29T15:06:59.847491+00:00,batch_20260729_150659_a047a5
5207-PLSTK,0.3066,0,0.5,1.0.0,2026-07-29T15:06:59.847491+00:00,batch_20260729_150659_a047a5
2307-FYNNL,0.097,0,0.5,1.0.0,2026-07-29T15:06:59.847491+00:00,batch_20260729_150659_a047a5
5605-XNWEN,0.004,0,0.5,1.0.0,2026-07-29T15:06:59.847491+00:00,batch_20260729_150659_a047a5
2155-AMQRX,0.1801,0,0.5,1.0.0,2026-07-29T15:06:59.847491+00:00,batch_20260729_150659_a047a5
6181-AXXYF,0.0021,0,0.5,1.0.0,2026-07-29T15:06:59.847491+00:00,batch_20260729_150659_a047a5
5091-HFAZW,0.6483,1,0.5,1.0.0,2026-07-29T15:06:59.847491+00:00,batch_20260729_150659_a047a5
0516-VRYBW,0.0357,0,0.5,1.0.0,2026-07-29T15:06:59.847491+00:00,batch_20260729_150659_a047a5
2519-LBNQL,0.2927,0,0.5,1.0.0,2026-07-29T15:06:59.847491+00:00,batch_20260729_150659_a047a5
8623-ULFNQ,0.3216,0,0.5,1.0.0,2026-07-29T15:06:59.847491+00:00,batch_20260729_150659_a047a5
8380-PEFPE,0.6695,1,0.5,1.0.0,2026-07-29T15:06:59.847491+00:00,batch_20260729_150659_a047a5
5687-DKDTV,0.1689,0,0.5,1.0.0,2026-07-29T15:06:59.847491+00:00,batch_20260729_150659_a047a5
1568-LJSZU,0.0158,0,0.5,1.0.0,2026-07-29T15:06:59.847491+00:00,batch_20260729_150659_a047a5
7530-HDYDS,0.2356,0,0.5,1.0.0,2026-07-29T15:06:59.847491+00:00,batch_20260729_150659_a047a5
7789-HKSBS,0.2818,0,0.5,1.0.0,2026-07-29T15:06:59.847491+00:00,batch_20260729_150659_a047a5
7416-CKTEP,0.0059,0,0.5,1.0.0,2026-07-29T15:06:59.847491+00:00,batch_20260729_150659_a047a5
2586-CWXVV,0.099,0,0.5,1.0.0,2026-07-29T15:06:59.847491+00:00,batch_20260729_150659_a047a5
3096-IZETN,0.505,1,0.5,1.0.0,2026-07-29T15:06:59.847491+00:00,batch_20260729_150659_a047a5
2348-KCJLT,0.0445,0,0.5,1.0.0,2026-07-29T15:06:59.847491+00:00,batch_20260729_150659_a047a5
8401-EMUWF,0.1221,0,0.5,1.0.0,2026-07-29T15:06:59.847491+00:00,batch_20260729_150659_a047a5
4193-IBKSW,0.0021,0,0.5,1.0.0,2026-07-29T15:06:59.847491+00:00,batch_20260729_150659_a047a5
5377-NDTOU,0.0095,0,0.5,1.0.0,2026-07-29T15:06:59.847491+00:00,batch_20260729_150659_a047a5
5922-ABDVO,0.5373,1,0.5,1.0.0,2026-07-29T15:06:59.847491+00:00,batch_20260729_150659_a047a5
2474-LCNUE,0.3134,0,0.5,1.0.0,2026-07-29T15:06:59.847491+00:00,batch_20260729_150659_a047a5
0839-QNXME,0.0134,0,0.5,1.0.0,2026-07-29T15:06:59.847491+00:00,batch_20260729_150659_a047a5
3506-OVLKD,0.0275,0,0.5,1.0.0,2026-07-29T15:06:59.847491+00:00,batch_20260729_150659_a047a5
9172-ANCRX,0.7291,1,0.5,1.0.0,2026-07-29T15:06:59.847491+00:00,batch_20260729_150659_a047a5
6650-VJONK,0.4299,0,0.5,1.0.0,2026-07-29T15:06:59.847491+00:00,batch_20260729_150659_a047a5
2178-PMGCJ,0.4626,0,0.5,1.0.0,2026-07-29T15:06:59.847491+00:00,batch_20260729_150659_a047a5
7492-TAFJD,0.077,0,0.5,1.0.0,2026-07-29T15:06:59.847491+00:00,batch_20260729_150659_a047a5
2773-MADBQ,0.041,0,0.5,1.0.0,2026-07-29T15:06:59.847491+00:00,batch_20260729_150659_a047a5
6016-LVTJQ,0.0391,0,0.5,1.0.0,2026-07-29T15:06:59.847491+00:00,batch_20260729_150659_a047a5
7860-KSUGX,0.0057,0,0.5,1.0.0,2026-07-29T15:06:59.847491+00:00,batch_20260729_150659_a047a5
8966-KZXXA,0.0108,0,0.5,1.0.0,2026-07-29T15:06:59.847491+00:00,batch_20260729_150659_a047a5
6910-HADCM,0.6359,1,0.5,1.0.0,2026-07-29T15:06:59.847491+00:00,batch_20260729_150659_a047a5
4816-LXZYW,0.561,1,0.5,1.0.0,2026-07-29T15:06:59.847491+00:00,batch_20260729_150659_a047a5
9606-PBKBQ,0.6023,1,0.5,1.0.0,2026-07-29T15:06:59.847491+00:00,batch_20260729_150659_a047a5
5149-QYTTU,0.0401,0,0.5,1.0.0,2026-07-29T15:06:59.847491+00:00,batch_20260729_150659_a047a5
2070-XYMFH,0.5278,1,0.5,1.0.0,2026-07-29T15:06:59.847491+00:00,batch_20260729_150659_a047a5
2085-BOJKI,0.4445,0,0.5,1.0.0,2026-07-29T15:06:59.847491+00:00,batch_20260729_150659_a047a5
0817-HSUSE,0.5382,1,0.5,1.0.0,2026-07-29T15:06:59.847491+00:00,batch_20260729_150659_a047a5
5442-PPTJY,0.026,0,0.5,1.0.0,2026-07-29T15:06:59.847491+00:00,batch_20260729_150659_a047a5
1927-QEWMY,0.002,0,0.5,1.0.0,2026-07-29T15:06:59.847491+00:00,batch_20260729_150659_a047a5
1663-MHLHE,0.1884,0,0.5,1.0.0,2026-07-29T15:06:59.847491+00:00,batch_20260729_150659_a047a5
5663-QBGIS,0.0574,0,0.5,1.0.0,2026-07-29T15:06:59.847491+00:00,batch_20260729_150659_a047a5
4450-MDZFX,0.137,0,0.5,1.0.0,2026-07-29T15:06:59.847491+00:00,batch_20260729_150659_a047a5
6701-DHKWQ,0.0116,0,0.5,1.0.0,2026-07-29T15:06:59.847491+00:00,batch_20260729_150659_a047a5
7554-AKDQF,0.3099,0,0.5,1.0.0,2026-07-29T15:06:59.847491+00:00,batch_20260729_150659_a047a5
3536-IQCTX,0.507,1,0.5,1.0.0,2026-07-29T15:06:59.847491+00:00,batch_20260729_150659_a047a5
4911-BANWH,0.4556,0,0.5,1.0.0,2026-07-29T15:06:59.847491+00:00,batch_20260729_150659_a047a5
8496-EJAUI,0.4421,0,0.5,1.0.0,2026-07-29T15:06:59.847491+00:00,batch_20260729_150659_a047a5
0794-YVSGE,0.0016,0,0.5,1.0.0,2026-07-29T15:06:59.847491+00:00,batch_20260729_150659_a047a5
5423-BHIXO,0.2649,0,0.5,1.0.0,2026-07-29T15:06:59.847491+00:00,batch_20260729_150659_a047a5
6908-VVYHM,0.3404,0,0.5,1.0.0,2026-07-29T15:06:59.847491+00:00,batch_20260729_150659_a047a5
2959-EEXWB,0.1739,0,0.5,1.0.0,2026-07-29T15:06:59.847491+00:00,batch_20260729_150659_a047a5
1839-UMACK,0.0279,0,0.5,1.0.0,2026-07-29T15:06:59.847491+00:00,batch_20260729_150659_a047a5
3030-YDNRM,0.7145,1,0.5,1.0.0,2026-07-29T15:06:59.847491+00:00,batch_20260729_150659_a047a5
7321-KKSDU,0.0105,0,0.5,1.0.0,2026-07-29T15:06:59.847491+00:00,batch_20260729_150659_a047a5
3402-XRIUO,0.1563,0,0.5,1.0.0,2026-07-29T15:06:59.847491+00:00,batch_20260729_150659_a047a5
3132-TVFDZ,0.2401,0,0.5,1.0.0,2026-07-29T15:06:59.847491+00:00,batch_20260729_150659_a047a5
8286-AFUYI,0.3429,0,0.5,1.0.0,2026-07-29T15:06:59.847491+00:00,batch_20260729_150659_a047a5
8080-DDEMJ,0.4288,0,0.5,1.0.0,2026-07-29T15:06:59.847491+00:00,batch_20260729_150659_a047a5
8356-WUAOJ,0.5294,1,0.5,1.0.0,2026-07-29T15:06:59.847491+00:00,batch_20260729_150659_a047a5
6365-MTGZX,0.567,1,0.5,1.0.0,2026-07-29T15:06:59.847491+00:00,batch_20260729_150659_a047a5
1349-WXNGG,0.1827,0,0.5,1.0.0,2026-07-29T15:06:59.847491+00:00,batch_20260729_150659_a047a5
8058-DMYRU,0.4141,0,0.5,1.0.0,2026-07-29T15:06:59.847491+00:00,batch_20260729_150659_a047a5
9350-ZXYJC,0.079,0,0.5,1.0.0,2026-07-29T15:06:59.847491+00:00,batch_20260729_150659_a047a5
6990-YNRIO,0.0365,0,0.5,1.0.0,2026-07-29T15:06:59.847491+00:00,batch_20260729_150659_a047a5
8958-JPTRR,0.015,0,0.5,1.0.0,2026-07-29T15:06:59.847491+00:00,batch_20260729_150659_a047a5
6959-GQEGV,0.216,0,0.5,1.0.0,2026-07-29T15:06:59.847491+00:00,batch_20260729_150659_a047a5
3173-WSSUE,0.0016,0,0.5,1.0.0,2026-07-29T15:06:59.847491+00:00,batch_20260729_150659_a047a5
1265-HVPZB,0.0215,0,0.5,1.0.0,2026-07-29T15:06:59.847491+00:00,batch_20260729_150659_a047a5
4115-UMJFQ,0.0282,0,0.5,1.0.0,2026-07-29T15:06:59.847491+00:00,batch_20260729_150659_a047a5
7369-TRPFD,0.043,0,0.5,1.0.0,2026-07-29T15:06:59.847491+00:00,batch_20260729_150659_a047a5
1098-KFQEC,0.0034,0,0.5,1.0.0,2026-07-29T15:06:59.847491+00:00,batch_20260729_150659_a047a5
7190-XHTWJ,0.0187,0,0.5,1.0.0,2026-07-29T15:06:59.847491+00:00,batch_20260729_150659_a047a5
0621-TWIEM,0.4336,0,0.5,1.0.0,2026-07-29T15:06:59.847491+00:00,batch_20260729_150659_a047a5
3537-RYBHH,0.105,0,0.5,1.0.0,2026-07-29T15:06:59.847491+00:00,batch_20260729_150659_a047a5
2485-ITVKB,0.7041,1,0.5,1.0.0,2026-07-29T15:06:59.847491+00:00,batch_20260729_150659_a047a5
3669-OYSJI,0.3372,0,0.5,1.0.0,2026-07-29T15:06:59.847491+00:00,batch_20260729_150659_a047a5
1612-EOHDH,0.4288,0,0.5,1.0.0,2026-07-29T15:06:59.847491+00:00,batch_20260729_150659_a047a5
6702-OHFWR,0.6769,1,0.5,1.0.0,2026-07-29T15:06:59.847491+00:00,batch_20260729_150659_a047a5
5296-BFCYD,0.0081,0,0.5,1.0.0,2026-07-29T15:06:59.847491+00:00,batch_20260729_150659_a047a5
4510-PYUSH,0.103,0,0.5,1.0.0,2026-07-29T15:06:59.847491+00:00,batch_20260729_150659_a047a5
9359-JANWS,0.0052,0,0.5,1.0.0,2026-07-29T15:06:59.847491+00:00,batch_20260729_150659_a047a5
7517-SAWMO,0.4954,0,0.5,1.0.0,2026-07-29T15:06:59.847491+00:00,batch_20260729_150659_a047a5
4143-HHPMK,0.3529,0,0.5,1.0.0,2026-07-29T15:06:59.847491+00:00,batch_20260729_150659_a047a5
3279-DYZQM,0.0017,0,0.5,1.0.0,2026-07-29T15:06:59.847491+00:00,batch_20260729_150659_a047a5
7054-LGEQW,0.3498,0,0.5,1.0.0,2026-07-29T15:06:59.847491+00:00,batch_20260729_150659_a047a5
0523-VNGTF,0.1547,0,0.5,1.0.0,2026-07-29T15:06:59.847491+00:00,batch_20260729_150659_a047a5
9575-IWCAZ,0.0981,0,0.5,1.0.0,2026-07-29T15:06:59.847491+00:00,batch_20260729_150659_a047a5
7105-MXJLL,0.1123,0,0.5,1.0.0,2026-07-29T15:06:59.847491+00:00,batch_20260729_150659_a047a5
7064-FRRSW,0.3403,0,0.5,1.0.0,2026-07-29T15:06:59.847491+00:00,batch_20260729_150659_a047a5
7940-UQQUG,0.0972,0,0.5,1.0.0,2026-07-29T15:06:59.847491+00:00,batch_20260729_150659_a047a5
0923-PNFUB,0.6277,1,0.5,1.0.0,2026-07-29T15:06:59.847491+00:00,batch_20260729_150659_a047a5
3961-SXAXY,0.4303,0,0.5,1.0.0,2026-07-29T15:06:59.847491+00:00,batch_20260729_150659_a047a5
7010-BRBUU,0.0021,0,0.5,1.0.0,2026-07-29T15:06:59.847491+00:00,batch_20260729_150659_a047a5
3566-HJGPK,0.443,0,0.5,1.0.0,2026-07-29T15:06:59.847491+00:00,batch_20260729_150659_a047a5
3062-ICYZQ,0.2954,0,0.5,1.0.0,2026-07-29T15:06:59.847491+00:00,batch_20260729_150659_a047a5
9938-PRCVK,0.0066,0,0.5,1.0.0,2026-07-29T15:06:59.847491+00:00,batch_20260729_150659_a047a5
0973-KYVNF,0.0089,0,0.5,1.0.0,2026-07-29T15:06:59.847491+00:00,batch_20260729_150659_a047a5
5129-HHMZC,0.0247,0,0.5,1.0.0,2026-07-29T15:06:59.847491+00:00,batch_20260729_150659_a047a5
9637-CDTKZ,0.052,0,0.5,1.0.0,2026-07-29T15:06:59.847491+00:00,batch_20260729_150659_a047a5
3946-JEWRQ,0.295,0,0.5,1.0.0,2026-07-29T15:06:59.847491+00:00,batch_20260729_150659_a047a5
7873-CVMAW,0.0106,0,0.5,1.0.0,2026-07-29T15:06:59.847491+00:00,batch_20260729_150659_a047a5
0463-WZZKO,0.2303,0,0.5,1.0.0,2026-07-29T15:06:59.847491+00:00,batch_20260729_150659_a047a5
3494-JCHRQ,0.7177,1,0.5,1.0.0,2026-07-29T15:06:59.847491+00:00,batch_20260729_150659_a047a5
6474-FVJLC,0.7969,1,0.5,1.0.0,2026-07-29T15:06:59.847491+00:00,batch_20260729_150659_a047a5
4524-QCSSM,0.2668,0,0.5,1.0.0,2026-07-29T15:06:59.847491+00:00,batch_20260729_150659_a047a5
5832-EXGTT,0.1691,0,0.5,1.0.0,2026-07-29T15:06:59.847491+00:00,batch_20260729_150659_a047a5
8840-DQLGN,0.305,0,0.5,1.0.0,2026-07-29T15:06:59.847491+00:00,batch_20260729_150659_a047a5
2039-JONDJ,0.0497,0,0.5,1.0.0,2026-07-29T15:06:59.847491+00:00,batch_20260729_150659_a047a5
7217-JYHOQ,0.1199,0,0.5,1.0.0,2026-07-29T15:06:59.847491+00:00,batch_20260729_150659_a047a5
6695-FRVEC,0.0058,0,0.5,1.0.0,2026-07-29T15:06:59.847491+00:00,batch_20260729_150659_a047a5
4547-LYTDD,0.5613,1,0.5,1.0.0,2026-07-29T15:06:59.847491+00:00,batch_20260729_150659_a047a5
9894-QMIMJ,0.0817,0,0.5,1.0.0,2026-07-29T15:06:59.847491+00:00,batch_20260729_150659_a047a5
8069-YQQAJ,0.402,0,0.5,1.0.0,2026-07-29T15:06:59.847491+00:00,batch_20260729_150659_a047a5
6770-XUAGN,0.2802,0,0.5,1.0.0,2026-07-29T15:06:59.847491+00:00,batch_20260729_150659_a047a5
4193-ORFCL,0.3486,0,0.5,1.0.0,2026-07-29T15:06:59.847491+00:00,batch_20260729_150659_a047a5
1636-NTNCO,0.6096,1,0.5,1.0.0,2026-07-29T15:06:59.847491+00:00,batch_20260729_150659_a047a5
3466-WAESX,0.3285,0,0.5,1.0.0,2026-07-29T15:06:59.847491+00:00,batch_20260729_150659_a047a5
9281-PKKZE,0.3258,0,0.5,1.0.0,2026-07-29T15:06:59.847491+00:00,batch_20260729_150659_a047a5
3638-VBZTA,0.0139,0,0.5,1.0.0,2026-07-29T15:06:59.847491+00:00,batch_20260729_150659_a047a5
7459-IMVYU,0.0947,0,0.5,1.0.0,2026-07-29T15:06:59.847491+00:00,batch_20260729_150659_a047a5
7776-QWNFX,0.1743,0,0.5,1.0.0,2026-07-29T15:06:59.847491+00:00,batch_20260729_150659_a047a5
6689-TCZHQ,0.6528,1,0.5,1.0.0,2026-07-29T15:06:59.847491+00:00,batch_20260729_150659_a047a5
8563-OYMQY,0.5411,1,0.5,1.0.0,2026-07-29T15:06:59.847491+00:00,batch_20260729_150659_a047a5
0754-EEBDC,0.0371,0,0.5,1.0.0,2026-07-29T15:06:59.847491+00:00,batch_20260729_150659_a047a5
5777-ZPQNC,0.0829,0,0.5,1.0.0,2026-07-29T15:06:59.847491+00:00,batch_20260729_150659_a047a5
1951-IEYXM,0.0129,0,0.5,1.0.0,2026-07-29T15:06:59.847491+00:00,batch_20260729_150659_a047a5
3318-NMQXL,0.7907,1,0.5,1.0.0,2026-07-29T15:06:59.847491+00:00,batch_20260729_150659_a047a5
3143-ILDAL,0.3059,0,0.5,1.0.0,2026-07-29T15:06:59.847491+00:00,batch_20260729_150659_a047a5
1022-RKXDR,0.031,0,0.5,1.0.0,2026-07-29T15:06:59.847491+00:00,batch_20260729_150659_a047a5
2361-FJWNO,0.0413,0,0.5,1.0.0,2026-07-29T15:06:59.847491+00:00,batch_20260729_150659_a047a5
2272-UOINI,0.3616,0,0.5,1.0.0,2026-07-29T15:06:59.847491+00:00,batch_20260729_150659_a047a5
8232-UTFOZ,0.0022,0,0.5,1.0.0,2026-07-29T15:06:59.847491+00:00,batch_20260729_150659_a047a5
3750-YHRYO,0.061,0,0.5,1.0.0,2026-07-29T15:06:59.847491+00:00,batch_20260729_150659_a047a5
6637-KYRCV,0.5281,1,0.5,1.0.0,2026-07-29T15:06:59.847491+00:00,batch_20260729_150659_a047a5
5668-MEISB,0.0208,0,0.5,1.0.0,2026-07-29T15:06:59.847491+00:00,batch_20260729_150659_a047a5
0129-QMPDR,0.0162,0,0.5,1.0.0,2026-07-29T15:06:59.847491+00:00,batch_20260729_150659_a047a5
7188-CBBBA,0.1953,0,0.5,1.0.0,2026-07-29T15:06:59.847491+00:00,batch_20260729_150659_a047a5
5356-CSVSQ,0.4163,0,0.5,1.0.0,2026-07-29T15:06:59.847491+00:00,batch_20260729_150659_a047a5
3221-CJMSG,0.1701,0,0.5,1.0.0,2026-07-29T15:06:59.847491+00:00,batch_20260729_150659_a047a5
4720-VSTSI,0.3343,0,0.5,1.0.0,2026-07-29T15:06:59.847491+00:00,batch_20260729_150659_a047a5
3219-JQRSL,0.0108,0,0.5,1.0.0,2026-07-29T15:06:59.847491+00:00,batch_20260729_150659_a047a5
2801-NISEI,0.1276,0,0.5,1.0.0,2026-07-29T15:06:59.847491+00:00,batch_20260729_150659_a047a5
3946-MHCZW,0.3519,0,0.5,1.0.0,2026-07-29T15:06:59.847491+00:00,batch_20260729_150659_a047a5
4623-ZKHLY,0.1133,0,0.5,1.0.0,2026-07-29T15:06:59.847491+00:00,batch_20260729_150659_a047a5
6732-VAILE,0.018,0,0.5,1.0.0,2026-07-29T15:06:59.847491+00:00,batch_20260729_150659_a047a5
8201-AAXCB,0.2718,0,0.5,1.0.0,2026-07-29T15:06:59.847491+00:00,batch_20260729_150659_a047a5
7696-CFTAT,0.0079,0,0.5,1.0.0,2026-07-29T15:06:59.847491+00:00,batch_20260729_150659_a047a5
1845-CSBRZ,0.4347,0,0.5,1.0.0,2026-07-29T15:06:59.847491+00:00,batch_20260729_150659_a047a5
2123-VSCOT,0.0201,0,0.5,1.0.0,2026-07-29T15:06:59.847491+00:00,batch_20260729_150659_a047a5
6651-AZVTJ,0.5108,1,0.5,1.0.0,2026-07-29T15:06:59.847491+00:00,batch_20260729_150659_a047a5
4566-GOLUK,0.3603,0,0.5,1.0.0,2026-07-29T15:06:59.847491+00:00,batch_20260729_150659_a047a5
2484-DGXPZ,0.0645,0,0.5,1.0.0,2026-07-29T15:06:59.847491+00:00,batch_20260729_150659_a047a5
2018-QKYGT,0.7205,1,0.5,1.0.0,2026-07-29T15:06:59.847491+00:00,batch_20260729_150659_a047a5
2792-VPPET,0.3079,0,0.5,1.0.0,2026-07-29T15:06:59.847491+00:00,batch_20260729_150659_a047a5
7409-JURKQ,0.1939,0,0.5,1.0.0,2026-07-29T15:06:59.847491+00:00,batch_20260729_150659_a047a5
3247-MHJKM,0.1893,0,0.5,1.0.0,2026-07-29T15:06:59.847491+00:00,batch_20260729_150659_a047a5
1964-SVLEA,0.0616,0,0.5,1.0.0,2026-07-29T15:06:59.847491+00:00,batch_20260729_150659_a047a5
4587-NUKOX,0.5883,1,0.5,1.0.0,2026-07-29T15:06:59.847491+00:00,batch_20260729_150659_a047a5
7297-DVYGA,0.0146,0,0.5,1.0.0,2026-07-29T15:06:59.847491+00:00,batch_20260729_150659_a047a5
2239-CGBUZ,0.022,0,0.5,1.0.0,2026-07-29T15:06:59.847491+00:00,batch_20260729_150659_a047a5
0854-UYHZD,0.0248,0,0.5,1.0.0,2026-07-29T15:06:59.847491+00:00,batch_20260729_150659_a047a5
7243-LCGGZ,0.19,0,0.5,1.0.0,2026-07-29T15:06:59.847491+00:00,batch_20260729_150659_a047a5
8267-KFGYD,0.2153,0,0.5,1.0.0,2026-07-29T15:06:59.847491+00:00,batch_20260729_150659_a047a5
4890-VMUAV,0.0206,0,0.5,1.0.0,2026-07-29T15:06:59.847491+00:00,batch_20260729_150659_a047a5
9261-WDCAF,0.3856,0,0.5,1.0.0,2026-07-29T15:06:59.847491+00:00,batch_20260729_150659_a047a5
3764-MNMOI,0.0064,0,0.5,1.0.0,2026-07-29T15:06:59.847491+00:00,batch_20260729_150659_a047a5
7442-YGZFK,0.484,0,0.5,1.0.0,2026-07-29T15:06:59.847491+00:00,batch_20260729_150659_a047a5
0420-BWTPW,0.351,0,0.5,1.0.0,2026-07-29T15:06:59.847491+00:00,batch_20260729_150659_a047a5
8229-BUJHX,0.0017,0,0.5,1.0.0,2026-07-29T15:06:59.847491+00:00,batch_20260729_150659_a047a5
7449-HVPIV,0.303,0,0.5,1.0.0,2026-07-29T15:06:59.847491+00:00,batch_20260729_150659_a047a5
5504-WSIUR,0.0678,0,0.5,1.0.0,2026-07-29T15:06:59.847491+00:00,batch_20260729_150659_a047a5
8183-ONMXC,0.678,1,0.5,1.0.0,2026-07-29T15:06:59.847491+00:00,batch_20260729_150659_a047a5
8466-PZBLH,0.0326,0,0.5,1.0.0,2026-07-29T15:06:59.847491+00:00,batch_20260729_150659_a047a5
9614-RMGHA,0.2585,0,0.5,1.0.0,2026-07-29T15:06:59.847491+00:00,batch_20260729_150659_a047a5
8735-IJJEG,0.2349,0,0.5,1.0.0,2026-07-29T15:06:59.847491+00:00,batch_20260729_150659_a047a5
0564-MUUQK,0.4604,0,0.5,1.0.0,2026-07-29T15:06:59.847491+00:00,batch_20260729_150659_a047a5
5054-IEXZT,0.6319,1,0.5,1.0.0,2026-07-29T15:06:59.847491+00:00,batch_20260729_150659_a047a5
5834-ASPWA,0.7619,1,0.5,1.0.0,2026-07-29T15:06:59.847491+00:00,batch_20260729_150659_a047a5
0701-RFGFI,0.4009,0,0.5,1.0.0,2026-07-29T15:06:59.847491+00:00,batch_20260729_150659_a047a5
0019-EFAEP,0.0523,0,0.5,1.0.0,2026-07-29T15:06:59.847491+00:00,batch_20260729_150659_a047a5
5619-PTMIK,0.1043,0,0.5,1.0.0,2026-07-29T15:06:59.847491+00:00,batch_20260729_150659_a047a5
3737-XBQDD,0.478,0,0.5,1.0.0,2026-07-29T15:06:59.847491+00:00,batch_20260729_150659_a047a5
5882-CMAZQ,0.3316,0,0.5,1.0.0,2026-07-29T15:06:59.847491+00:00,batch_20260729_150659_a047a5
5846-QFDFI,0.1969,0,0.5,1.0.0,2026-07-29T15:06:59.847491+00:00,batch_20260729_150659_a047a5
4445-KWOKW,0.0531,0,0.5,1.0.0,2026-07-29T15:06:59.847491+00:00,batch_20260729_150659_a047a5
3511-APPBJ,0.3198,0,0.5,1.0.0,2026-07-29T15:06:59.847491+00:00,batch_20260729_150659_a047a5
7967-HYCDE,0.4795,0,0.5,1.0.0,2026-07-29T15:06:59.847491+00:00,batch_20260729_150659_a047a5
2430-RRYUW,0.0171,0,0.5,1.0.0,2026-07-29T15:06:59.847491+00:00,batch_20260729_150659_a047a5
3948-XHGNA,0.1776,0,0.5,1.0.0,2026-07-29T15:06:59.847491+00:00,batch_20260729_150659_a047a5
3723-BFBGR,0.1821,0,0.5,1.0.0,2026-07-29T15:06:59.847491+00:00,batch_20260729_150659_a047a5
0565-IYCGT,0.0224,0,0.5,1.0.0,2026-07-29T15:06:59.847491+00:00,batch_20260729_150659_a047a5
5447-WZAFP,0.2044,0,0.5,1.0.0,2026-07-29T15:06:59.847491+00:00,batch_20260729_150659_a047a5
5110-CHOPY,0.0342,0,0.5,1.0.0,2026-07-29T15:06:59.847491+00:00,batch_20260729_150659_a047a5
5445-UTODQ,0.7256,1,0.5,1.0.0,2026-07-29T15:06:59.847491+00:00,batch_20260729_150659_a047a5
4425-OWHWB,0.0585,0,0.5,1.0.0,2026-07-29T15:06:59.847491+00:00,batch_20260729_150659_a047a5
7892-QVYKW,0.517,1,0.5,1.0.0,2026-07-29T15:06:59.847491+00:00,batch_20260729_150659_a047a5
9675-ICXCT,0.0152,0,0.5,1.0.0,2026-07-29T15:06:59.847491+00:00,batch_20260729_150659_a047a5
1024-VRZHF,0.6975,1,0.5,1.0.0,2026-07-29T15:06:59.847491+00:00,batch_20260729_150659_a047a5
4703-MQYKT,0.0213,0,0.5,1.0.0,2026-07-29T15:06:59.847491+00:00,batch_20260729_150659_a047a5
9497-QCMMS,0.8315,1,0.5,1.0.0,2026-07-29T15:06:59.847491+00:00,batch_20260729_150659_a047a5
5692-ICXLW,0.5809,1,0.5,1.0.0,2026-07-29T15:06:59.847491+00:00,batch_20260729_150659_a047a5
0602-DDUML,0.0124,0,0.5,1.0.0,2026-07-29T15:06:59.847491+00:00,batch_20260729_150659_a047a5
2208-MPXIO,0.0081,0,0.5,1.0.0,2026-07-29T15:06:59.847491+00:00,batch_20260729_150659_a047a5
1960-UYCNN,0.7315,1,0.5,1.0.0,2026-07-29T15:06:59.847491+00:00,batch_20260729_150659_a047a5
0348-SDKOL,0.3171,0,0.5,1.0.0,2026-07-29T15:06:59.847491+00:00,batch_20260729_150659_a047a5
3190-FZATL,0.0912,0,0.5,1.0.0,2026-07-29T15:06:59.847491+00:00,batch_20260729_150659_a047a5
7336-RLLRH,0.0901,0,0.5,1.0.0,2026-07-29T15:06:59.847491+00:00,batch_20260729_150659_a047a5
4373-MAVJG,0.5603,1,0.5,1.0.0,2026-07-29T15:06:59.847491+00:00,batch_20260729_150659_a047a5
8901-HJXTF,0.2786,0,0.5,1.0.0,2026-07-29T15:06:59.847491+00:00,batch_20260729_150659_a047a5
7710-JSYOA,0.0379,0,0.5,1.0.0,2026-07-29T15:06:59.847491+00:00,batch_20260729_150659_a047a5
5419-KLXBN,0.4166,0,0.5,1.0.0,2026-07-29T15:06:59.847491+00:00,batch_20260729_150659_a047a5
3424-NMNBO,0.2411,0,0.5,1.0.0,2026-07-29T15:06:59.847491+00:00,batch_20260729_150659_a047a5
9885-MFVSU,0.0359,0,0.5,1.0.0,2026-07-29T15:06:59.847491+00:00,batch_20260729_150659_a047a5
4514-GFCFI,0.7105,1,0.5,1.0.0,2026-07-29T15:06:59.847491+00:00,batch_20260729_150659_a047a5
0607-MVMGC,0.0689,0,0.5,1.0.0,2026-07-29T15:06:59.847491+00:00,batch_20260729_150659_a047a5
3365-SAIGS,0.6108,1,0.5,1.0.0,2026-07-29T15:06:59.847491+00:00,batch_20260729_150659_a047a5
9828-AOQLM,0.4711,0,0.5,1.0.0,2026-07-29T15:06:59.847491+00:00,batch_20260729_150659_a047a5
8022-BECSI,0.0385,0,0.5,1.0.0,2026-07-29T15:06:59.847491+00:00,batch_20260729_150659_a047a5
8000-REIQB,0.7176,1,0.5,1.0.0,2026-07-29T15:06:59.847491+00:00,batch_20260729_150659_a047a5
9993-LHIEB,0.0059,0,0.5,1.0.0,2026-07-29T15:06:59.847491+00:00,batch_20260729_150659_a047a5
0266-CLZKZ,0.0649,0,0.5,1.0.0,2026-07-29T15:06:59.847491+00:00,batch_20260729_150659_a047a5
7615-ESMYF,0.6652,1,0.5,1.0.0,2026-07-29T15:06:59.847491+00:00,batch_20260729_150659_a047a5
3858-VOBET,0.6025,1,0.5,1.0.0,2026-07-29T15:06:59.847491+00:00,batch_20260729_150659_a047a5
7020-OZKXZ,0.4696,0,0.5,1.0.0,2026-07-29T15:06:59.847491+00:00,batch_20260729_150659_a047a5
3977-QCRSL,0.163,0,0.5,1.0.0,2026-07-29T15:06:59.847491+00:00,batch_20260729_150659_a047a5
0017-DINOC,0.014,0,0.5,1.0.0,2026-07-29T15:06:59.847491+00:00,batch_20260729_150659_a047a5
1447-PJGGA,0.1599,0,0.5,1.0.0,2026-07-29T15:06:59.847491+00:00,batch_20260729_150659_a047a5
8565-CLBZW,0.5864,1,0.5,1.0.0,2026-07-29T15:06:59.847491+00:00,batch_20260729_150659_a047a5
9139-WQQDY,0.1658,0,0.5,1.0.0,2026-07-29T15:06:59.847491+00:00,batch_20260729_150659_a047a5
0224-HJAPT,0.4399,0,0.5,1.0.0,2026-07-29T15:06:59.847491+00:00,batch_20260729_150659_a047a5
8086-OVPWV,0.7576,1,0.5,1.0.0,2026-07-29T15:06:59.847491+00:00,batch_20260729_150659_a047a5
9430-FRQOC,0.5256,1,0.5,1.0.0,2026-07-29T15:06:59.847491+00:00,batch_20260729_150659_a047a5
7639-OPLNG,0.0098,0,0.5,1.0.0,2026-07-29T15:06:59.847491+00:00,batch_20260729_150659_a047a5
3074-GQWYX,0.6561,1,0.5,1.0.0,2026-07-29T15:06:59.847491+00:00,batch_20260729_150659_a047a5
1492-QGCLU,0.1004,0,0.5,1.0.0,2026-07-29T15:06:59.847491+00:00,batch_20260729_150659_a047a5
6845-RGTYS,0.3913,0,0.5,1.0.0,2026-07-29T15:06:59.847491+00:00,batch_20260729_150659_a047a5
7328-OWMOM,0.0193,0,0.5,1.0.0,2026-07-29T15:06:59.847491+00:00,batch_20260729_150659_a047a5
4418-LZMSV,0.1308,0,0.5,1.0.0,2026-07-29T15:06:59.847491+00:00,batch_20260729_150659_a047a5
5155-AZQPB,0.1561,0,0.5,1.0.0,2026-07-29T15:06:59.847491+00:00,batch_20260729_150659_a047a5
8861-HGGKB,0.673,1,0.5,1.0.0,2026-07-29T15:06:59.847491+00:00,batch_20260729_150659_a047a5
1087-GRUYI,0.0096,0,0.5,1.0.0,2026-07-29T15:06:59.847491+00:00,batch_20260729_150659_a047a5
7065-YUNRY,0.4426,0,0.5,1.0.0,2026-07-29T15:06:59.847491+00:00,batch_20260729_150659_a047a5
7694-VLBWQ,0.1866,0,0.5,1.0.0,2026-07-29T15:06:59.847491+00:00,batch_20260729_150659_a047a5
2546-KZAAT,0.0581,0,0.5,1.0.0,2026-07-29T15:06:59.847491+00:00,batch_20260729_150659_a047a5
0181-RITDD,0.0296,0,0.5,1.0.0,2026-07-29T15:06:59.847491+00:00,batch_20260729_150659_a047a5
5989-PGKJB,0.6322,1,0.5,1.0.0,2026-07-29T15:06:59.847491+00:00,batch_20260729_150659_a047a5
4795-KTRTH,0.7077,1,0.5,1.0.0,2026-07-29T15:06:59.847491+00:00,batch_20260729_150659_a047a5
8272-ONJLV,0.4771,0,0.5,1.0.0,2026-07-29T15:06:59.847491+00:00,batch_20260729_150659_a047a5
1488-PBLJN,0.0466,0,0.5,1.0.0,2026-07-29T15:06:59.847491+00:00,batch_20260729_150659_a047a5
0308-GIQJT,0.0832,0,0.5,1.0.0,2026-07-29T15:06:59.847491+00:00,batch_20260729_150659_a047a5
3778-FOAQW,0.0357,0,0.5,1.0.0,2026-07-29T15:06:59.847491+00:00,batch_20260729_150659_a047a5
4452-ROHMO,0.0284,0,0.5,1.0.0,2026-07-29T15:06:59.847491+00:00,batch_20260729_150659_a047a5
6481-OGDOO,0.0767,0,0.5,1.0.0,2026-07-29T15:06:59.847491+00:00,batch_20260729_150659_a047a5
3090-LETTY,0.229,0,0.5,1.0.0,2026-07-29T15:06:59.847491+00:00,batch_20260729_150659_a047a5
5349-AZPEW,0.3838,0,0.5,1.0.0,2026-07-29T15:06:59.847491+00:00,batch_20260729_150659_a047a5
3753-TSEMP,0.6392,1,0.5,1.0.0,2026-07-29T15:06:59.847491+00:00,batch_20260729_150659_a047a5
8305-VHZBZ,0.2571,0,0.5,1.0.0,2026-07-29T15:06:59.847491+00:00,batch_20260729_150659_a047a5
9720-JJJOR,0.0373,0,0.5,1.0.0,2026-07-29T15:06:59.847491+00:00,batch_20260729_150659_a047a5
8100-HZZLJ,0.126,0,0.5,1.0.0,2026-07-29T15:06:59.847491+00:00,batch_20260729_150659_a047a5
8775-ERLNB,0.6844,1,0.5,1.0.0,2026-07-29T15:06:59.847491+00:00,batch_20260729_150659_a047a5
8309-IEYJD,0.6453,1,0.5,1.0.0,2026-07-29T15:06:59.847491+00:00,batch_20260729_150659_a047a5
9172-JITSM,0.6005,1,0.5,1.0.0,2026-07-29T15:06:59.847491+00:00,batch_20260729_150659_a047a5
6298-QDFNH,0.5768,1,0.5,1.0.0,2026-07-29T15:06:59.847491+00:00,batch_20260729_150659_a047a5
7398-HPYZQ,0.0117,0,0.5,1.0.0,2026-07-29T15:06:59.847491+00:00,batch_20260729_150659_a047a5
3546-GHEAE,0.0405,0,0.5,1.0.0,2026-07-29T15:06:59.847491+00:00,batch_20260729_150659_a047a5
7361-YPXFS,0.1232,0,0.5,1.0.0,2026-07-29T15:06:59.847491+00:00,batch_20260729_150659_a047a5
6557-BZXLQ,0.4994,0,0.5,1.0.0,2026-07-29T15:06:59.847491+00:00,batch_20260729_150659_a047a5
2550-QHZGP,0.0744,0,0.5,1.0.0,2026-07-29T15:06:59.847491+00:00,batch_20260729_150659_a047a5
7519-JTWQH,0.0736,0,0.5,1.0.0,2026-07-29T15:06:59.847491+00:00,batch_20260729_150659_a047a5
2538-OIMXF,0.424,0,0.5,1.0.0,2026-07-29T15:06:59.847491+00:00,batch_20260729_150659_a047a5
8543-MSDMF,0.5381,1,0.5,1.0.0,2026-07-29T15:06:59.847491+00:00,batch_20260729_150659_a047a5
9961-JBNMK,0.6095,1,0.5,1.0.0,2026-07-29T15:06:59.847491+00:00,batch_20260729_150659_a047a5
1170-SASML,0.1848,0,0.5,1.0.0,2026-07-29T15:06:59.847491+00:00,batch_20260729_150659_a047a5
4872-JCVCA,0.0079,0,0.5,1.0.0,2026-07-29T15:06:59.847491+00:00,batch_20260729_150659_a047a5
5346-BZCHP,0.0019,0,0.5,1.0.0,2026-07-29T15:06:59.847491+00:00,batch_20260729_150659_a047a5
2038-LLMLM,0.48,0,0.5,1.0.0,2026-07-29T15:06:59.847491+00:00,batch_20260729_150659_a047a5
6173-ITPWD,0.3118,0,0.5,1.0.0,2026-07-29T15:06:59.847491+00:00,batch_20260729_150659_a047a5
9734-UYXQI,0.5723,1,0.5,1.0.0,2026-07-29T15:06:59.847491+00:00,batch_20260729_150659_a047a5
1216-BGTSP,0.338,0,0.5,1.0.0,2026-07-29T15:06:59.847491+00:00,batch_20260729_150659_a047a5
4138-NAXED,0.1996,0,0.5,1.0.0,2026-07-29T15:06:59.847491+00:00,batch_20260729_150659_a047a5
2189-UXTKY,0.3402,0,0.5,1.0.0,2026-07-29T15:06:59.847491+00:00,batch_20260729_150659_a047a5
0744-BIKKF,0.0103,0,0.5,1.0.0,2026-07-29T15:06:59.847491+00:00,batch_20260729_150659_a047a5
7483-IQWIB,0.4796,0,0.5,1.0.0,2026-07-29T15:06:59.847491+00:00,batch_20260729_150659_a047a5
5248-KWLAR,0.0133,0,0.5,1.0.0,2026-07-29T15:06:59.847491+00:00,batch_20260729_150659_a047a5
4958-GZWIY,0.3207,0,0.5,1.0.0,2026-07-29T15:06:59.847491+00:00,batch_20260729_150659_a047a5
7996-MHXLW,0.0052,0,0.5,1.0.0,2026-07-29T15:06:59.847491+00:00,batch_20260729_150659_a047a5
7833-PKIHD,0.0377,0,0.5,1.0.0,2026-07-29T15:06:59.847491+00:00,batch_20260729_150659_a047a5
7061-OVMIM,0.0208,0,0.5,1.0.0,2026-07-29T15:06:59.847491+00:00,batch_20260729_150659_a047a5
5153-RTHKF,0.487,0,0.5,1.0.0,2026-07-29T15:06:59.847491+00:00,batch_20260729_150659_a047a5
1852-QSWCD,0.0046,0,0.5,1.0.0,2026-07-29T15:06:59.847491+00:00,batch_20260729_150659_a047a5
4832-VRBMR,0.1946,0,0.5,1.0.0,2026-07-29T15:06:59.847491+00:00,batch_20260729_150659_a047a5
9079-LWTFD,0.1734,0,0.5,1.0.0,2026-07-29T15:06:59.847491+00:00,batch_20260729_150659_a047a5
6356-ELRKD,0.7372,1,0.5,1.0.0,2026-07-29T15:06:59.847491+00:00,batch_20260729_150659_a047a5
8624-GIOUT,0.0866,0,0.5,1.0.0,2026-07-29T15:06:59.847491+00:00,batch_20260729_150659_a047a5
3392-EHMNK,0.0271,0,0.5,1.0.0,2026-07-29T15:06:59.847491+00:00,batch_20260729_150659_a047a5
5986-WWXDV,0.0136,0,0.5,1.0.0,2026-07-29T15:06:59.847491+00:00,batch_20260729_150659_a047a5
3061-BCKYI,0.1132,0,0.5,1.0.0,2026-07-29T15:06:59.847491+00:00,batch_20260729_150659_a047a5
6179-GJPSO,0.2653,0,0.5,1.0.0,2026-07-29T15:06:59.847491+00:00,batch_20260729_150659_a047a5
7901-TBKJX,0.5216,1,0.5,1.0.0,2026-07-29T15:06:59.847491+00:00,batch_20260729_150659_a047a5
7228-PAQPD,0.1048,0,0.5,1.0.0,2026-07-29T15:06:59.847491+00:00,batch_20260729_150659_a047a5
3177-LASXD,0.6337,1,0.5,1.0.0,2026-07-29T15:06:59.847491+00:00,batch_20260729_150659_a047a5
7746-QYVCO,0.0894,0,0.5,1.0.0,2026-07-29T15:06:59.847491+00:00,batch_20260729_150659_a047a5
5804-HYIEZ,0.2855,0,0.5,1.0.0,2026-07-29T15:06:59.847491+00:00,batch_20260729_150659_a047a5
9919-FZDED,0.0219,0,0.5,1.0.0,2026-07-29T15:06:59.847491+00:00,batch_20260729_150659_a047a5
5934-TSSAU,0.3958,0,0.5,1.0.0,2026-07-29T15:06:59.847491+00:00,batch_20260729_150659_a047a5
3486-KHMLI,0.0842,0,0.5,1.0.0,2026-07-29T15:06:59.847491+00:00,batch_20260729_150659_a047a5
4897-QSUYC,0.257,0,0.5,1.0.0,2026-07-29T15:06:59.847491+00:00,batch_20260729_150659_a047a5
1084-UQCHV,0.4799,0,0.5,1.0.0,2026-07-29T15:06:59.847491+00:00,batch_20260729_150659_a047a5
8290-YWKHZ,0.6639,1,0.5,1.0.0,2026-07-29T15:06:59.847491+00:00,batch_20260729_150659_a047a5
2955-BJZHG,0.5051,1,0.5,1.0.0,2026-07-29T15:06:59.847491+00:00,batch_20260729_150659_a047a5
3806-DXQOM,0.505,1,0.5,1.0.0,2026-07-29T15:06:59.847491+00:00,batch_20260729_150659_a047a5
6784-XYJAE,0.1019,0,0.5,1.0.0,2026-07-29T15:06:59.847491+00:00,batch_20260729_150659_a047a5
3933-DQPWX,0.0151,0,0.5,1.0.0,2026-07-29T15:06:59.847491+00:00,batch_20260729_150659_a047a5
6661-EIPZC,0.0797,0,0.5,1.0.0,2026-07-29T15:06:59.847491+00:00,batch_20260729_150659_a047a5
8957-THMOA,0.0042,0,0.5,1.0.0,2026-07-29T15:06:59.847491+00:00,batch_20260729_150659_a047a5
2251-PYLPB,0.0078,0,0.5,1.0.0,2026-07-29T15:06:59.847491+00:00,batch_20260729_150659_a047a5
5555-RNPGT,0.1258,0,0.5,1.0.0,2026-07-29T15:06:59.847491+00:00,batch_20260729_150659_a047a5
1057-FOGLZ,0.0963,0,0.5,1.0.0,2026-07-29T15:06:59.847491+00:00,batch_20260729_150659_a047a5
9300-RENDD,0.7585,1,0.5,1.0.0,2026-07-29T15:06:59.847491+00:00,batch_20260729_150659_a047a5
0761-AETCS,0.2456,0,0.5,1.0.0,2026-07-29T15:06:59.847491+00:00,batch_20260729_150659_a047a5
8087-LGYHQ,0.7576,1,0.5,1.0.0,2026-07-29T15:06:59.847491+00:00,batch_20260729_150659_a047a5
4137-BTIKL,0.5707,1,0.5,1.0.0,2026-07-29T15:06:59.847491+00:00,batch_20260729_150659_a047a5
2190-BCXEC,0.2838,0,0.5,1.0.0,2026-07-29T15:06:59.847491+00:00,batch_20260729_150659_a047a5
6227-FBDXH,0.137,0,0.5,1.0.0,2026-07-29T15:06:59.847491+00:00,batch_20260729_150659_a047a5
2153-MREFK,0.2456,0,0.5,1.0.0,2026-07-29T15:06:59.847491+00:00,batch_20260729_150659_a047a5
2911-WDXMV,0.4948,0,0.5,1.0.0,2026-07-29T15:06:59.847491+00:00,batch_20260729_150659_a047a5
7206-PQBBZ,0.6486,1,0.5,1.0.0,2026-07-29T15:06:59.847491+00:00,batch_20260729_150659_a047a5
3106-ULWFW,0.6854,1,0.5,1.0.0,2026-07-29T15:06:59.847491+00:00,batch_20260729_150659_a047a5
0925-VYDLG,0.6693,1,0.5,1.0.0,2026-07-29T15:06:59.847491+00:00,batch_20260729_150659_a047a5
4547-FZJWE,0.0209,0,0.5,1.0.0,2026-07-29T15:06:59.847491+00:00,batch_20260729_150659_a047a5
7422-WNBTY,0.5766,1,0.5,1.0.0,2026-07-29T15:06:59.847491+00:00,batch_20260729_150659_a047a5
0842-IWYCP,0.0778,0,0.5,1.0.0,2026-07-29T15:06:59.847491+00:00,batch_20260729_150659_a047a5
3521-HTQTV,0.0153,0,0.5,1.0.0,2026-07-29T15:06:59.847491+00:00,batch_20260729_150659_a047a5
3744-ZBHON,0.2301,0,0.5,1.0.0,2026-07-29T15:06:59.847491+00:00,batch_20260729_150659_a047a5
3373-DIUUN,0.0118,0,0.5,1.0.0,2026-07-29T15:06:59.847491+00:00,batch_20260729_150659_a047a5
8383-SGHJU,0.0573,0,0.5,1.0.0,2026-07-29T15:06:59.847491+00:00,batch_20260729_150659_a047a5
7607-QKKTJ,0.1959,0,0.5,1.0.0,2026-07-29T15:06:59.847491+00:00,batch_20260729_150659_a047a5
7707-PYBBH,0.0738,0,0.5,1.0.0,2026-07-29T15:06:59.847491+00:00,batch_20260729_150659_a047a5
8984-HPEMB,0.0871,0,0.5,1.0.0,2026-07-29T15:06:59.847491+00:00,batch_20260729_150659_a047a5
4349-GFQHK,0.4862,0,0.5,1.0.0,2026-07-29T15:06:59.847491+00:00,batch_20260729_150659_a047a5
4139-DETXS,0.008,0,0.5,1.0.0,2026-07-29T15:06:59.847491+00:00,batch_20260729_150659_a047a5
9779-DPNEJ,0.566,1,0.5,1.0.0,2026-07-29T15:06:59.847491+00:00,batch_20260729_150659_a047a5
9805-FILKB,0.0145,0,0.5,1.0.0,2026-07-29T15:06:59.847491+00:00,batch_20260729_150659_a047a5
5793-YOLJN,0.0037,0,0.5,1.0.0,2026-07-29T15:06:59.847491+00:00,batch_20260729_150659_a047a5
0673-IGUQO,0.1896,0,0.5,1.0.0,2026-07-29T15:06:59.847491+00:00,batch_20260729_150659_a047a5
4123-FCVCB,0.2447,0,0.5,1.0.0,2026-07-29T15:06:59.847491+00:00,batch_20260729_150659_a047a5
8819-IMISP,0.5047,1,0.5,1.0.0,2026-07-29T15:06:59.847491+00:00,batch_20260729_150659_a047a5
7802-EFKNY,0.62,1,0.5,1.0.0,2026-07-29T15:06:59.847491+00:00,batch_20260729_150659_a047a5
8311-UEUAB,0.0322,0,0.5,1.0.0,2026-07-29T15:06:59.847491+00:00,batch_20260729_150659_a047a5
5858-EAFCZ,0.3477,0,0.5,1.0.0,2026-07-29T15:06:59.847491+00:00,batch_20260729_150659_a047a5
8035-BUYVG,0.1006,0,0.5,1.0.0,2026-07-29T15:06:59.847491+00:00,batch_20260729_150659_a047a5
1163-ONYEY,0.1261,0,0.5,1.0.0,2026-07-29T15:06:59.847491+00:00,batch_20260729_150659_a047a5
9787-XVQIU,0.7617,1,0.5,1.0.0,2026-07-29T15:06:59.847491+00:00,batch_20260729_150659_a047a5
8945-MUQUF,0.2025,0,0.5,1.0.0,2026-07-29T15:06:59.847491+00:00,batch_20260729_150659_a047a5
5656-MJEFC,0.0186,0,0.5,1.0.0,2026-07-29T15:06:59.847491+00:00,batch_20260729_150659_a047a5
6082-OQFBA,0.0296,0,0.5,1.0.0,2026-07-29T15:06:59.847491+00:00,batch_20260729_150659_a047a5
8051-HJRLT,0.7184,1,0.5,1.0.0,2026-07-29T15:06:59.847491+00:00,batch_20260729_150659_a047a5
8974-OVACP,0.1893,0,0.5,1.0.0,2026-07-29T15:06:59.847491+00:00,batch_20260729_150659_a047a5
4010-YLMVT,0.3199,0,0.5,1.0.0,2026-07-29T15:06:59.847491+00:00,batch_20260729_150659_a047a5
1379-FRVEB,0.6409,1,0.5,1.0.0,2026-07-29T15:06:59.847491+00:00,batch_20260729_150659_a047a5
8612-GXIDD,0.0461,0,0.5,1.0.0,2026-07-29T15:06:59.847491+00:00,batch_20260729_150659_a047a5
6288-CHQJB,0.0093,0,0.5,1.0.0,2026-07-29T15:06:59.847491+00:00,batch_20260729_150659_a047a5
8160-HOWOX,0.5858,1,0.5,1.0.0,2026-07-29T15:06:59.847491+00:00,batch_20260729_150659_a047a5
3023-GFLBR,0.3472,0,0.5,1.0.0,2026-07-29T15:06:59.847491+00:00,batch_20260729_150659_a047a5
6648-INWPS,0.1157,0,0.5,1.0.0,2026-07-29T15:06:59.847491+00:00,batch_20260729_150659_a047a5
4223-BKEOR,0.0774,0,0.5,1.0.0,2026-07-29T15:06:59.847491+00:00,batch_20260729_150659_a047a5
4079-VTGLK,0.117,0,0.5,1.0.0,2026-07-29T15:06:59.847491+00:00,batch_20260729_150659_a047a5
1763-WQFUK,0.3276,0,0.5,1.0.0,2026-07-29T15:06:59.847491+00:00,batch_20260729_150659_a047a5
1391-UBDAR,0.5494,1,0.5,1.0.0,2026-07-29T15:06:59.847491+00:00,batch_20260729_150659_a047a5
8894-JVDCV,0.1227,0,0.5,1.0.0,2026-07-29T15:06:59.847491+00:00,batch_20260729_150659_a047a5
2023-VQFDL,0.1284,0,0.5,1.0.0,2026-07-29T15:06:59.847491+00:00,batch_20260729_150659_a047a5
1345-GKDZZ,0.1272,0,0.5,1.0.0,2026-07-29T15:06:59.847491+00:00,batch_20260729_150659_a047a5
2014-MKGMH,0.4021,0,0.5,1.0.0,2026-07-29T15:06:59.847491+00:00,batch_20260729_150659_a047a5
5628-FCGYG,0.6791,1,0.5,1.0.0,2026-07-29T15:06:59.847491+00:00,batch_20260729_150659_a047a5
2560-WBWXF,0.0045,0,0.5,1.0.0,2026-07-29T15:06:59.847491+00:00,batch_20260729_150659_a047a5
0248-IPDFW,0.5826,1,0.5,1.0.0,2026-07-29T15:06:59.847491+00:00,batch_20260729_150659_a047a5
7978-DKUQH,0.5315,1,0.5,1.0.0,2026-07-29T15:06:59.847491+00:00,batch_20260729_150659_a047a5
4335-UPJSI,0.0149,0,0.5,1.0.0,2026-07-29T15:06:59.847491+00:00,batch_20260729_150659_a047a5
0524-IAVZO,0.6256,1,0.5,1.0.0,2026-07-29T15:06:59.847491+00:00,batch_20260729_150659_a047a5
2737-YNGYW,0.679,1,0.5,1.0.0,2026-07-29T15:06:59.847491+00:00,batch_20260729_150659_a047a5
1784-EZDKJ,0.2722,0,0.5,1.0.0,2026-07-29T15:06:59.847491+00:00,batch_20260729_150659_a047a5
9297-FVVDH,0.0326,0,0.5,1.0.0,2026-07-29T15:06:59.847491+00:00,batch_20260729_150659_a047a5
8007-YYPWD,0.0342,0,0.5,1.0.0,2026-07-29T15:06:59.847491+00:00,batch_20260729_150659_a047a5
7101-HRBLJ,0.0096,0,0.5,1.0.0,2026-07-29T15:06:59.847491+00:00,batch_20260729_150659_a047a5
5159-YFPKQ,0.7143,1,0.5,1.0.0,2026-07-29T15:06:59.847491+00:00,batch_20260729_150659_a047a5
6635-CPNUN,0.4204,0,0.5,1.0.0,2026-07-29T15:06:59.847491+00:00,batch_20260729_150659_a047a5
4021-RQSNY,0.7029,1,0.5,1.0.0,2026-07-29T15:06:59.847491+00:00,batch_20260729_150659_a047a5
5453-YBTWV,0.0233,0,0.5,1.0.0,2026-07-29T15:06:59.847491+00:00,batch_20260729_150659_a047a5
5039-LZRQT,0.0579,0,0.5,1.0.0,2026-07-29T15:06:59.847491+00:00,batch_20260729_150659_a047a5
2931-VUVJN,0.0967,0,0.5,1.0.0,2026-07-29T15:06:59.847491+00:00,batch_20260729_150659_a047a5
9061-TIHDA,0.7807,1,0.5,1.0.0,2026-07-29T15:06:59.847491+00:00,batch_20260729_150659_a047a5
8699-ASUFO,0.6522,1,0.5,1.0.0,2026-07-29T15:06:59.847491+00:00,batch_20260729_150659_a047a5
6418-PIQSP,0.0131,0,0.5,1.0.0,2026-07-29T15:06:59.847491+00:00,batch_20260729_150659_a047a5
8220-OCUFY,0.1027,0,0.5,1.0.0,2026-07-29T15:06:59.847491+00:00,batch_20260729_150659_a047a5
3995-WFCSM,0.4803,0,0.5,1.0.0,2026-07-29T15:06:59.847491+00:00,batch_20260729_150659_a047a5
1895-QTKDO,0.3341,0,0.5,1.0.0,2026-07-29T15:06:59.847491+00:00,batch_20260729_150659_a047a5
2038-OEQZH,0.6653,1,0.5,1.0.0,2026-07-29T15:06:59.847491+00:00,batch_20260729_150659_a047a5
1178-PZGAB,0.042,0,0.5,1.0.0,2026-07-29T15:06:59.847491+00:00,batch_20260729_150659_a047a5
7927-AUXBZ,0.3623,0,0.5,1.0.0,2026-07-29T15:06:59.847491+00:00,batch_20260729_150659_a047a5
2626-VEEWG,0.0028,0,0.5,1.0.0,2026-07-29T15:06:59.847491+00:00,batch_20260729_150659_a047a5
2878-RMWXY,0.0571,0,0.5,1.0.0,2026-07-29T15:06:59.847491+00:00,batch_20260729_150659_a047a5
1657-DYMBM,0.0048,0,0.5,1.0.0,2026-07-29T15:06:59.847491+00:00,batch_20260729_150659_a047a5
7311-MQJCH,0.1104,0,0.5,1.0.0,2026-07-29T15:06:59.847491+00:00,batch_20260729_150659_a047a5
7375-WMVMT,0.0374,0,0.5,1.0.0,2026-07-29T15:06:59.847491+00:00,batch_20260729_150659_a047a5
1136-XGEQU,0.0605,0,0.5,1.0.0,2026-07-29T15:06:59.847491+00:00,batch_20260729_150659_a047a5
2530-FMFXO,0.126,0,0.5,1.0.0,2026-07-29T15:06:59.847491+00:00,batch_20260729_150659_a047a5
6844-DZKRF,0.3238,0,0.5,1.0.0,2026-07-29T15:06:59.847491+00:00,batch_20260729_150659_a047a5
4695-WJZUE,0.7963,1,0.5,1.0.0,2026-07-29T15:06:59.847491+00:00,batch_20260729_150659_a047a5
7619-ODSGN,0.1803,0,0.5,1.0.0,2026-07-29T15:06:59.847491+00:00,batch_20260729_150659_a047a5
5970-GHJAW,0.0051,0,0.5,1.0.0,2026-07-29T15:06:59.847491+00:00,batch_20260729_150659_a047a5
8879-XUAHX,0.0885,0,0.5,1.0.0,2026-07-29T15:06:59.847491+00:00,batch_20260729_150659_a047a5
3689-MOZGR,0.2769,0,0.5,1.0.0,2026-07-29T15:06:59.847491+00:00,batch_20260729_150659_a047a5
4195-PNGZS,0.0024,0,0.5,1.0.0,2026-07-29T15:06:59.847491+00:00,batch_20260729_150659_a047a5
5003-XZWWO,0.0147,0,0.5,1.0.0,2026-07-29T15:06:59.847491+00:00,batch_20260729_150659_a047a5
3988-RQIXO,0.8,1,0.5,1.0.0,2026-07-29T15:06:59.847491+00:00,batch_20260729_150659_a047a5
7622-FWGEW,0.0205,0,0.5,1.0.0,2026-07-29T15:06:59.847491+00:00,batch_20260729_150659_a047a5
6922-NCEDI,0.01,0,0.5,1.0.0,2026-07-29T15:06:59.847491+00:00,batch_20260729_150659_a047a5
2514-GINMM,0.758,1,0.5,1.0.0,2026-07-29T15:06:59.847491+00:00,batch_20260729_150659_a047a5
9891-NQDBD,0.0383,0,0.5,1.0.0,2026-07-29T15:06:59.847491+00:00,batch_20260729_150659_a047a5
6131-IUNXN,0.0748,0,0.5,1.0.0,2026-07-29T15:06:59.847491+00:00,batch_20260729_150659_a047a5
8548-AWOFC,0.0706,0,0.5,1.0.0,2026-07-29T15:06:59.847491+00:00,batch_20260729_150659_a047a5
9798-DRYDS,0.121,0,0.5,1.0.0,2026-07-29T15:06:59.847491+00:00,batch_20260729_150659_a047a5
8532-UEFWH,0.0056,0,0.5,1.0.0,2026-07-29T15:06:59.847491+00:00,batch_20260729_150659_a047a5
6296-DDOOR,0.1525,0,0.5,1.0.0,2026-07-29T15:06:59.847491+00:00,batch_20260729_150659_a047a5
7951-VRDVK,0.0467,0,0.5,1.0.0,2026-07-29T15:06:59.847491+00:00,batch_20260729_150659_a047a5
5931-FLJJF,0.5971,1,0.5,1.0.0,2026-07-29T15:06:59.847491+00:00,batch_20260729_150659_a047a5
4815-YOSUK,0.0563,0,0.5,1.0.0,2026-07-29T15:06:59.847491+00:00,batch_20260729_150659_a047a5
2659-VXMWZ,0.1748,0,0.5,1.0.0,2026-07-29T15:06:59.847491+00:00,batch_20260729_150659_a047a5
0380-NEAVX,0.3812,0,0.5,1.0.0,2026-07-29T15:06:59.847491+00:00,batch_20260729_150659_a047a5
3207-OYBWH,0.322,0,0.5,1.0.0,2026-07-29T15:06:59.847491+00:00,batch_20260729_150659_a047a5
4285-GYRQC,0.7279,1,0.5,1.0.0,2026-07-29T15:06:59.847491+00:00,batch_20260729_150659_a047a5
7216-EWTRS,0.8364,1,0.5,1.0.0,2026-07-29T15:06:59.847491+00:00,batch_20260729_150659_a047a5
4365-MSDYN,0.1946,0,0.5,1.0.0,2026-07-29T15:06:59.847491+00:00,batch_20260729_150659_a047a5
7036-TYDEC,0.0762,0,0.5,1.0.0,2026-07-29T15:06:59.847491+00:00,batch_20260729_150659_a047a5
5802-ADBRC,0.2388,0,0.5,1.0.0,2026-07-29T15:06:59.847491+00:00,batch_20260729_150659_a047a5
8076-FEZKJ,0.0659,0,0.5,1.0.0,2026-07-29T15:06:59.847491+00:00,batch_20260729_150659_a047a5
5197-YPYBZ,0.0308,0,0.5,1.0.0,2026-07-29T15:06:59.847491+00:00,batch_20260729_150659_a047a5
8337-MSSXB,0.6473,1,0.5,1.0.0,2026-07-29T15:06:59.847491+00:00,batch_20260729_150659_a047a5
4312-GVYNH,0.012,0,0.5,1.0.0,2026-07-29T15:06:59.847491+00:00,batch_20260729_150659_a047a5
8495-LJDFO,0.2448,0,0.5,1.0.0,2026-07-29T15:06:59.847491+00:00,batch_20260729_150659_a047a5
0839-JTCUD,0.0106,0,0.5,1.0.0,2026-07-29T15:06:59.847491+00:00,batch_20260729_150659_a047a5
5494-WOZRZ,0.0116,0,0.5,1.0.0,2026-07-29T15:06:59.847491+00:00,batch_20260729_150659_a047a5
1302-UHBDD,0.5928,1,0.5,1.0.0,2026-07-29T15:06:59.847491+00:00,batch_20260729_150659_a047a5
2234-EOFPT,0.0112,0,0.5,1.0.0,2026-07-29T15:06:59.847491+00:00,batch_20260729_150659_a047a5
8619-IJNDK,0.003,0,0.5,1.0.0,2026-07-29T15:06:59.847491+00:00,batch_20260729_150659_a047a5
8378-LKJAF,0.5013,1,0.5,1.0.0,2026-07-29T15:06:59.847491+00:00,batch_20260729_150659_a047a5
8182-BJDSI,0.6095,1,0.5,1.0.0,2026-07-29T15:06:59.847491+00:00,batch_20260729_150659_a047a5
2528-HFYZX,0.5618,1,0.5,1.0.0,2026-07-29T15:06:59.847491+00:00,batch_20260729_150659_a047a5
1153-GNOLC,0.1968,0,0.5,1.0.0,2026-07-29T15:06:59.847491+00:00,batch_20260729_150659_a047a5
3298-QEICA,0.0313,0,0.5,1.0.0,2026-07-29T15:06:59.847491+00:00,batch_20260729_150659_a047a5
0788-DXBFY,0.0122,0,0.5,1.0.0,2026-07-29T15:06:59.847491+00:00,batch_20260729_150659_a047a5
3597-YASZG,0.0684,0,0.5,1.0.0,2026-07-29T15:06:59.847491+00:00,batch_20260729_150659_a047a5
3496-LFSZU,0.6114,1,0.5,1.0.0,2026-07-29T15:06:59.847491+00:00,batch_20260729_150659_a047a5
5242-UOWHD,0.0058,0,0.5,1.0.0,2026-07-29T15:06:59.847491+00:00,batch_20260729_150659_a047a5
2482-CZGBB,0.6522,1,0.5,1.0.0,2026-07-29T15:06:59.847491+00:00,batch_20260729_150659_a047a5
6479-SZPLM,0.0082,0,0.5,1.0.0,2026-07-29T15:06:59.847491+00:00,batch_20260729_150659_a047a5
8097-VBQTZ,0.0595,0,0.5,1.0.0,2026-07-29T15:06:59.847491+00:00,batch_20260729_150659_a047a5
4500-HKANN,0.0312,0,0.5,1.0.0,2026-07-29T15:06:59.847491+00:00,batch_20260729_150659_a047a5
9917-KWRBE,0.066,0,0.5,1.0.0,2026-07-29T15:06:59.847491+00:00,batch_20260729_150659_a047a5
3420-ZDBMA,0.6152,1,0.5,1.0.0,2026-07-29T15:06:59.847491+00:00,batch_20260729_150659_a047a5
2212-LYASK,0.155,0,0.5,1.0.0,2026-07-29T15:06:59.847491+00:00,batch_20260729_150659_a047a5
1393-IMKZG,0.7257,1,0.5,1.0.0,2026-07-29T15:06:59.847491+00:00,batch_20260729_150659_a047a5
8069-RHUXK,0.0048,0,0.5,1.0.0,2026-07-29T15:06:59.847491+00:00,batch_20260729_150659_a047a5
3398-GCPMU,0.0129,0,0.5,1.0.0,2026-07-29T15:06:59.847491+00:00,batch_20260729_150659_a047a5
2908-WGAXL,0.0065,0,0.5,1.0.0,2026-07-29T15:06:59.847491+00:00,batch_20260729_150659_a047a5
3378-AJRAO,0.0206,0,0.5,1.0.0,2026-07-29T15:06:59.847491+00:00,batch_20260729_150659_a047a5
1013-QCWAM,0.4192,0,0.5,1.0.0,2026-07-29T15:06:59.847491+00:00,batch_20260729_150659_a047a5
0866-QLSIR,0.051,0,0.5,1.0.0,2026-07-29T15:06:59.847491+00:00,batch_20260729_150659_a047a5
6050-FFXES,0.0569,0,0.5,1.0.0,2026-07-29T15:06:59.847491+00:00,batch_20260729_150659_a047a5
7181-BQYBV,0.7355,1,0.5,1.0.0,2026-07-29T15:06:59.847491+00:00,batch_20260729_150659_a047a5
0362-RAOQO,0.0086,0,0.5,1.0.0,2026-07-29T15:06:59.847491+00:00,batch_20260729_150659_a047a5
9554-DFKIC,0.1478,0,0.5,1.0.0,2026-07-29T15:06:59.847491+00:00,batch_20260729_150659_a047a5
5527-ACHSO,0.2844,0,0.5,1.0.0,2026-07-29T15:06:59.847491+00:00,batch_20260729_150659_a047a5
0829-DDVLK,0.0501,0,0.5,1.0.0,2026-07-29T15:06:59.847491+00:00,batch_20260729_150659_a047a5
1399-UBQIU,0.5485,1,0.5,1.0.0,2026-07-29T15:06:59.847491+00:00,batch_20260729_150659_a047a5
1813-JLKWR,0.0044,0,0.5,1.0.0,2026-07-29T15:06:59.847491+00:00,batch_20260729_150659_a047a5
0336-PIKEI,0.0055,0,0.5,1.0.0,2026-07-29T15:06:59.847491+00:00,batch_20260729_150659_a047a5
7322-OCWHC,0.0254,0,0.5,1.0.0,2026-07-29T15:06:59.847491+00:00,batch_20260729_150659_a047a5
9537-VHDTA,0.2304,0,0.5,1.0.0,2026-07-29T15:06:59.847491+00:00,batch_20260729_150659_a047a5
4957-TIALW,0.043,0,0.5,1.0.0,2026-07-29T15:06:59.847491+00:00,batch_20260729_150659_a047a5
2054-PJOCK,0.0433,0,0.5,1.0.0,2026-07-29T15:06:59.847491+00:00,batch_20260729_150659_a047a5
9150-HEPMB,0.0202,0,0.5,1.0.0,2026-07-29T15:06:59.847491+00:00,batch_20260729_150659_a047a5
9030-QGZNL,0.0388,0,0.5,1.0.0,2026-07-29T15:06:59.847491+00:00,batch_20260729_150659_a047a5
6204-IEUXJ,0.4191,0,0.5,1.0.0,2026-07-29T15:06:59.847491+00:00,batch_20260729_150659_a047a5
3126-WQMGH,0.13,0,0.5,1.0.0,2026-07-29T15:06:59.847491+00:00,batch_20260729_150659_a047a5
4529-CKBCL,0.7522,1,0.5,1.0.0,2026-07-29T15:06:59.847491+00:00,batch_20260729_150659_a047a5
2506-CLAKW,0.4303,0,0.5,1.0.0,2026-07-29T15:06:59.847491+00:00,batch_20260729_150659_a047a5
7176-WRTNX,0.0532,0,0.5,1.0.0,2026-07-29T15:06:59.847491+00:00,batch_20260729_150659_a047a5
1583-IHQZE,0.6132,1,0.5,1.0.0,2026-07-29T15:06:59.847491+00:00,batch_20260729_150659_a047a5
5732-IKGQH,0.132,0,0.5,1.0.0,2026-07-29T15:06:59.847491+00:00,batch_20260729_150659_a047a5
9239-GZHZE,0.0523,0,0.5,1.0.0,2026-07-29T15:06:59.847491+00:00,batch_20260729_150659_a047a5
7205-BAIAD,0.0129,0,0.5,1.0.0,2026-07-29T15:06:59.847491+00:00,batch_20260729_150659_a047a5
0151-ONTOV,0.5516,1,0.5,1.0.0,2026-07-29T15:06:59.847491+00:00,batch_20260729_150659_a047a5
4140-MUHUG,0.7493,1,0.5,1.0.0,2026-07-29T15:06:59.847491+00:00,batch_20260729_150659_a047a5
0093-EXYQL,0.5565,1,0.5,1.0.0,2026-07-29T15:06:59.847491+00:00,batch_20260729_150659_a047a5
8064-RAVOH,0.4692,0,0.5,1.0.0,2026-07-29T15:06:59.847491+00:00,batch_20260729_150659_a047a5
0219-QAERP,0.0257,0,0.5,1.0.0,2026-07-29T15:06:59.847491+00:00,batch_20260729_150659_a047a5
0320-JDNQG,0.4464,0,0.5,1.0.0,2026-07-29T15:06:59.847491+00:00,batch_20260729_150659_a047a5
7180-PISOG,0.7173,1,0.5,1.0.0,2026-07-29T15:06:59.847491+00:00,batch_20260729_150659_a047a5
9168-INPSZ,0.411,0,0.5,1.0.0,2026-07-29T15:06:59.847491+00:00,batch_20260729_150659_a047a5
3571-RFHAR,0.3448,0,0.5,1.0.0,2026-07-29T15:06:59.847491+00:00,batch_20260729_150659_a047a5
0015-UOCOJ,0.3789,0,0.5,1.0.0,2026-07-29T15:06:59.847491+00:00,batch_20260729_150659_a047a5
5334-AFQJB,0.0039,0,0.5,1.0.0,2026-07-29T15:06:59.847491+00:00,batch_20260729_150659_a047a5
2754-SDJRD,0.6525,1,0.5,1.0.0,2026-07-29T15:06:59.847491+00:00,batch_20260729_150659_a047a5
9578-VRMNM,0.4114,0,0.5,1.0.0,2026-07-29T15:06:59.847491+00:00,batch_20260729_150659_a047a5
1587-FKLZB,0.3165,0,0.5,1.0.0,2026-07-29T15:06:59.847491+00:00,batch_20260729_150659_a047a5
6140-QNRQQ,0.6467,1,0.5,1.0.0,2026-07-29T15:06:59.847491+00:00,batch_20260729_150659_a047a5
8963-JLGJT,0.2181,0,0.5,1.0.0,2026-07-29T15:06:59.847491+00:00,batch_20260729_150659_a047a5
4307-KTUMW,0.3002,0,0.5,1.0.0,2026-07-29T15:06:59.847491+00:00,batch_20260729_150659_a047a5
1465-LNTLJ,0.3347,0,0.5,1.0.0,2026-07-29T15:06:59.847491+00:00,batch_20260729_150659_a047a5
5440-FLBQG,0.0714,0,0.5,1.0.0,2026-07-29T15:06:59.847491+00:00,batch_20260729_150659_a047a5
2135-DQWAQ,0.6283,1,0.5,1.0.0,2026-07-29T15:06:59.847491+00:00,batch_20260729_150659_a047a5
4056-QHXHZ,0.0309,0,0.5,1.0.0,2026-07-29T15:06:59.847491+00:00,batch_20260729_150659_a047a5
7470-MCQTK,0.5659,1,0.5,1.0.0,2026-07-29T15:06:59.847491+00:00,batch_20260729_150659_a047a5
7488-MXJIV,0.782,1,0.5,1.0.0,2026-07-29T15:06:59.847491+00:00,batch_20260729_150659_a047a5
7401-JIXNM,0.0156,0,0.5,1.0.0,2026-07-29T15:06:59.847491+00:00,batch_20260729_150659_a047a5
9339-FIIJL,0.0149,0,0.5,1.0.0,2026-07-29T15:06:59.847491+00:00,batch_20260729_150659_a047a5
2027-FECZV,0.7636,1,0.5,1.0.0,2026-07-29T15:06:59.847491+00:00,batch_20260729_150659_a047a5
2672-DZUOY,0.6605,1,0.5,1.0.0,2026-07-29T15:06:59.847491+00:00,batch_20260729_150659_a047a5
4706-DGAHW,0.4289,0,0.5,1.0.0,2026-07-29T15:06:59.847491+00:00,batch_20260729_150659_a047a5
3870-MQAMG,0.1857,0,0.5,1.0.0,2026-07-29T15:06:59.847491+00:00,batch_20260729_150659_a047a5
6670-MFRPK,0.0421,0,0.5,1.0.0,2026-07-29T15:06:59.847491+00:00,batch_20260729_150659_a047a5
6177-PEVRA,0.0118,0,0.5,1.0.0,2026-07-29T15:06:59.847491+00:00,batch_20260729_150659_a047a5
4800-CZMPC,0.1721,0,0.5,1.0.0,2026-07-29T15:06:59.847491+00:00,batch_20260729_150659_a047a5
4813-HQMGZ,0.6879,1,0.5,1.0.0,2026-07-29T15:06:59.847491+00:00,batch_20260729_150659_a047a5
7579-KKLOE,0.015,0,0.5,1.0.0,2026-07-29T15:06:59.847491+00:00,batch_20260729_150659_a047a5
7377-DMMRI,0.4258,0,0.5,1.0.0,2026-07-29T15:06:59.847491+00:00,batch_20260729_150659_a047a5
8402-EIVQS,0.1071,0,0.5,1.0.0,2026-07-29T15:06:59.847491+00:00,batch_20260729_150659_a047a5
4947-DSMXK,0.4776,0,0.5,1.0.0,2026-07-29T15:06:59.847491+00:00,batch_20260729_150659_a047a5
7245-NIIWQ,0.7027,1,0.5,1.0.0,2026-07-29T15:06:59.847491+00:00,batch_20260729_150659_a047a5
0002-ORFBO,0.1328,0,0.5,1.0.0,2026-07-29T15:06:59.847491+00:00,batch_20260729_150659_a047a5
3324-OIRTO,0.0818,0,0.5,1.0.0,2026-07-29T15:06:59.847491+00:00,batch_20260729_150659_a047a5
5414-OFQCB,0.0736,0,0.5,1.0.0,2026-07-29T15:06:59.847491+00:00,batch_20260729_150659_a047a5
4967-WPNCF,0.0144,0,0.5,1.0.0,2026-07-29T15:06:59.847491+00:00,batch_20260729_150659_a047a5
8552-OBVRU,0.2993,0,0.5,1.0.0,2026-07-29T15:06:59.847491+00:00,batch_20260729_150659_a047a5
8499-BRXTD,0.0467,0,0.5,1.0.0,2026-07-29T15:06:59.847491+00:00,batch_20260729_150659_a047a5
9154-QDGTH,0.2077,0,0.5,1.0.0,2026-07-29T15:06:59.847491+00:00,batch_20260729_150659_a047a5
8197-BFWVU,0.0141,0,0.5,1.0.0,2026-07-29T15:06:59.847491+00:00,batch_20260729_150659_a047a5
2577-GVSIL,0.1029,0,0.5,1.0.0,2026-07-29T15:06:59.847491+00:00,batch_20260729_150659_a047a5
9367-OIUXP,0.1691,0,0.5,1.0.0,2026-07-29T15:06:59.847491+00:00,batch_20260729_150659_a047a5
6770-UAYGJ,0.0063,0,0.5,1.0.0,2026-07-29T15:06:59.847491+00:00,batch_20260729_150659_a047a5
6463-HHXJR,0.0287,0,0.5,1.0.0,2026-07-29T15:06:59.847491+00:00,batch_20260729_150659_a047a5
7928-VJYAB,0.6148,1,0.5,1.0.0,2026-07-29T15:06:59.847491+00:00,batch_20260729_150659_a047a5
1187-WILMM,0.0167,0,0.5,1.0.0,2026-07-29T15:06:59.847491+00:00,batch_20260729_150659_a047a5
9776-OJUZI,0.2689,0,0.5,1.0.0,2026-07-29T15:06:59.847491+00:00,batch_20260729_150659_a047a5
1306-RPWXZ,0.0045,0,0.5,1.0.0,2026-07-29T15:06:59.847491+00:00,batch_20260729_150659_a047a5
8949-JTMAY,0.6077,1,0.5,1.0.0,2026-07-29T15:06:59.847491+00:00,batch_20260729_150659_a047a5
2774-LVQUS,0.5785,1,0.5,1.0.0,2026-07-29T15:06:59.847491+00:00,batch_20260729_150659_a047a5
3097-PYWXL,0.2518,0,0.5,1.0.0,2026-07-29T15:06:59.847491+00:00,batch_20260729_150659_a047a5
2266-SJNAT,0.0862,0,0.5,1.0.0,2026-07-29T15:06:59.847491+00:00,batch_20260729_150659_a047a5
0869-PAPRP,0.4895,0,0.5,1.0.0,2026-07-29T15:06:59.847491+00:00,batch_20260729_150659_a047a5
4238-JSSWH,0.4765,0,0.5,1.0.0,2026-07-29T15:06:59.847491+00:00,batch_20260729_150659_a047a5
2972-YDYUW,0.1231,0,0.5,1.0.0,2026-07-29T15:06:59.847491+00:00,batch_20260729_150659_a047a5
1104-FEJAM,0.2334,0,0.5,1.0.0,2026-07-29T15:06:59.847491+00:00,batch_20260729_150659_a047a5
2809-ILCYT,0.0657,0,0.5,1.0.0,2026-07-29T15:06:59.847491+00:00,batch_20260729_150659_a047a5
5499-ECUTN,0.055,0,0.5,1.0.0,2026-07-29T15:06:59.847491+00:00,batch_20260729_150659_a047a5
4981-FLTMF,0.0265,0,0.5,1.0.0,2026-07-29T15:06:59.847491+00:00,batch_20260729_150659_a047a5
9121-PHQSR,0.6284,1,0.5,1.0.0,2026-07-29T15:06:59.847491+00:00,batch_20260729_150659_a047a5
3113-IWHLC,0.3271,0,0.5,1.0.0,2026-07-29T15:06:59.847491+00:00,batch_20260729_150659_a047a5
3211-ILJTT,0.5038,1,0.5,1.0.0,2026-07-29T15:06:59.847491+00:00,batch_20260729_150659_a047a5
4612-THJBS,0.2209,0,0.5,1.0.0,2026-07-29T15:06:59.847491+00:00,batch_20260729_150659_a047a5
4277-BWBML,0.0015,0,0.5,1.0.0,2026-07-29T15:06:59.847491+00:00,batch_20260729_150659_a047a5
4094-NSEDU,0.734,1,0.5,1.0.0,2026-07-29T15:06:59.847491+00:00,batch_20260729_150659_a047a5
0234-TEVTT,0.0415,0,0.5,1.0.0,2026-07-29T15:06:59.847491+00:00,batch_20260729_150659_a047a5
4304-TSPVK,0.0419,0,0.5,1.0.0,2026-07-29T15:06:59.847491+00:00,batch_20260729_150659_a047a5
1552-AAGRX,0.3359,0,0.5,1.0.0,2026-07-29T15:06:59.847491+00:00,batch_20260729_150659_a047a5
2637-FKFSY,0.4265,0,0.5,1.0.0,2026-07-29T15:06:59.847491+00:00,batch_20260729_150659_a047a5
9796-MVYXX,0.0592,0,0.5,1.0.0,2026-07-29T15:06:59.847491+00:00,batch_20260729_150659_a047a5
7874-ECPQJ,0.1854,0,0.5,1.0.0,2026-07-29T15:06:59.847491+00:00,batch_20260729_150659_a047a5
0020-INWCK,0.0566,0,0.5,1.0.0,2026-07-29T15:06:59.847491+00:00,batch_20260729_150659_a047a5
7089-RKVSZ,0.0721,0,0.5,1.0.0,2026-07-29T15:06:59.847491+00:00,batch_20260729_150659_a047a5
2683-JXWQQ,0.0368,0,0.5,1.0.0,2026-07-29T15:06:59.847491+00:00,batch_20260729_150659_a047a5
9548-ZMVTX,0.0189,0,0.5,1.0.0,2026-07-29T15:06:59.847491+00:00,batch_20260729_150659_a047a5
8739-XNIKG,0.7757,1,0.5,1.0.0,2026-07-29T15:06:59.847491+00:00,batch_20260729_150659_a047a5
9755-JHNMN,0.0091,0,0.5,1.0.0,2026-07-29T15:06:59.847491+00:00,batch_20260729_150659_a047a5
3981-QSVQI,0.1932,0,0.5,1.0.0,2026-07-29T15:06:59.847491+00:00,batch_20260729_150659_a047a5
2789-HQBOU,0.7514,1,0.5,1.0.0,2026-07-29T15:06:59.847491+00:00,batch_20260729_150659_a047a5
9424-CMPOG,0.0297,0,0.5,1.0.0,2026-07-29T15:06:59.847491+00:00,batch_20260729_150659_a047a5
5067-WJEUN,0.0071,0,0.5,1.0.0,2026-07-29T15:06:59.847491+00:00,batch_20260729_150659_a047a5
3450-WXOAT,0.1074,0,0.5,1.0.0,2026-07-29T15:06:59.847491+00:00,batch_20260729_150659_a047a5
9251-WNSOD,0.0255,0,0.5,1.0.0,2026-07-29T15:06:59.847491+00:00,batch_20260729_150659_a047a5
6974-DAFLI,0.0123,0,0.5,1.0.0,2026-07-29T15:06:59.847491+00:00,batch_20260729_150659_a047a5
2616-UUTFK,0.1948,0,0.5,1.0.0,2026-07-29T15:06:59.847491+00:00,batch_20260729_150659_a047a5
7064-JHXCE,0.0025,0,0.5,1.0.0,2026-07-29T15:06:59.847491+00:00,batch_20260729_150659_a047a5
5103-MHMHY,0.2979,0,0.5,1.0.0,2026-07-29T15:06:59.847491+00:00,batch_20260729_150659_a047a5
7989-AWGEH,0.1523,0,0.5,1.0.0,2026-07-29T15:06:59.847491+00:00,batch_20260729_150659_a047a5
4373-VVHQL,0.526,1,0.5,1.0.0,2026-07-29T15:06:59.847491+00:00,batch_20260729_150659_a047a5
4559-UWIHT,0.646,1,0.5,1.0.0,2026-07-29T15:06:59.847491+00:00,batch_20260729_150659_a047a5
7268-IGMFD,0.4267,0,0.5,1.0.0,2026-07-29T15:06:59.847491+00:00,batch_20260729_150659_a047a5
1846-XWOQN,0.7179,1,0.5,1.0.0,2026-07-29T15:06:59.847491+00:00,batch_20260729_150659_a047a5
0235-KGSLC,0.6818,1,0.5,1.0.0,2026-07-29T15:06:59.847491+00:00,batch_20260729_150659_a047a5
6650-BWFRT,0.0583,0,0.5,1.0.0,2026-07-29T15:06:59.847491+00:00,batch_20260729_150659_a047a5
9570-KYEUA,0.0354,0,0.5,1.0.0,2026-07-29T15:06:59.847491+00:00,batch_20260729_150659_a047a5
6993-YGFJV,0.0568,0,0.5,1.0.0,2026-07-29T15:06:59.847491+00:00,batch_20260729_150659_a047a5
2712-SYWAY,0.3792,0,0.5,1.0.0,2026-07-29T15:06:59.847491+00:00,batch_20260729_150659_a047a5
0730-BGQGF,0.0089,0,0.5,1.0.0,2026-07-29T15:06:59.847491+00:00,batch_20260729_150659_a047a5
5498-IBWPI,0.0136,0,0.5,1.0.0,2026-07-29T15:06:59.847491+00:00,batch_20260729_150659_a047a5
9101-NTIXF,0.1819,0,0.5,1.0.0,2026-07-29T15:06:59.847491+00:00,batch_20260729_150659_a047a5
0013-SMEOE,0.043,0,0.5,1.0.0,2026-07-29T15:06:59.847491+00:00,batch_20260729_150659_a047a5
9314-QDMDW,0.2753,0,0.5,1.0.0,2026-07-29T15:06:59.847491+00:00,batch_20260729_150659_a047a5
9308-ANMVE,0.0845,0,0.5,1.0.0,2026-07-29T15:06:59.847491+00:00,batch_20260729_150659_a047a5
2884-GBPFB,0.4391,0,0.5,1.0.0,2026-07-29T15:06:59.847491+00:00,batch_20260729_150659_a047a5
3757-NJYBX,0.4782,0,0.5,1.0.0,2026-07-29T15:06:59.847491+00:00,batch_20260729_150659_a047a5
3413-DHLPB,0.2264,0,0.5,1.0.0,2026-07-29T15:06:59.847491+00:00,batch_20260729_150659_a047a5
7649-PHJVR,0.0628,0,0.5,1.0.0,2026-07-29T15:06:59.847491+00:00,batch_20260729_150659_a047a5
6114-TCFID,0.0468,0,0.5,1.0.0,2026-07-29T15:06:59.847491+00:00,batch_20260729_150659_a047a5
3787-TRIAL,0.3893,0,0.5,1.0.0,2026-07-29T15:06:59.847491+00:00,batch_20260729_150659_a047a5
2573-GYRUU,0.4057,0,0.5,1.0.0,2026-07-29T15:06:59.847491+00:00,batch_20260729_150659_a047a5
5156-UMKOW,0.3654,0,0.5,1.0.0,2026-07-29T15:06:59.847491+00:00,batch_20260729_150659_a047a5
1247-QBVSH,0.0654,0,0.5,1.0.0,2026-07-29T15:06:59.847491+00:00,batch_20260729_150659_a047a5
6734-GMPVK,0.7241,1,0.5,1.0.0,2026-07-29T15:06:59.847491+00:00,batch_20260729_150659_a047a5
9822-OAOVB,0.5846,1,0.5,1.0.0,2026-07-29T15:06:59.847491+00:00,batch_20260729_150659_a047a5
6161-ERDGD,0.0292,0,0.5,1.0.0,2026-07-29T15:06:59.847491+00:00,batch_20260729_150659_a047a5
1226-JZNKR,0.0794,0,0.5,1.0.0,2026-07-29T15:06:59.847491+00:00,batch_20260729_150659_a047a5
7318-EIVKO,0.5672,1,0.5,1.0.0,2026-07-29T15:06:59.847491+00:00,batch_20260729_150659_a047a5
3771-PZOBW,0.6016,1,0.5,1.0.0,2026-07-29T15:06:59.847491+00:00,batch_20260729_150659_a047a5
5136-KCKGI,0.2804,0,0.5,1.0.0,2026-07-29T15:06:59.847491+00:00,batch_20260729_150659_a047a5
8231-BSWXX,0.077,0,0.5,1.0.0,2026-07-29T15:06:59.847491+00:00,batch_20260729_150659_a047a5
6486-LHTMA,0.4309,0,0.5,1.0.0,2026-07-29T15:06:59.847491+00:00,batch_20260729_150659_a047a5
4083-BFNYK,0.148,0,0.5,1.0.0,2026-07-29T15:06:59.847491+00:00,batch_20260729_150659_a047a5
3722-WPXTK,0.797,1,0.5,1.0.0,2026-07-29T15:06:59.847491+00:00,batch_20260729_150659_a047a5
7389-KBFIT,0.4755,0,0.5,1.0.0,2026-07-29T15:06:59.847491+00:00,batch_20260729_150659_a047a5
7176-WIONM,0.5791,1,0.5,1.0.0,2026-07-29T15:06:59.847491+00:00,batch_20260729_150659_a047a5
5141-ZUVBH,0.3021,0,0.5,1.0.0,2026-07-29T15:06:59.847491+00:00,batch_20260729_150659_a047a5
1089-HDMKP,0.2524,0,0.5,1.0.0,2026-07-29T15:06:59.847491+00:00,batch_20260729_150659_a047a5
7623-HKYRK,0.1268,0,0.5,1.0.0,2026-07-29T15:06:59.847491+00:00,batch_20260729_150659_a047a5
0310-SUCIN,0.0241,0,0.5,1.0.0,2026-07-29T15:06:59.847491+00:00,batch_20260729_150659_a047a5
5197-PYEPU,0.1485,0,0.5,1.0.0,2026-07-29T15:06:59.847491+00:00,batch_20260729_150659_a047a5
2929-ERCFZ,0.7227,1,0.5,1.0.0,2026-07-29T15:06:59.847491+00:00,batch_20260729_150659_a047a5
7548-SEPYI,0.7542,1,0.5,1.0.0,2026-07-29T15:06:59.847491+00:00,batch_20260729_150659_a047a5
8835-VSDSE,0.7139,1,0.5,1.0.0,2026-07-29T15:06:59.847491+00:00,batch_20260729_150659_a047a5
6619-RPLQZ,0.0057,0,0.5,1.0.0,2026-07-29T15:06:59.847491+00:00,batch_20260729_150659_a047a5
3275-RHRNE,0.1355,0,0.5,1.0.0,2026-07-29T15:06:59.847491+00:00,batch_20260729_150659_a047a5
3503-TYDAY,0.3207,0,0.5,1.0.0,2026-07-29T15:06:59.847491+00:00,batch_20260729_150659_a047a5
6901-GOGZG,0.0287,0,0.5,1.0.0,2026-07-29T15:06:59.847491+00:00,batch_20260729_150659_a047a5
1623-NLDOT,0.04,0,0.5,1.0.0,2026-07-29T15:06:59.847491+00:00,batch_20260729_150659_a047a5
7021-XSNYE,0.0723,0,0.5,1.0.0,2026-07-29T15:06:59.847491+00:00,batch_20260729_150659_a047a5
9621-OUPYD,0.0481,0,0.5,1.0.0,2026-07-29T15:06:59.847491+00:00,batch_20260729_150659_a047a5
9898-KZQDZ,0.4531,0,0.5,1.0.0,2026-07-29T15:06:59.847491+00:00,batch_20260729_150659_a047a5
8982-NHAVY,0.4317,0,0.5,1.0.0,2026-07-29T15:06:59.847491+00:00,batch_20260729_150659_a047a5
4307-KWMXE,0.3388,0,0.5,1.0.0,2026-07-29T15:06:59.847491+00:00,batch_20260729_150659_a047a5
0141-YEAYS,0.4626,0,0.5,1.0.0,2026-07-29T15:06:59.847491+00:00,batch_20260729_150659_a047a5
2450-ZKEED,0.0971,0,0.5,1.0.0,2026-07-29T15:06:59.847491+00:00,batch_20260729_150659_a047a5
3694-DELSO,0.349,0,0.5,1.0.0,2026-07-29T15:06:59.847491+00:00,batch_20260729_150659_a047a5
3893-JRNFS,0.0949,0,0.5,1.0.0,2026-07-29T15:06:59.847491+00:00,batch_20260729_150659_a047a5
9603-OAIHC,0.7177,1,0.5,1.0.0,2026-07-29T15:06:59.847491+00:00,batch_20260729_150659_a047a5
1133-KXCGE,0.0468,0,0.5,1.0.0,2026-07-29T15:06:59.847491+00:00,batch_20260729_150659_a047a5
5236-PERKL,0.1115,0,0.5,1.0.0,2026-07-29T15:06:59.847491+00:00,batch_20260729_150659_a047a5
0142-GVYSN,0.1319,0,0.5,1.0.0,2026-07-29T15:06:59.847491+00:00,batch_20260729_150659_a047a5
1049-FYSYG,0.3687,0,0.5,1.0.0,2026-07-29T15:06:59.847491+00:00,batch_20260729_150659_a047a5
7854-FOKSF,0.6248,1,0.5,1.0.0,2026-07-29T15:06:59.847491+00:00,batch_20260729_150659_a047a5
2519-FAKOD,0.4888,0,0.5,1.0.0,2026-07-29T15:06:59.847491+00:00,batch_20260729_150659_a047a5
8406-LNMHF,0.0701,0,0.5,1.0.0,2026-07-29T15:06:59.847491+00:00,batch_20260729_150659_a047a5
1821-BUCWY,0.0426,0,0.5,1.0.0,2026-07-29T15:06:59.847491+00:00,batch_20260729_150659_a047a5
8263-JQAIK,0.5689,1,0.5,1.0.0,2026-07-29T15:06:59.847491+00:00,batch_20260729_150659_a047a5
0023-UYUPN,0.0206,0,0.5,1.0.0,2026-07-29T15:06:59.847491+00:00,batch_20260729_150659_a047a5
8314-DPQHL,0.158,0,0.5,1.0.0,2026-07-29T15:06:59.847491+00:00,batch_20260729_150659_a047a5
1465-WCZVT,0.1448,0,0.5,1.0.0,2026-07-29T15:06:59.847491+00:00,batch_20260729_150659_a047a5
9481-SFCQY,0.3114,0,0.5,1.0.0,2026-07-29T15:06:59.847491+00:00,batch_20260729_150659_a047a5
6360-SVNWV,0.2922,0,0.5,1.0.0,2026-07-29T15:06:59.847491+00:00,batch_20260729_150659_a047a5
0567-GGCAC,0.2699,0,0.5,1.0.0,2026-07-29T15:06:59.847491+00:00,batch_20260729_150659_a047a5
7089-IVVAZ,0.5667,1,0.5,1.0.0,2026-07-29T15:06:59.847491+00:00,batch_20260729_150659_a047a5
8884-MRNSU,0.0373,0,0.5,1.0.0,2026-07-29T15:06:59.847491+00:00,batch_20260729_150659_a047a5
2171-UDMFD,0.0584,0,0.5,1.0.0,2026-07-29T15:06:59.847491+00:00,batch_20260729_150659_a047a5
9050-IKDZA,0.5964,1,0.5,1.0.0,2026-07-29T15:06:59.847491+00:00,batch_20260729_150659_a047a5
2205-YMZZJ,0.7634,1,0.5,1.0.0,2026-07-29T15:06:59.847491+00:00,batch_20260729_150659_a047a5
9802-CAQUT,0.0405,0,0.5,1.0.0,2026-07-29T15:06:59.847491+00:00,batch_20260729_150659_a047a5
1254-IZEYF,0.6529,1,0.5,1.0.0,2026-07-29T15:06:59.847491+00:00,batch_20260729_150659_a047a5
0187-WZNAB,0.22,0,0.5,1.0.0,2026-07-29T15:06:59.847491+00:00,batch_20260729_150659_a047a5
9492-TOKRI,0.5707,1,0.5,1.0.0,2026-07-29T15:06:59.847491+00:00,batch_20260729_150659_a047a5
1475-VWVDO,0.6752,1,0.5,1.0.0,2026-07-29T15:06:59.847491+00:00,batch_20260729_150659_a047a5
9221-OTIVJ,0.7546,1,0.5,1.0.0,2026-07-29T15:06:59.847491+00:00,batch_20260729_150659_a047a5
1357-MVDOZ,0.3436,0,0.5,1.0.0,2026-07-29T15:06:59.847491+00:00,batch_20260729_150659_a047a5
7602-MVRMB,0.049,0,0.5,1.0.0,2026-07-29T15:06:59.847491+00:00,batch_20260729_150659_a047a5
3325-FUYCG,0.2615,0,0.5,1.0.0,2026-07-29T15:06:59.847491+00:00,batch_20260729_150659_a047a5
5908-QMGOE,0.5721,1,0.5,1.0.0,2026-07-29T15:06:59.847491+00:00,batch_20260729_150659_a047a5
1197-BVMVG,0.7416,1,0.5,1.0.0,2026-07-29T15:06:59.847491+00:00,batch_20260729_150659_a047a5
5406-KGRMX,0.004,0,0.5,1.0.0,2026-07-29T15:06:59.847491+00:00,batch_20260729_150659_a047a5
8481-YYXWG,0.617,1,0.5,1.0.0,2026-07-29T15:06:59.847491+00:00,batch_20260729_150659_a047a5
5968-HYJRZ,0.0069,0,0.5,1.0.0,2026-07-29T15:06:59.847491+00:00,batch_20260729_150659_a047a5
5198-EFNBM,0.1912,0,0.5,1.0.0,2026-07-29T15:06:59.847491+00:00,batch_20260729_150659_a047a5
7516-GMHUV,0.1322,0,0.5,1.0.0,2026-07-29T15:06:59.847491+00:00,batch_20260729_150659_a047a5
7140-ADSMJ,0.1913,0,0.5,1.0.0,2026-07-29T15:06:59.847491+00:00,batch_20260729_150659_a047a5
2230-XTUWL,0.0049,0,0.5,1.0.0,2026-07-29T15:06:59.847491+00:00,batch_20260729_150659_a047a5
7706-YLMQA,0.0041,0,0.5,1.0.0,2026-07-29T15:06:59.847491+00:00,batch_20260729_150659_a047a5
2585-KTFRE,0.2325,0,0.5,1.0.0,2026-07-29T15:06:59.847491+00:00,batch_20260729_150659_a047a5
7994-UYIVZ,0.6908,1,0.5,1.0.0,2026-07-29T15:06:59.847491+00:00,batch_20260729_150659_a047a5
2609-IAICY,0.7638,1,0.5,1.0.0,2026-07-29T15:06:59.847491+00:00,batch_20260729_150659_a047a5
1740-CSDJP,0.6268,1,0.5,1.0.0,2026-07-29T15:06:59.847491+00:00,batch_20260729_150659_a047a5
7717-BICXI,0.0029,0,0.5,1.0.0,2026-07-29T15:06:59.847491+00:00,batch_20260729_150659_a047a5
6559-RAKOZ,0.239,0,0.5,1.0.0,2026-07-29T15:06:59.847491+00:00,batch_20260729_150659_a047a5
2636-OHFMN,0.6979,1,0.5,1.0.0,2026-07-29T15:06:59.847491+00:00,batch_20260729_150659_a047a5
4716-MRVEN,0.0284,0,0.5,1.0.0,2026-07-29T15:06:59.847491+00:00,batch_20260729_150659_a047a5
2143-LJULT,0.005,0,0.5,1.0.0,2026-07-29T15:06:59.847491+00:00,batch_20260729_150659_a047a5
1323-OOEPC,0.3942,0,0.5,1.0.0,2026-07-29T15:06:59.847491+00:00,batch_20260729_150659_a047a5
3200-MNQTF,0.0062,0,0.5,1.0.0,2026-07-29T15:06:59.847491+00:00,batch_20260729_150659_a047a5
6164-HXUGH,0.1285,0,0.5,1.0.0,2026-07-29T15:06:59.847491+00:00,batch_20260729_150659_a047a5
5630-IXDXV,0.554,1,0.5,1.0.0,2026-07-29T15:06:59.847491+00:00,batch_20260729_150659_a047a5
0320-DWVTU,0.0345,0,0.5,1.0.0,2026-07-29T15:06:59.847491+00:00,batch_20260729_150659_a047a5
9135-MGVPY,0.0141,0,0.5,1.0.0,2026-07-29T15:06:59.847491+00:00,batch_20260729_150659_a047a5
1212-GLHMD,0.6032,1,0.5,1.0.0,2026-07-29T15:06:59.847491+00:00,batch_20260729_150659_a047a5
7878-JGDKK,0.3228,0,0.5,1.0.0,2026-07-29T15:06:59.847491+00:00,batch_20260729_150659_a047a5
1088-AUUZZ,0.0142,0,0.5,1.0.0,2026-07-29T15:06:59.847491+00:00,batch_20260729_150659_a047a5
0397-GZBBC,0.3866,0,0.5,1.0.0,2026-07-29T15:06:59.847491+00:00,batch_20260729_150659_a047a5
6614-YWYSC,0.0044,0,0.5,1.0.0,2026-07-29T15:06:59.847491+00:00,batch_20260729_150659_a047a5
9588-OZDMQ,0.5193,1,0.5,1.0.0,2026-07-29T15:06:59.847491+00:00,batch_20260729_150659_a047a5
7641-EUYET,0.3509,0,0.5,1.0.0,2026-07-29T15:06:59.847491+00:00,batch_20260729_150659_a047a5
6476-EPYZR,0.1011,0,0.5,1.0.0,2026-07-29T15:06:59.847491+00:00,batch_20260729_150659_a047a5
9921-ZVRHG,0.6767,1,0.5,1.0.0,2026-07-29T15:06:59.847491+00:00,batch_20260729_150659_a047a5
1174-FGIFN,0.3018,0,0.5,1.0.0,2026-07-29T15:06:59.847491+00:00,batch_20260729_150659_a047a5
6620-HVDUJ,0.0804,0,0.5,1.0.0,2026-07-29T15:06:59.847491+00:00,batch_20260729_150659_a047a5
4701-MLJPN,0.1916,0,0.5,1.0.0,2026-07-29T15:06:59.847491+00:00,batch_20260729_150659_a047a5
1032-MAELW,0.0276,0,0.5,1.0.0,2026-07-29T15:06:59.847491+00:00,batch_20260729_150659_a047a5
7641-TQFHN,0.0941,0,0.5,1.0.0,2026-07-29T15:06:59.847491+00:00,batch_20260729_150659_a047a5
1552-TKMXS,0.0325,0,0.5,1.0.0,2026-07-29T15:06:59.847491+00:00,batch_20260729_150659_a047a5
9206-GVPEQ,0.474,0,0.5,1.0.0,2026-07-29T15:06:59.847491+00:00,batch_20260729_150659_a047a5
8622-ZLFKO,0.7494,1,0.5,1.0.0,2026-07-29T15:06:59.847491+00:00,batch_20260729_150659_a047a5
1596-BBVTG,0.3167,0,0.5,1.0.0,2026-07-29T15:06:59.847491+00:00,batch_20260729_150659_a047a5
6188-UXBBR,0.0268,0,0.5,1.0.0,2026-07-29T15:06:59.847491+00:00,batch_20260729_150659_a047a5
2333-KWEWW,0.0235,0,0.5,1.0.0,2026-07-29T15:06:59.847491+00:00,batch_20260729_150659_a047a5
5702-SKUOB,0.1705,0,0.5,1.0.0,2026-07-29T15:06:59.847491+00:00,batch_20260729_150659_a047a5
1134-YWTYF,0.1862,0,0.5,1.0.0,2026-07-29T15:06:59.847491+00:00,batch_20260729_150659_a047a5
6061-GWWAV,0.035,0,0.5,1.0.0,2026-07-29T15:06:59.847491+00:00,batch_20260729_150659_a047a5
0679-TDGAK,0.0395,0,0.5,1.0.0,2026-07-29T15:06:59.847491+00:00,batch_20260729_150659_a047a5
6585-WCEWR,0.0023,0,0.5,1.0.0,2026-07-29T15:06:59.847491+00:00,batch_20260729_150659_a047a5
9067-YGSCA,0.0057,0,0.5,1.0.0,2026-07-29T15:06:59.847491+00:00,batch_20260729_150659_a047a5
9067-SQTNS,0.0111,0,0.5,1.0.0,2026-07-29T15:06:59.847491+00:00,batch_20260729_150659_a047a5
8433-WXGNA,0.637,1,0.5,1.0.0,2026-07-29T15:06:59.847491+00:00,batch_20260729_150659_a047a5
1776-SPBWV,0.0255,0,0.5,1.0.0,2026-07-29T15:06:59.847491+00:00,batch_20260729_150659_a047a5
8735-SDUFN,0.0027,0,0.5,1.0.0,2026-07-29T15:06:59.847491+00:00,batch_20260729_150659_a047a5
9668-PUGNU,0.0062,0,0.5,1.0.0,2026-07-29T15:06:59.847491+00:00,batch_20260729_150659_a047a5
9405-GPBBG,0.0845,0,0.5,1.0.0,2026-07-29T15:06:59.847491+00:00,batch_20260729_150659_a047a5
1926-QUZNN,0.0041,0,0.5,1.0.0,2026-07-29T15:06:59.847491+00:00,batch_20260729_150659_a047a5
3707-GNWHM,0.6937,1,0.5,1.0.0,2026-07-29T15:06:59.847491+00:00,batch_20260729_150659_a047a5
7016-NVRIC,0.1749,0,0.5,1.0.0,2026-07-29T15:06:59.847491+00:00,batch_20260729_150659_a047a5
5829-NVSQN,0.0897,0,0.5,1.0.0,2026-07-29T15:06:59.847491+00:00,batch_20260729_150659_a047a5
9565-AXSMR,0.0041,0,0.5,1.0.0,2026-07-29T15:06:59.847491+00:00,batch_20260729_150659_a047a5
8922-LIEGH,0.6214,1,0.5,1.0.0,2026-07-29T15:06:59.847491+00:00,batch_20260729_150659_a047a5
8869-LIHMK,0.0654,0,0.5,1.0.0,2026-07-29T15:06:59.847491+00:00,batch_20260729_150659_a047a5
8245-UMPYT,0.7671,1,0.5,1.0.0,2026-07-29T15:06:59.847491+00:00,batch_20260729_150659_a047a5
5186-SAMNZ,0.6339,1,0.5,1.0.0,2026-07-29T15:06:59.847491+00:00,batch_20260729_150659_a047a5
0447-RXSGD,0.6048,1,0.5,1.0.0,2026-07-29T15:06:59.847491+00:00,batch_20260729_150659_a047a5
4927-WWOOZ,0.7974,1,0.5,1.0.0,2026-07-29T15:06:59.847491+00:00,batch_20260729_150659_a047a5
5788-YPOEG,0.022,0,0.5,1.0.0,2026-07-29T15:06:59.847491+00:00,batch_20260729_150659_a047a5
5373-SFODM,0.4826,0,0.5,1.0.0,2026-07-29T15:06:59.847491+00:00,batch_20260729_150659_a047a5
0661-KBKPA,0.061,0,0.5,1.0.0,2026-07-29T15:06:59.847491+00:00,batch_20260729_150659_a047a5
9081-WWXKP,0.0049,0,0.5,1.0.0,2026-07-29T15:06:59.847491+00:00,batch_20260729_150659_a047a5
0784-ZQJZX,0.0016,0,0.5,1.0.0,2026-07-29T15:06:59.847491+00:00,batch_20260729_150659_a047a5
3133-PZNSR,0.0261,0,0.5,1.0.0,2026-07-29T15:06:59.847491+00:00,batch_20260729_150659_a047a5
5766-ZJYBB,0.1885,0,0.5,1.0.0,2026-07-29T15:06:59.847491+00:00,batch_20260729_150659_a047a5
8931-GJJIQ,0.7579,1,0.5,1.0.0,2026-07-29T15:06:59.847491+00:00,batch_20260729_150659_a047a5
4277-PVRAN,0.6333,1,0.5,1.0.0,2026-07-29T15:06:59.847491+00:00,batch_20260729_150659_a047a5
0022-TCJCI,0.0392,0,0.5,1.0.0,2026-07-29T15:06:59.847491+00:00,batch_20260729_150659_a047a5
0722-SVSFK,0.6933,1,0.5,1.0.0,2026-07-29T15:06:59.847491+00:00,batch_20260729_150659_a047a5
3612-YVGSJ,0.004,0,0.5,1.0.0,2026-07-29T15:06:59.847491+00:00,batch_20260729_150659_a047a5
9825-YCXWZ,0.2121,0,0.5,1.0.0,2026-07-29T15:06:59.847491+00:00,batch_20260729_150659_a047a5
5397-NSKQG,0.0133,0,0.5,1.0.0,2026-07-29T15:06:59.847491+00:00,batch_20260729_150659_a047a5
8565-HBFNN,0.0783,0,0.5,1.0.0,2026-07-29T15:06:59.847491+00:00,batch_20260729_150659_a047a5
2000-DHJUY,0.0187,0,0.5,1.0.0,2026-07-29T15:06:59.847491+00:00,batch_20260729_150659_a047a5
0203-HHYIJ,0.0421,0,0.5,1.0.0,2026-07-29T15:06:59.847491+00:00,batch_20260729_150659_a047a5
8670-ERCJH,0.0363,0,0.5,1.0.0,2026-07-29T15:06:59.847491+00:00,batch_20260729_150659_a047a5
7758-UJWYS,0.0707,0,0.5,1.0.0,2026-07-29T15:06:59.847491+00:00,batch_20260729_150659_a047a5
2050-ONYDQ,0.0029,0,0.5,1.0.0,2026-07-29T15:06:59.847491+00:00,batch_20260729_150659_a047a5
7055-JCGNI,0.0525,0,0.5,1.0.0,2026-07-29T15:06:59.847491+00:00,batch_20260729_150659_a047a5
0739-UUAJR,0.0177,0,0.5,1.0.0,2026-07-29T15:06:59.847491+00:00,batch_20260729_150659_a047a5
4826-DXMUP,0.0849,0,0.5,1.0.0,2026-07-29T15:06:59.847491+00:00,batch_20260729_150659_a047a5
0952-KMEEH,0.5403,1,0.5,1.0.0,2026-07-29T15:06:59.847491+00:00,batch_20260729_150659_a047a5
7285-KLOTR,0.2481,0,0.5,1.0.0,2026-07-29T15:06:59.847491+00:00,batch_20260729_150659_a047a5
0654-PQKDW,0.0187,0,0.5,1.0.0,2026-07-29T15:06:59.847491+00:00,batch_20260729_150659_a047a5
7175-NTIXE,0.2012,0,0.5,1.0.0,2026-07-29T15:06:59.847491+00:00,batch_20260729_150659_a047a5
7963-SHNDT,0.0102,0,0.5,1.0.0,2026-07-29T15:06:59.847491+00:00,batch_20260729_150659_a047a5
9796-BPKIW,0.5729,1,0.5,1.0.0,2026-07-29T15:06:59.847491+00:00,batch_20260729_150659_a047a5
0188-GWFLE,0.1819,0,0.5,1.0.0,2026-07-29T15:06:59.847491+00:00,batch_20260729_150659_a047a5
8129-GMVGI,0.0034,0,0.5,1.0.0,2026-07-29T15:06:59.847491+00:00,batch_20260729_150659_a047a5
2882-DDZPG,0.1176,0,0.5,1.0.0,2026-07-29T15:06:59.847491+00:00,batch_20260729_150659_a047a5
3547-LQRIK,0.0238,0,0.5,1.0.0,2026-07-29T15:06:59.847491+00:00,batch_20260729_150659_a047a5
9137-NOQKA,0.237,0,0.5,1.0.0,2026-07-29T15:06:59.847491+00:00,batch_20260729_150659_a047a5
5843-TTHGI,0.29,0,0.5,1.0.0,2026-07-29T15:06:59.847491+00:00,batch_20260729_150659_a047a5
1849-RJYIG,0.4278,0,0.5,1.0.0,2026-07-29T15:06:59.847491+00:00,batch_20260729_150659_a047a5
8868-GAGIO,0.2861,0,0.5,1.0.0,2026-07-29T15:06:59.847491+00:00,batch_20260729_150659_a047a5
4061-UKJWL,0.3312,0,0.5,1.0.0,2026-07-29T15:06:59.847491+00:00,batch_20260729_150659_a047a5
5380-XPJNZ,0.0185,0,0.5,1.0.0,2026-07-29T15:06:59.847491+00:00,batch_20260729_150659_a047a5
8263-QMNTJ,0.0817,0,0.5,1.0.0,2026-07-29T15:06:59.847491+00:00,batch_20260729_150659_a047a5
8178-EYZUO,0.3827,0,0.5,1.0.0,2026-07-29T15:06:59.847491+00:00,batch_20260729_150659_a047a5
3230-JCNZS,0.0412,0,0.5,1.0.0,2026-07-29T15:06:59.847491+00:00,batch_20260729_150659_a047a5
0277-ORXQS,0.0136,0,0.5,1.0.0,2026-07-29T15:06:59.847491+00:00,batch_20260729_150659_a047a5
5130-IEKQT,0.5244,1,0.5,1.0.0,2026-07-29T15:06:59.847491+00:00,batch_20260729_150659_a047a5
3230-WYKIR,0.2069,0,0.5,1.0.0,2026-07-29T15:06:59.847491+00:00,batch_20260729_150659_a047a5
7996-BPXHY,0.044,0,0.5,1.0.0,2026-07-29T15:06:59.847491+00:00,batch_20260729_150659_a047a5
3227-WLKLI,0.0114,0,0.5,1.0.0,2026-07-29T15:06:59.847491+00:00,batch_20260729_150659_a047a5
0407-BDJKB,0.3865,0,0.5,1.0.0,2026-07-29T15:06:59.847491+00:00,batch_20260729_150659_a047a5
2266-FUBDZ,0.0225,0,0.5,1.0.0,2026-07-29T15:06:59.847491+00:00,batch_20260729_150659_a047a5
8237-ULIXL,0.0027,0,0.5,1.0.0,2026-07-29T15:06:59.847491+00:00,batch_20260729_150659_a047a5
9600-UDOPK,0.5933,1,0.5,1.0.0,2026-07-29T15:06:59.847491+00:00,batch_20260729_150659_a047a5
8216-AZUUZ,0.142,0,0.5,1.0.0,2026-07-29T15:06:59.847491+00:00,batch_20260729_150659_a047a5
9153-BTBVV,0.0028,0,0.5,1.0.0,2026-07-29T15:06:59.847491+00:00,batch_20260729_150659_a047a5
4074-SJFFA,0.4998,0,0.5,1.0.0,2026-07-29T15:06:59.847491+00:00,batch_20260729_150659_a047a5
3269-ATYWD,0.5344,1,0.5,1.0.0,2026-07-29T15:06:59.847491+00:00,batch_20260729_150659_a047a5
5186-PEIZU,0.0431,0,0.5,1.0.0,2026-07-29T15:06:59.847491+00:00,batch_20260729_150659_a047a5
1074-AMIOH,0.2554,0,0.5,1.0.0,2026-07-29T15:06:59.847491+00:00,batch_20260729_150659_a047a5
4910-GMJOT,0.8324,1,0.5,1.0.0,2026-07-29T15:06:59.847491+00:00,batch_20260729_150659_a047a5
0354-WYROK,0.4663,0,0.5,1.0.0,2026-07-29T15:06:59.847491+00:00,batch_20260729_150659_a047a5
4361-FEBGN,0.0059,0,0.5,1.0.0,2026-07-29T15:06:59.847491+00:00,batch_20260729_150659_a047a5
7748-UMTRK,0.5376,1,0.5,1.0.0,2026-07-29T15:06:59.847491+00:00,batch_20260729_150659_a047a5
0380-ZCSBI,0.1266,0,0.5,1.0.0,2026-07-29T15:06:59.847491+00:00,batch_20260729_150659_a047a5
7145-FEJWU,0.7174,1,0.5,1.0.0,2026-07-29T15:06:59.847491+00:00,batch_20260729_150659_a047a5
6463-MVYRY,0.0101,0,0.5,1.0.0,2026-07-29T15:06:59.847491+00:00,batch_20260729_150659_a047a5
3969-JQABI,0.068,0,0.5,1.0.0,2026-07-29T15:06:59.847491+00:00,batch_20260729_150659_a047a5
9624-EGDEQ,0.0105,0,0.5,1.0.0,2026-07-29T15:06:59.847491+00:00,batch_20260729_150659_a047a5
1051-EQPZR,0.0241,0,0.5,1.0.0,2026-07-29T15:06:59.847491+00:00,batch_20260729_150659_a047a5
5849-ASHZJ,0.0233,0,0.5,1.0.0,2026-07-29T15:06:59.847491+00:00,batch_20260729_150659_a047a5
5780-INQIK,0.2737,0,0.5,1.0.0,2026-07-29T15:06:59.847491+00:00,batch_20260729_150659_a047a5
7576-OYWBN,0.7504,1,0.5,1.0.0,2026-07-29T15:06:59.847491+00:00,batch_20260729_150659_a047a5
4526-ZJJTM,0.3795,0,0.5,1.0.0,2026-07-29T15:06:59.847491+00:00,batch_20260729_150659_a047a5
8384-FZBJK,0.4121,0,0.5,1.0.0,2026-07-29T15:06:59.847491+00:00,batch_20260729_150659_a047a5
3750-RNQKR,0.1226,0,0.5,1.0.0,2026-07-29T15:06:59.847491+00:00,batch_20260729_150659_a047a5
0962-CQPWQ,0.0025,0,0.5,1.0.0,2026-07-29T15:06:59.847491+00:00,batch_20260729_150659_a047a5
3096-YXENJ,0.0816,0,0.5,1.0.0,2026-07-29T15:06:59.847491+00:00,batch_20260729_150659_a047a5
1265-BCFEO,0.0241,0,0.5,1.0.0,2026-07-29T15:06:59.847491+00:00,batch_20260729_150659_a047a5
5837-LXSDN,0.119,0,0.5,1.0.0,2026-07-29T15:06:59.847491+00:00,batch_20260729_150659_a047a5
5945-AZYHT,0.1911,0,0.5,1.0.0,2026-07-29T15:06:59.847491+00:00,batch_20260729_150659_a047a5
8325-QRPZR,0.6773,1,0.5,1.0.0,2026-07-29T15:06:59.847491+00:00,batch_20260729_150659_a047a5
6384-VMJHP,0.0079,0,0.5,1.0.0,2026-07-29T15:06:59.847491+00:00,batch_20260729_150659_a047a5
2262-SLNVK,0.6319,1,0.5,1.0.0,2026-07-29T15:06:59.847491+00:00,batch_20260729_150659_a047a5
7730-CLDSV,0.0389,0,0.5,1.0.0,2026-07-29T15:06:59.847491+00:00,batch_20260729_150659_a047a5
1135-HIORI,0.1812,0,0.5,1.0.0,2026-07-29T15:06:59.847491+00:00,batch_20260729_150659_a047a5
0164-APGRB,0.0817,0,0.5,1.0.0,2026-07-29T15:06:59.847491+00:00,batch_20260729_150659_a047a5
6481-ESCNL,0.5146,1,0.5,1.0.0,2026-07-29T15:06:59.847491+00:00,batch_20260729_150659_a047a5
1790-NESIO,0.0452,0,0.5,1.0.0,2026-07-29T15:06:59.847491+00:00,batch_20260729_150659_a047a5
1550-EENBN,0.472,0,0.5,1.0.0,2026-07-29T15:06:59.847491+00:00,batch_20260729_150659_a047a5
5539-TMZLF,0.7174,1,0.5,1.0.0,2026-07-29T15:06:59.847491+00:00,batch_20260729_150659_a047a5
4323-SADQS,0.3602,0,0.5,1.0.0,2026-07-29T15:06:59.847491+00:00,batch_20260729_150659_a047a5
4446-BZKHU,0.4604,0,0.5,1.0.0,2026-07-29T15:06:59.847491+00:00,batch_20260729_150659_a047a5
5202-IVJNU,0.1154,0,0.5,1.0.0,2026-07-29T15:06:59.847491+00:00,batch_20260729_150659_a047a5
5976-JCJRH,0.6552,1,0.5,1.0.0,2026-07-29T15:06:59.847491+00:00,batch_20260729_150659_a047a5
8198-RKSZG,0.2279,0,0.5,1.0.0,2026-07-29T15:06:59.847491+00:00,batch_20260729_150659_a047a5
0137-OCGAB,0.6606,1,0.5,1.0.0,2026-07-29T15:06:59.847491+00:00,batch_20260729_150659_a047a5
3351-NQLDI,0.0633,0,0.5,1.0.0,2026-07-29T15:06:59.847491+00:00,batch_20260729_150659_a047a5
9297-EONCV,0.0175,0,0.5,1.0.0,2026-07-29T15:06:59.847491+00:00,batch_20260729_150659_a047a5
7593-JNWRU,0.33,0,0.5,1.0.0,2026-07-29T15:06:59.847491+00:00,batch_20260729_150659_a047a5
4588-YBNIB,0.2564,0,0.5,1.0.0,2026-07-29T15:06:59.847491+00:00,batch_20260729_150659_a047a5
1069-QJOEE,0.0378,0,0.5,1.0.0,2026-07-29T15:06:59.847491+00:00,batch_20260729_150659_a047a5
3336-JORSO,0.5592,1,0.5,1.0.0,2026-07-29T15:06:59.847491+00:00,batch_20260729_150659_a047a5
7799-DSEWS,0.2639,0,0.5,1.0.0,2026-07-29T15:06:59.847491+00:00,batch_20260729_150659_a047a5
8766-PAFNE,0.0158,0,0.5,1.0.0,2026-07-29T15:06:59.847491+00:00,batch_20260729_150659_a047a5
5315-CKEQK,0.1497,0,0.5,1.0.0,2026-07-29T15:06:59.847491+00:00,batch_20260729_150659_a047a5
3130-ICDUP,0.4404,0,0.5,1.0.0,2026-07-29T15:06:59.847491+00:00,batch_20260729_150659_a047a5
0820-FNRNX,0.2041,0,0.5,1.0.0,2026-07-29T15:06:59.847491+00:00,batch_20260729_150659_a047a5
0880-FVFWF,0.264,0,0.5,1.0.0,2026-07-29T15:06:59.847491+00:00,batch_20260729_150659_a047a5
4611-ANLQC,0.0427,0,0.5,1.0.0,2026-07-29T15:06:59.847491+00:00,batch_20260729_150659_a047a5
4213-HKBJO,0.0153,0,0.5,1.0.0,2026-07-29T15:06:59.847491+00:00,batch_20260729_150659_a047a5
2792-LSHWX,0.4176,0,0.5,1.0.0,2026-07-29T15:06:59.847491+00:00,batch_20260729_150659_a047a5
5028-GZLDO,0.5283,1,0.5,1.0.0,2026-07-29T15:06:59.847491+00:00,batch_20260729_150659_a047a5
0014-BMAQU,0.0336,0,0.5,1.0.0,2026-07-29T15:06:59.847491+00:00,batch_20260729_150659_a047a5
6861-XWTWQ,0.8095,1,0.5,1.0.0,2026-07-29T15:06:59.847491+00:00,batch_20260729_150659_a047a5
9018-PCIOK,0.0289,0,0.5,1.0.0,2026-07-29T15:06:59.847491+00:00,batch_20260729_150659_a047a5
4837-QUSFT,0.0798,0,0.5,1.0.0,2026-07-29T15:06:59.847491+00:00,batch_20260729_150659_a047a5
6877-TJMBR,0.6781,1,0.5,1.0.0,2026-07-29T15:06:59.847491+00:00,batch_20260729_150659_a047a5
9953-ZMKSM,0.0042,0,0.5,1.0.0,2026-07-29T15:06:59.847491+00:00,batch_20260729_150659_a047a5
0907-HQNTS,0.0557,0,0.5,1.0.0,2026-07-29T15:06:59.847491+00:00,batch_20260729_150659_a047a5
7665-NKLAV,0.0186,0,0.5,1.0.0,2026-07-29T15:06:59.847491+00:00,batch_20260729_150659_a047a5
6769-DCQLI,0.153,0,0.5,1.0.0,2026-07-29T15:06:59.847491+00:00,batch_20260729_150659_a047a5
2433-KMEAS,0.3007,0,0.5,1.0.0,2026-07-29T15:06:59.847491+00:00,batch_20260729_150659_a047a5
4391-LNRXK,0.4085,0,0.5,1.0.0,2026-07-29T15:06:59.847491+00:00,batch_20260729_150659_a047a5
8250-ZNGGW,0.1477,0,0.5,1.0.0,2026-07-29T15:06:59.847491+00:00,batch_20260729_150659_a047a5
2195-ZRVAX,0.44,0,0.5,1.0.0,2026-07-29T15:06:59.847491+00:00,batch_20260729_150659_a047a5
3550-SAHFP,0.5913,1,0.5,1.0.0,2026-07-29T15:06:59.847491+00:00,batch_20260729_150659_a047a5
2011-TRQYE,0.3487,0,0.5,1.0.0,2026-07-29T15:06:59.847491+00:00,batch_20260729_150659_a047a5
8562-GHPPI,0.1803,0,0.5,1.0.0,2026-07-29T15:06:59.847491+00:00,batch_20260729_150659_a047a5
5893-PYOLZ,0.0266,0,0.5,1.0.0,2026-07-29T15:06:59.847491+00:00,batch_20260729_150659_a047a5
4986-MXSFP,0.2481,0,0.5,1.0.0,2026-07-29T15:06:59.847491+00:00,batch_20260729_150659_a047a5
6131-FOYAS,0.2186,0,0.5,1.0.0,2026-07-29T15:06:59.847491+00:00,batch_20260729_150659_a047a5
3027-YNWZU,0.0038,0,0.5,1.0.0,2026-07-29T15:06:59.847491+00:00,batch_20260729_150659_a047a5
5609-IMCGG,0.4968,0,0.5,1.0.0,2026-07-29T15:06:59.847491+00:00,batch_20260729_150659_a047a5
4873-ILOLJ,0.6691,1,0.5,1.0.0,2026-07-29T15:06:59.847491+00:00,batch_20260729_150659_a047a5
4727-MCYZG,0.4039,0,0.5,1.0.0,2026-07-29T15:06:59.847491+00:00,batch_20260729_150659_a047a5
9481-WHGWY,0.0071,0,0.5,1.0.0,2026-07-29T15:06:59.847491+00:00,batch_20260729_150659_a047a5
2725-KXXWT,0.8013,1,0.5,1.0.0,2026-07-29T15:06:59.847491+00:00,batch_20260729_150659_a047a5
9565-DJPIB,0.5385,1,0.5,1.0.0,2026-07-29T15:06:59.847491+00:00,batch_20260729_150659_a047a5
4328-VUFWD,0.0635,0,0.5,1.0.0,2026-07-29T15:06:59.847491+00:00,batch_20260729_150659_a047a5
3301-LSLWQ,0.3146,0,0.5,1.0.0,2026-07-29T15:06:59.847491+00:00,batch_20260729_150659_a047a5
7473-ZBDSN,0.0234,0,0.5,1.0.0,2026-07-29T15:06:59.847491+00:00,batch_20260729_150659_a047a5
3166-PNEOF,0.0168,0,0.5,1.0.0,2026-07-29T15:06:59.847491+00:00,batch_20260729_150659_a047a5
5639-NTUPK,0.2085,0,0.5,1.0.0,2026-07-29T15:06:59.847491+00:00,batch_20260729_150659_a047a5
8780-YRMTT,0.01,0,0.5,1.0.0,2026-07-29T15:06:59.847491+00:00,batch_20260729_150659_a047a5
8348-HFYIV,0.7451,1,0.5,1.0.0,2026-07-29T15:06:59.847491+00:00,batch_20260729_150659_a047a5
5140-FOMCQ,0.1781,0,0.5,1.0.0,2026-07-29T15:06:59.847491+00:00,batch_20260729_150659_a047a5
6242-SGYTS,0.0886,0,0.5,1.0.0,2026-07-29T15:06:59.847491+00:00,batch_20260729_150659_a047a5
8166-ORCHU,0.1859,0,0.5,1.0.0,2026-07-29T15:06:59.847491+00:00,batch_20260729_150659_a047a5
8414-OOEEL,0.0146,0,0.5,1.0.0,2026-07-29T15:06:59.847491+00:00,batch_20260729_150659_a047a5
8454-AATJP,0.0381,0,0.5,1.0.0,2026-07-29T15:06:59.847491+00:00,batch_20260729_150659_a047a5
6849-WLEYG,0.1551,0,0.5,1.0.0,2026-07-29T15:06:59.847491+00:00,batch_20260729_150659_a047a5
4659-NZRUF,0.5892,1,0.5,1.0.0,2026-07-29T15:06:59.847491+00:00,batch_20260729_150659_a047a5
4531-AUZNK,0.1045,0,0.5,1.0.0,2026-07-29T15:06:59.847491+00:00,batch_20260729_150659_a047a5
4191-XOVOM,0.2716,0,0.5,1.0.0,2026-07-29T15:06:59.847491+00:00,batch_20260729_150659_a047a5
2150-OEGBV,0.0299,0,0.5,1.0.0,2026-07-29T15:06:59.847491+00:00,batch_20260729_150659_a047a5
8429-XIBUM,0.5803,1,0.5,1.0.0,2026-07-29T15:06:59.847491+00:00,batch_20260729_150659_a047a5
1855-CFULU,0.1691,0,0.5,1.0.0,2026-07-29T15:06:59.847491+00:00,batch_20260729_150659_a047a5
4878-BUNFV,0.0066,0,0.5,1.0.0,2026-07-29T15:06:59.847491+00:00,batch_20260729_150659_a047a5
1872-EBWSC,0.0286,0,0.5,1.0.0,2026-07-29T15:06:59.847491+00:00,batch_20260729_150659_a047a5
2608-BHKFN,0.6059,1,0.5,1.0.0,2026-07-29T15:06:59.847491+00:00,batch_20260729_150659_a047a5
7026-YMSBE,0.0272,0,0.5,1.0.0,2026-07-29T15:06:59.847491+00:00,batch_20260729_150659_a047a5
7341-LXCAF,0.7444,1,0.5,1.0.0,2026-07-29T15:06:59.847491+00:00,batch_20260729_150659_a047a5
6997-UVGOX,0.0068,0,0.5,1.0.0,2026-07-29T15:06:59.847491+00:00,batch_20260729_150659_a047a5
9674-EHPPG,0.0152,0,0.5,1.0.0,2026-07-29T15:06:59.847491+00:00,batch_20260729_150659_a047a5
9462-MJUAW,0.3745,0,0.5,1.0.0,2026-07-29T15:06:59.847491+00:00,batch_20260729_150659_a047a5
8128-YVJRG,0.5708,1,0.5,1.0.0,2026-07-29T15:06:59.847491+00:00,batch_20260729_150659_a047a5
5440-VHLUL,0.1294,0,0.5,1.0.0,2026-07-29T15:06:59.847491+00:00,batch_20260729_150659_a047a5
5781-BKHOP,0.0368,0,0.5,1.0.0,2026-07-29T15:06:59.847491+00:00,batch_20260729_150659_a047a5
4283-FUTGF,0.6393,1,0.5,1.0.0,2026-07-29T15:06:59.847491+00:00,batch_20260729_150659_a047a5
5213-TWWJU,0.3983,0,0.5,1.0.0,2026-07-29T15:06:59.847491+00:00,batch_20260729_150659_a047a5
1569-TTNYJ,0.7069,1,0.5,1.0.0,2026-07-29T15:06:59.847491+00:00,batch_20260729_150659_a047a5
8628-MFKAX,0.0551,0,0.5,1.0.0,2026-07-29T15:06:59.847491+00:00,batch_20260729_150659_a047a5
2397-BRLOM,0.5709,1,0.5,1.0.0,2026-07-29T15:06:59.847491+00:00,batch_20260729_150659_a047a5
7629-WIXZF,0.2627,0,0.5,1.0.0,2026-07-29T15:06:59.847491+00:00,batch_20260729_150659_a047a5
5445-GLVOT,0.2524,0,0.5,1.0.0,2026-07-29T15:06:59.847491+00:00,batch_20260729_150659_a047a5
3976-HXHCE,0.002,0,0.5,1.0.0,2026-07-29T15:06:59.847491+00:00,batch_20260729_150659_a047a5
2466-NEJOJ,0.1127,0,0.5,1.0.0,2026-07-29T15:06:59.847491+00:00,batch_20260729_150659_a047a5
0254-KCJGT,0.0427,0,0.5,1.0.0,2026-07-29T15:06:59.847491+00:00,batch_20260729_150659_a047a5
5472-CVMDX,0.0063,0,0.5,1.0.0,2026-07-29T15:06:59.847491+00:00,batch_20260729_150659_a047a5
6461-SZMCV,0.0115,0,0.5,1.0.0,2026-07-29T15:06:59.847491+00:00,batch_20260729_150659_a047a5
8150-QUDFX,0.1824,0,0.5,1.0.0,2026-07-29T15:06:59.847491+00:00,batch_20260729_150659_a047a5
9508-ILZDG,0.4615,0,0.5,1.0.0,2026-07-29T15:06:59.847491+00:00,batch_20260729_150659_a047a5
2346-DJQTB,0.2164,0,0.5,1.0.0,2026-07-29T15:06:59.847491+00:00,batch_20260729_150659_a047a5
1697-LYYYX,0.0048,0,0.5,1.0.0,2026-07-29T15:06:59.847491+00:00,batch_20260729_150659_a047a5
1942-OQFRW,0.4271,0,0.5,1.0.0,2026-07-29T15:06:59.847491+00:00,batch_20260729_150659_a047a5
4749-VFKVB,0.4989,0,0.5,1.0.0,2026-07-29T15:06:59.847491+00:00,batch_20260729_150659_a047a5
9640-ZSLDC,0.034,0,0.5,1.0.0,2026-07-29T15:06:59.847491+00:00,batch_20260729_150659_a047a5
4231-LZUYM,0.0028,0,0.5,1.0.0,2026-07-29T15:06:59.847491+00:00,batch_20260729_150659_a047a5
7598-UAASY,0.6309,1,0.5,1.0.0,2026-07-29T15:06:59.847491+00:00,batch_20260729_150659_a047a5
7938-OUHIO,0.7134,1,0.5,1.0.0,2026-07-29T15:06:59.847491+00:00,batch_20260729_150659_a047a5
8510-AWCXC,0.7165,1,0.5,1.0.0,2026-07-29T15:06:59.847491+00:00,batch_20260729_150659_a047a5
6128-AQBMT,0.3604,0,0.5,1.0.0,2026-07-29T15:06:59.847491+00:00,batch_20260729_150659_a047a5
3594-BDSOA,0.034,0,0.5,1.0.0,2026-07-29T15:06:59.847491+00:00,batch_20260729_150659_a047a5
0431-APWVY,0.3088,0,0.5,1.0.0,2026-07-29T15:06:59.847491+00:00,batch_20260729_150659_a047a5
5133-VRSAB,0.3241,0,0.5,1.0.0,2026-07-29T15:06:59.847491+00:00,batch_20260729_150659_a047a5
5996-DAOQL,0.2574,0,0.5,1.0.0,2026-07-29T15:06:59.847491+00:00,batch_20260729_150659_a047a5
6838-YAUVY,0.0851,0,0.5,1.0.0,2026-07-29T15:06:59.847491+00:00,batch_20260729_150659_a047a5
0484-JPBRU,0.0634,0,0.5,1.0.0,2026-07-29T15:06:59.847491+00:00,batch_20260729_150659_a047a5
7883-ROJOC,0.206,0,0.5,1.0.0,2026-07-29T15:06:59.847491+00:00,batch_20260729_150659_a047a5
0244-LGNFY,0.0096,0,0.5,1.0.0,2026-07-29T15:06:59.847491+00:00,batch_20260729_150659_a047a5
7274-CGTOD,0.0101,0,0.5,1.0.0,2026-07-29T15:06:59.847491+00:00,batch_20260729_150659_a047a5
4295-YURET,0.0154,0,0.5,1.0.0,2026-07-29T15:06:59.847491+00:00,batch_20260729_150659_a047a5
3426-NIYYL,0.3544,0,0.5,1.0.0,2026-07-29T15:06:59.847491+00:00,batch_20260729_150659_a047a5
8225-BTJAU,0.7042,1,0.5,1.0.0,2026-07-29T15:06:59.847491+00:00,batch_20260729_150659_a047a5
4635-EJYPD,0.0103,0,0.5,1.0.0,2026-07-29T15:06:59.847491+00:00,batch_20260729_150659_a047a5
1866-ZSLJM,0.08,0,0.5,1.0.0,2026-07-29T15:06:59.847491+00:00,batch_20260729_150659_a047a5
4636-TVXVG,0.0048,0,0.5,1.0.0,2026-07-29T15:06:59.847491+00:00,batch_20260729_150659_a047a5
4236-UJPWO,0.5553,1,0.5,1.0.0,2026-07-29T15:06:59.847491+00:00,batch_20260729_150659_a047a5
9392-XBGTD,0.0131,0,0.5,1.0.0,2026-07-29T15:06:59.847491+00:00,batch_20260729_150659_a047a5
3387-VATUS,0.7511,1,0.5,1.0.0,2026-07-29T15:06:59.847491+00:00,batch_20260729_150659_a047a5
6402-SSEJG,0.1918,0,0.5,1.0.0,2026-07-29T15:06:59.847491+00:00,batch_20260729_150659_a047a5
1143-NMNQJ,0.7967,1,0.5,1.0.0,2026-07-29T15:06:59.847491+00:00,batch_20260729_150659_a047a5
1169-SAOCL,0.1993,0,0.5,1.0.0,2026-07-29T15:06:59.847491+00:00,batch_20260729_150659_a047a5
1110-KYLGQ,0.2122,0,0.5,1.0.0,2026-07-29T15:06:59.847491+00:00,batch_20260729_150659_a047a5
9929-PLVPA,0.1319,0,0.5,1.0.0,2026-07-29T15:06:59.847491+00:00,batch_20260729_150659_a047a5
3518-PZXZQ,0.4983,0,0.5,1.0.0,2026-07-29T15:06:59.847491+00:00,batch_20260729_150659_a047a5
2371-JUNGC,0.1277,0,0.5,1.0.0,2026-07-29T15:06:59.847491+00:00,batch_20260729_150659_a047a5
7693-QPEFS,0.2757,0,0.5,1.0.0,2026-07-29T15:06:59.847491+00:00,batch_20260729_150659_a047a5
0924-BJCRC,0.278,0,0.5,1.0.0,2026-07-29T15:06:59.847491+00:00,batch_20260729_150659_a047a5
5074-FBGHB,0.1655,0,0.5,1.0.0,2026-07-29T15:06:59.847491+00:00,batch_20260729_150659_a047a5
2351-BKRZW,0.0258,0,0.5,1.0.0,2026-07-29T15:06:59.847491+00:00,batch_20260729_150659_a047a5
4455-BFSPD,0.1248,0,0.5,1.0.0,2026-07-29T15:06:59.847491+00:00,batch_20260729_150659_a047a5
0415-MOSGF,0.3476,0,0.5,1.0.0,2026-07-29T15:06:59.847491+00:00,batch_20260729_150659_a047a5
1724-BQUHA,0.7791,1,0.5,1.0.0,2026-07-29T15:06:59.847491+00:00,batch_20260729_150659_a047a5
3948-KXDUF,0.0061,0,0.5,1.0.0,2026-07-29T15:06:59.847491+00:00,batch_20260729_150659_a047a5
2323-ARSVR,0.0664,0,0.5,1.0.0,2026-07-29T15:06:59.847491+00:00,batch_20260729_150659_a047a5
0815-MFZGM,0.1188,0,0.5,1.0.0,2026-07-29T15:06:59.847491+00:00,batch_20260729_150659_a047a5
4826-XTSOH,0.8007,1,0.5,1.0.0,2026-07-29T15:06:59.847491+00:00,batch_20260729_150659_a047a5
5480-XTFFL,0.0112,0,0.5,1.0.0,2026-07-29T15:06:59.847491+00:00,batch_20260729_150659_a047a5
8295-FHIVV,0.2079,0,0.5,1.0.0,2026-07-29T15:06:59.847491+00:00,batch_20260729_150659_a047a5
2495-INZWQ,0.7278,1,0.5,1.0.0,2026-07-29T15:06:59.847491+00:00,batch_20260729_150659_a047a5
9086-YJYXS,0.1147,0,0.5,1.0.0,2026-07-29T15:06:59.847491+00:00,batch_20260729_150659_a047a5
1179-INLAT,0.126,0,0.5,1.0.0,2026-07-29T15:06:59.847491+00:00,batch_20260729_150659_a047a5
7909-FIOIY,0.3265,0,0.5,1.0.0,2026-07-29T15:06:59.847491+00:00,batch_20260729_150659_a047a5
4139-SUGLD,0.0845,0,0.5,1.0.0,2026-07-29T15:06:59.847491+00:00,batch_20260729_150659_a047a5
6857-VWJDT,0.7063,1,0.5,1.0.0,2026-07-29T15:06:59.847491+00:00,batch_20260729_150659_a047a5
6351-SCJKT,0.2898,0,0.5,1.0.0,2026-07-29T15:06:59.847491+00:00,batch_20260729_150659_a047a5
5468-BPMMO,0.0387,0,0.5,1.0.0,2026-07-29T15:06:59.847491+00:00,batch_20260729_150659_a047a5
5624-BQSSA,0.19,0,0.5,1.0.0,2026-07-29T15:06:59.847491+00:00,batch_20260729_150659_a047a5
0197-PNKNK,0.0431,0,0.5,1.0.0,2026-07-29T15:06:59.847491+00:00,batch_20260729_150659_a047a5
2439-QKJUL,0.1628,0,0.5,1.0.0,2026-07-29T15:06:59.847491+00:00,batch_20260729_150659_a047a5
1194-SPVSP,0.1824,0,0.5,1.0.0,2026-07-29T15:06:59.847491+00:00,batch_20260729_150659_a047a5
9534-NSXEM,0.0457,0,0.5,1.0.0,2026-07-29T15:06:59.847491+00:00,batch_20260729_150659_a047a5
2408-WITXK,0.6236,1,0.5,1.0.0,2026-07-29T15:06:59.847491+00:00,batch_20260729_150659_a047a5
8929-KSWIH,0.13,0,0.5,1.0.0,2026-07-29T15:06:59.847491+00:00,batch_20260729_150659_a047a5
2250-IVBWA,0.097,0,0.5,1.0.0,2026-07-29T15:06:59.847491+00:00,batch_20260729_150659_a047a5
1810-MVMAI,0.0961,0,0.5,1.0.0,2026-07-29T15:06:59.847491+00:00,batch_20260729_150659_a047a5
9506-UXUSK,0.6274,1,0.5,1.0.0,2026-07-29T15:06:59.847491+00:00,batch_20260729_150659_a047a5
1229-RCALF,0.1679,0,0.5,1.0.0,2026-07-29T15:06:59.847491+00:00,batch_20260729_150659_a047a5
3572-UOLYZ,0.2211,0,0.5,1.0.0,2026-07-29T15:06:59.847491+00:00,batch_20260729_150659_a047a5
1429-UYJSV,0.0604,0,0.5,1.0.0,2026-07-29T15:06:59.847491+00:00,batch_20260729_150659_a047a5
5577-OTWWW,0.1043,0,0.5,1.0.0,2026-07-29T15:06:59.847491+00:00,batch_20260729_150659_a047a5
6100-QQHEB,0.7062,1,0.5,1.0.0,2026-07-29T15:06:59.847491+00:00,batch_20260729_150659_a047a5
6366-XIVKZ,0.266,0,0.5,1.0.0,2026-07-29T15:06:59.847491+00:00,batch_20260729_150659_a047a5
3470-OBUET,0.0061,0,0.5,1.0.0,2026-07-29T15:06:59.847491+00:00,batch_20260729_150659_a047a5
2770-NSVDG,0.3242,0,0.5,1.0.0,2026-07-29T15:06:59.847491+00:00,batch_20260729_150659_a047a5
9375-MHRRS,0.2252,0,0.5,1.0.0,2026-07-29T15:06:59.847491+00:00,batch_20260729_150659_a047a5
2634-HCZGT,0.0425,0,0.5,1.0.0,2026-07-29T15:06:59.847491+00:00,batch_20260729_150659_a047a5
7503-QQRVF,0.4695,0,0.5,1.0.0,2026-07-29T15:06:59.847491+00:00,batch_20260729_150659_a047a5
4860-YZGZM,0.1767,0,0.5,1.0.0,2026-07-29T15:06:59.847491+00:00,batch_20260729_150659_a047a5
6599-GZWCM,0.3206,0,0.5,1.0.0,2026-07-29T15:06:59.847491+00:00,batch_20260729_150659_a047a5
2691-NZETQ,0.7543,1,0.5,1.0.0,2026-07-29T15:06:59.847491+00:00,batch_20260729_150659_a047a5
4404-HIBDJ,0.0513,0,0.5,1.0.0,2026-07-29T15:06:59.847491+00:00,batch_20260729_150659_a047a5
5533-NHFRF,0.5179,1,0.5,1.0.0,2026-07-29T15:06:59.847491+00:00,batch_20260729_150659_a047a5
7037-MTYVW,0.0409,0,0.5,1.0.0,2026-07-29T15:06:59.847491+00:00,batch_20260729_150659_a047a5
4760-THGOT,0.4203,0,0.5,1.0.0,2026-07-29T15:06:59.847491+00:00,batch_20260729_150659_a047a5
7295-JOMMD,0.5653,1,0.5,1.0.0,2026-07-29T15:06:59.847491+00:00,batch_20260729_150659_a047a5
4016-BJKTZ,0.2,0,0.5,1.0.0,2026-07-29T15:06:59.847491+00:00,batch_20260729_150659_a047a5
6584-VQMYT,0.0423,0,0.5,1.0.0,2026-07-29T15:06:59.847491+00:00,batch_20260729_150659_a047a5
9838-BFCQT,0.0023,0,0.5,1.0.0,2026-07-29T15:06:59.847491+00:00,batch_20260729_150659_a047a5
2790-XUYMV,0.0495,0,0.5,1.0.0,2026-07-29T15:06:59.847491+00:00,batch_20260729_150659_a047a5
0581-MDMPW,0.5658,1,0.5,1.0.0,2026-07-29T15:06:59.847491+00:00,batch_20260729_150659_a047a5
5013-SBUIH,0.1204,0,0.5,1.0.0,2026-07-29T15:06:59.847491+00:00,batch_20260729_150659_a047a5
1023-BQXZE,0.0298,0,0.5,1.0.0,2026-07-29T15:06:59.847491+00:00,batch_20260729_150659_a047a5
9163-GHAYE,0.2676,0,0.5,1.0.0,2026-07-29T15:06:59.847491+00:00,batch_20260729_150659_a047a5
3904-UKFRE,0.6719,1,0.5,1.0.0,2026-07-29T15:06:59.847491+00:00,batch_20260729_150659_a047a5
5353-WILCI,0.1387,0,0.5,1.0.0,2026-07-29T15:06:59.847491+00:00,batch_20260729_150659_a047a5
0709-TVGUR,0.706,1,0.5,1.0.0,2026-07-29T15:06:59.847491+00:00,batch_20260729_150659_a047a5
0058-EVZWM,0.2737,0,0.5,1.0.0,2026-07-29T15:06:59.847491+00:00,batch_20260729_150659_a047a5
6023-YEBUP,0.828,1,0.5,1.0.0,2026-07-29T15:06:59.847491+00:00,batch_20260729_150659_a047a5
7209-JCUDS,0.7592,1,0.5,1.0.0,2026-07-29T15:06:59.847491+00:00,batch_20260729_150659_a047a5
7009-PCARS,0.0064,0,0.5,1.0.0,2026-07-29T15:06:59.847491+00:00,batch_20260729_150659_a047a5
0519-DRGTI,0.0723,0,0.5,1.0.0,2026-07-29T15:06:59.847491+00:00,batch_20260729_150659_a047a5
1017-FBQMM,0.1253,0,0.5,1.0.0,2026-07-29T15:06:59.847491+00:00,batch_20260729_150659_a047a5
3001-CBHLQ,0.5952,1,0.5,1.0.0,2026-07-29T15:06:59.847491+00:00,batch_20260729_150659_a047a5
1985-MBRYP,0.0109,0,0.5,1.0.0,2026-07-29T15:06:59.847491+00:00,batch_20260729_150659_a047a5
6158-DWPZT,0.2248,0,0.5,1.0.0,2026-07-29T15:06:59.847491+00:00,batch_20260729_150659_a047a5
9372-TXXPS,0.0053,0,0.5,1.0.0,2026-07-29T15:06:59.847491+00:00,batch_20260729_150659_a047a5
3259-QMXUN,0.0506,0,0.5,1.0.0,2026-07-29T15:06:59.847491+00:00,batch_20260729_150659_a047a5
1015-JPFYW,0.0597,0,0.5,1.0.0,2026-07-29T15:06:59.847491+00:00,batch_20260729_150659_a047a5
6645-MXQJT,0.5965,1,0.5,1.0.0,2026-07-29T15:06:59.847491+00:00,batch_20260729_150659_a047a5
4360-QRAVE,0.1967,0,0.5,1.0.0,2026-07-29T15:06:59.847491+00:00,batch_20260729_150659_a047a5
8433-WPJTV,0.1287,0,0.5,1.0.0,2026-07-29T15:06:59.847491+00:00,batch_20260729_150659_a047a5
5804-JMYIO,0.0075,0,0.5,1.0.0,2026-07-29T15:06:59.847491+00:00,batch_20260729_150659_a047a5
3763-GCZHZ,0.185,0,0.5,1.0.0,2026-07-29T15:06:59.847491+00:00,batch_20260729_150659_a047a5
6484-LATFU,0.0033,0,0.5,1.0.0,2026-07-29T15:06:59.847491+00:00,batch_20260729_150659_a047a5
7599-NTMDP,0.0073,0,0.5,1.0.0,2026-07-29T15:06:59.847491+00:00,batch_20260729_150659_a047a5
0772-GYEQQ,0.5827,1,0.5,1.0.0,2026-07-29T15:06:59.847491+00:00,batch_20260729_150659_a047a5
0536-ACXIP,0.1116,0,0.5,1.0.0,2026-07-29T15:06:59.847491+00:00,batch_20260729_150659_a047a5
0936-NQLJU,0.0084,0,0.5,1.0.0,2026-07-29T15:06:59.847491+00:00,batch_20260729_150659_a047a5
4831-EOBFE,0.3044,0,0.5,1.0.0,2026-07-29T15:06:59.847491+00:00,batch_20260729_150659_a047a5
1575-KRZZE,0.2873,0,0.5,1.0.0,2026-07-29T15:06:59.847491+00:00,batch_20260729_150659_a047a5
3251-YMVWZ,0.0119,0,0.5,1.0.0,2026-07-29T15:06:59.847491+00:00,batch_20260729_150659_a047a5
4102-OQUPX,0.7628,1,0.5,1.0.0,2026-07-29T15:06:59.847491+00:00,batch_20260729_150659_a047a5
9170-GYZJC,0.0662,0,0.5,1.0.0,2026-07-29T15:06:59.847491+00:00,batch_20260729_150659_a047a5
4884-LEVMQ,0.0136,0,0.5,1.0.0,2026-07-29T15:06:59.847491+00:00,batch_20260729_150659_a047a5
8857-CUPFQ,0.0031,0,0.5,1.0.0,2026-07-29T15:06:59.847491+00:00,batch_20260729_150659_a047a5
7610-TVOPG,0.2457,0,0.5,1.0.0,2026-07-29T15:06:59.847491+00:00,batch_20260729_150659_a047a5
3638-DIMPH,0.1752,0,0.5,1.0.0,2026-07-29T15:06:59.847491+00:00,batch_20260729_150659_a047a5
1845-ZLLIG,0.4041,0,0.5,1.0.0,2026-07-29T15:06:59.847491+00:00,batch_20260729_150659_a047a5
8559-WNQZS,0.0528,0,0.5,1.0.0,2026-07-29T15:06:59.847491+00:00,batch_20260729_150659_a047a5
3999-QGRJH,0.6654,1,0.5,1.0.0,2026-07-29T15:06:59.847491+00:00,batch_20260729_150659_a047a5
1699-UOTXU,0.0122,0,0.5,1.0.0,2026-07-29T15:06:59.847491+00:00,batch_20260729_150659_a047a5
2454-RPBRZ,0.7145,1,0.5,1.0.0,2026-07-29T15:06:59.847491+00:00,batch_20260729_150659_a047a5
0635-WKOLD,0.0519,0,0.5,1.0.0,2026-07-29T15:06:59.847491+00:00,batch_20260729_150659_a047a5
5993-JSUWV,0.01,0,0.5,1.0.0,2026-07-29T15:06:59.847491+00:00,batch_20260729_150659_a047a5
4518-FZBSX,0.0126,0,0.5,1.0.0,2026-07-29T15:06:59.847491+00:00,batch_20260729_150659_a047a5
5387-ASZNZ,0.0158,0,0.5,1.0.0,2026-07-29T15:06:59.847491+00:00,batch_20260729_150659_a047a5
6988-CJEYV,0.4289,0,0.5,1.0.0,2026-07-29T15:06:59.847491+00:00,batch_20260729_150659_a047a5
2002-MZHWP,0.1896,0,0.5,1.0.0,2026-07-29T15:06:59.847491+00:00,batch_20260729_150659_a047a5
3097-FQTVJ,0.0086,0,0.5,1.0.0,2026-07-29T15:06:59.847491+00:00,batch_20260729_150659_a047a5
5465-BUBFA,0.0065,0,0.5,1.0.0,2026-07-29T15:06:59.847491+00:00,batch_20260729_150659_a047a5
7299-GNVPL,0.1626,0,0.5,1.0.0,2026-07-29T15:06:59.847491+00:00,batch_20260729_150659_a047a5
9743-DQKQW,0.5455,1,0.5,1.0.0,2026-07-29T15:06:59.847491+00:00,batch_20260729_150659_a047a5
1215-VFYVK,0.3289,0,0.5,1.0.0,2026-07-29T15:06:59.847491+00:00,batch_20260729_150659_a047a5
9371-BITHB,0.0042,0,0.5,1.0.0,2026-07-29T15:06:59.847491+00:00,batch_20260729_150659_a047a5
2265-CYWIV,0.7629,1,0.5,1.0.0,2026-07-29T15:06:59.847491+00:00,batch_20260729_150659_a047a5
9093-FPDLG,0.5751,1,0.5,1.0.0,2026-07-29T15:06:59.847491+00:00,batch_20260729_150659_a047a5
0541-FITGH,0.4102,0,0.5,1.0.0,2026-07-29T15:06:59.847491+00:00,batch_20260729_150659_a047a5
6985-HAYWX,0.3564,0,0.5,1.0.0,2026-07-29T15:06:59.847491+00:00,batch_20260729_150659_a047a5
7508-KBIMB,0.0773,0,0.5,1.0.0,2026-07-29T15:06:59.847491+00:00,batch_20260729_150659_a047a5
6838-HVLXG,0.1232,0,0.5,1.0.0,2026-07-29T15:06:59.847491+00:00,batch_20260729_150659_a047a5
2277-DJJDL,0.3918,0,0.5,1.0.0,2026-07-29T15:06:59.847491+00:00,batch_20260729_150659_a047a5
1897-OKVMW,0.0178,0,0.5,1.0.0,2026-07-29T15:06:59.847491+00:00,batch_20260729_150659_a047a5
5485-ITNPC,0.0148,0,0.5,1.0.0,2026-07-29T15:06:59.847491+00:00,batch_20260729_150659_a047a5
0233-FTHAV,0.1276,0,0.5,1.0.0,2026-07-29T15:06:59.847491+00:00,batch_20260729_150659_a047a5
4644-PIZRT,0.1499,0,0.5,1.0.0,2026-07-29T15:06:59.847491+00:00,batch_20260729_150659_a047a5
8922-NPKBJ,0.0066,0,0.5,1.0.0,2026-07-29T15:06:59.847491+00:00,batch_20260729_150659_a047a5
2740-TVLFN,0.5827,1,0.5,1.0.0,2026-07-29T15:06:59.847491+00:00,batch_20260729_150659_a047a5
7771-CFQRQ,0.0129,0,0.5,1.0.0,2026-07-29T15:06:59.847491+00:00,batch_20260729_150659_a047a5
9512-PHSMG,0.1896,0,0.5,1.0.0,2026-07-29T15:06:59.847491+00:00,batch_20260729_150659_a047a5
6963-EZQEE,0.0173,0,0.5,1.0.0,2026-07-29T15:06:59.847491+00:00,batch_20260729_150659_a047a5
2452-KDRRH,0.359,0,0.5,1.0.0,2026-07-29T15:06:59.847491+00:00,batch_20260729_150659_a047a5
2004-OCQXK,0.7646,1,0.5,1.0.0,2026-07-29T15:06:59.847491+00:00,batch_20260729_150659_a047a5
5027-QPKTE,0.6733,1,0.5,1.0.0,2026-07-29T15:06:59.847491+00:00,batch_20260729_150659_a047a5
4146-SVFUD,0.3479,0,0.5,1.0.0,2026-07-29T15:06:59.847491+00:00,batch_20260729_150659_a047a5
1564-HJUVY,0.32,0,0.5,1.0.0,2026-07-29T15:06:59.847491+00:00,batch_20260729_150659_a047a5
3617-XLSGQ,0.046,0,0.5,1.0.0,2026-07-29T15:06:59.847491+00:00,batch_20260729_150659_a047a5
7517-LDMPS,0.6595,1,0.5,1.0.0,2026-07-29T15:06:59.847491+00:00,batch_20260729_150659_a047a5
7244-KXYZN,0.034,0,0.5,1.0.0,2026-07-29T15:06:59.847491+00:00,batch_20260729_150659_a047a5
5226-NOZFC,0.5484,1,0.5,1.0.0,2026-07-29T15:06:59.847491+00:00,batch_20260729_150659_a047a5
2672-HUYVI,0.771,1,0.5,1.0.0,2026-07-29T15:06:59.847491+00:00,batch_20260729_150659_a047a5
1400-WIVLL,0.1098,0,0.5,1.0.0,2026-07-29T15:06:59.847491+00:00,batch_20260729_150659_a047a5
7508-MYBOG,0.7298,1,0.5,1.0.0,2026-07-29T15:06:59.847491+00:00,batch_20260729_150659_a047a5
8148-NLEGT,0.0118,0,0.5,1.0.0,2026-07-29T15:06:59.847491+00:00,batch_20260729_150659_a047a5
0148-DCDOS,0.6278,1,0.5,1.0.0,2026-07-29T15:06:59.847491+00:00,batch_20260729_150659_a047a5
8347-GDTMP,0.0028,0,0.5,1.0.0,2026-07-29T15:06:59.847491+00:00,batch_20260729_150659_a047a5
9992-RRAMN,0.6788,1,0.5,1.0.0,2026-07-29T15:06:59.847491+00:00,batch_20260729_150659_a047a5
6746-WAUWT,0.0609,0,0.5,1.0.0,2026-07-29T15:06:59.847491+00:00,batch_20260729_150659_a047a5
0310-MVLET,0.3832,0,0.5,1.0.0,2026-07-29T15:06:59.847491+00:00,batch_20260729_150659_a047a5
0428-IKYCP,0.5337,1,0.5,1.0.0,2026-07-29T15:06:59.847491+00:00,batch_20260729_150659_a047a5
4550-VBOFE,0.3909,0,0.5,1.0.0,2026-07-29T15:06:59.847491+00:00,batch_20260729_150659_a047a5
2187-PKZAY,0.6099,1,0.5,1.0.0,2026-07-29T15:06:59.847491+00:00,batch_20260729_150659_a047a5
4003-OCTMP,0.0911,0,0.5,1.0.0,2026-07-29T15:06:59.847491+00:00,batch_20260729_150659_a047a5
6652-YFFJO,0.5475,1,0.5,1.0.0,2026-07-29T15:06:59.847491+00:00,batch_20260729_150659_a047a5
7225-IILWY,0.0027,0,0.5,1.0.0,2026-07-29T15:06:59.847491+00:00,batch_20260729_150659_a047a5
5248-RPYWW,0.014,0,0.5,1.0.0,2026-07-29T15:06:59.847491+00:00,batch_20260729_150659_a047a5
7923-IYJWY,0.0627,0,0.5,1.0.0,2026-07-29T15:06:59.847491+00:00,batch_20260729_150659_a047a5
3170-GWYKC,0.2067,0,0.5,1.0.0,2026-07-29T15:06:59.847491+00:00,batch_20260729_150659_a047a5
5696-QURRL,0.4423,0,0.5,1.0.0,2026-07-29T15:06:59.847491+00:00,batch_20260729_150659_a047a5
7409-KIUTL,0.6686,1,0.5,1.0.0,2026-07-29T15:06:59.847491+00:00,batch_20260729_150659_a047a5
9830-ECLEN,0.0265,0,0.5,1.0.0,2026-07-29T15:06:59.847491+00:00,batch_20260729_150659_a047a5
1732-VHUBQ,0.1597,0,0.5,1.0.0,2026-07-29T15:06:59.847491+00:00,batch_20260729_150659_a047a5
0495-RVCBF,0.7621,1,0.5,1.0.0,2026-07-29T15:06:59.847491+00:00,batch_20260729_150659_a047a5
2668-TZSPS,0.1896,0,0.5,1.0.0,2026-07-29T15:06:59.847491+00:00,batch_20260729_150659_a047a5
7854-EDSSA,0.2028,0,0.5,1.0.0,2026-07-29T15:06:59.847491+00:00,batch_20260729_150659_a047a5
8869-TORSS,0.0276,0,0.5,1.0.0,2026-07-29T15:06:59.847491+00:00,batch_20260729_150659_a047a5
7446-SFAOA,0.0279,0,0.5,1.0.0,2026-07-29T15:06:59.847491+00:00,batch_20260729_150659_a047a5
9522-ZSINC,0.1127,0,0.5,1.0.0,2026-07-29T15:06:59.847491+00:00,batch_20260729_150659_a047a5
8234-GSZYK,0.0101,0,0.5,1.0.0,2026-07-29T15:06:59.847491+00:00,batch_20260729_150659_a047a5
6505-OZNPG,0.1456,0,0.5,1.0.0,2026-07-29T15:06:59.847491+00:00,batch_20260729_150659_a047a5
6164-HAQTX,0.0072,0,0.5,1.0.0,2026-07-29T15:06:59.847491+00:00,batch_20260729_150659_a047a5
0679-IDSTG,0.6688,1,0.5,1.0.0,2026-07-29T15:06:59.847491+00:00,batch_20260729_150659_a047a5
7765-LWVVH,0.0545,0,0.5,1.0.0,2026-07-29T15:06:59.847491+00:00,batch_20260729_150659_a047a5
1658-TJVOA,0.6009,1,0.5,1.0.0,2026-07-29T15:06:59.847491+00:00,batch_20260729_150659_a047a5
0953-LGOVU,0.2097,0,0.5,1.0.0,2026-07-29T15:06:59.847491+00:00,batch_20260729_150659_a047a5
2115-BFTIW,0.3488,0,0.5,1.0.0,2026-07-29T15:06:59.847491+00:00,batch_20260729_150659_a047a5
4692-NNQRU,0.2191,0,0.5,1.0.0,2026-07-29T15:06:59.847491+00:00,batch_20260729_150659_a047a5
7742-MYPGI,0.2547,0,0.5,1.0.0,2026-07-29T15:06:59.847491+00:00,batch_20260729_150659_a047a5
0611-DFXKO,0.617,1,0.5,1.0.0,2026-07-29T15:06:59.847491+00:00,batch_20260729_150659_a047a5
7780-OTDSO,0.6848,1,0.5,1.0.0,2026-07-29T15:06:59.847491+00:00,batch_20260729_150659_a047a5
9619-GSATL,0.0383,0,0.5,1.0.0,2026-07-29T15:06:59.847491+00:00,batch_20260729_150659_a047a5
5622-UEJFI,0.0168,0,0.5,1.0.0,2026-07-29T15:06:59.847491+00:00,batch_20260729_150659_a047a5
9747-DDZOS,0.5397,1,0.5,1.0.0,2026-07-29T15:06:59.847491+00:00,batch_20260729_150659_a047a5
0674-DGMAQ,0.5824,1,0.5,1.0.0,2026-07-29T15:06:59.847491+00:00,batch_20260729_150659_a047a5
6203-HBZPA,0.0204,0,0.5,1.0.0,2026-07-29T15:06:59.847491+00:00,batch_20260729_150659_a047a5
0484-FFVBJ,0.1489,0,0.5,1.0.0,2026-07-29T15:06:59.847491+00:00,batch_20260729_150659_a047a5
0301-FIDRB,0.0121,0,0.5,1.0.0,2026-07-29T15:06:59.847491+00:00,batch_20260729_150659_a047a5
4139-JPIAM,0.0896,0,0.5,1.0.0,2026-07-29T15:06:59.847491+00:00,batch_20260729_150659_a047a5
2181-TIDSV,0.0028,0,0.5,1.0.0,2026-07-29T15:06:59.847491+00:00,batch_20260729_150659_a047a5
2761-XECQW,0.533,1,0.5,1.0.0,2026-07-29T15:06:59.847491+00:00,batch_20260729_150659_a047a5
1936-CZAKF,0.0406,0,0.5,1.0.0,2026-07-29T15:06:59.847491+00:00,batch_20260729_150659_a047a5
9453-PATOS,0.0088,0,0.5,1.0.0,2026-07-29T15:06:59.847491+00:00,batch_20260729_150659_a047a5
0564-JJHGS,0.7974,1,0.5,1.0.0,2026-07-29T15:06:59.847491+00:00,batch_20260729_150659_a047a5
3348-CFRNX,0.4722,0,0.5,1.0.0,2026-07-29T15:06:59.847491+00:00,batch_20260729_150659_a047a5
4402-FTBXC,0.1718,0,0.5,1.0.0,2026-07-29T15:06:59.847491+00:00,batch_20260729_150659_a047a5
1428-GTBJJ,0.6074,1,0.5,1.0.0,2026-07-29T15:06:59.847491+00:00,batch_20260729_150659_a047a5
2931-XIQBR,0.1118,0,0.5,1.0.0,2026-07-29T15:06:59.847491+00:00,batch_20260729_150659_a047a5
0106-UGRDO,0.0895,0,0.5,1.0.0,2026-07-29T15:06:59.847491+00:00,batch_20260729_150659_a047a5
5542-TBBWB,0.7176,1,0.5,1.0.0,2026-07-29T15:06:59.847491+00:00,batch_20260729_150659_a047a5
1930-QPBVZ,0.0167,0,0.5,1.0.0,2026-07-29T15:06:59.847491+00:00,batch_20260729_150659_a047a5
2606-PKWJB,0.0256,0,0.5,1.0.0,2026-07-29T15:06:59.847491+00:00,batch_20260729_150659_a047a5
5322-ZSMZY,0.0141,0,0.5,1.0.0,2026-07-29T15:06:59.847491+00:00,batch_20260729_150659_a047a5
8059-UDZFY,0.4966,0,0.5,1.0.0,2026-07-29T15:06:59.847491+00:00,batch_20260729_150659_a047a5
7740-BTPUX,0.1575,0,0.5,1.0.0,2026-07-29T15:06:59.847491+00:00,batch_20260729_150659_a047a5
5220-AGAAX,0.0037,0,0.5,1.0.0,2026-07-29T15:06:59.847491+00:00,batch_20260729_150659_a047a5
0208-BPQEJ,0.0955,0,0.5,1.0.0,2026-07-29T15:06:59.847491+00:00,batch_20260729_150659_a047a5
9435-JMLSX,0.0128,0,0.5,1.0.0,2026-07-29T15:06:59.847491+00:00,batch_20260729_150659_a047a5
3352-ALMCK,0.5105,1,0.5,1.0.0,2026-07-29T15:06:59.847491+00:00,batch_20260729_150659_a047a5
5312-IRCFR,0.1644,0,0.5,1.0.0,2026-07-29T15:06:59.847491+00:00,batch_20260729_150659_a047a5
5294-IMHHT,0.099,0,0.5,1.0.0,2026-07-29T15:06:59.847491+00:00,batch_20260729_150659_a047a5
8802-UNOJF,0.4224,0,0.5,1.0.0,2026-07-29T15:06:59.847491+00:00,batch_20260729_150659_a047a5
6313-GIDIT,0.2598,0,0.5,1.0.0,2026-07-29T15:06:59.847491+00:00,batch_20260729_150659_a047a5
6176-YJWAS,0.0495,0,0.5,1.0.0,2026-07-29T15:06:59.847491+00:00,batch_20260729_150659_a047a5
5310-NOOVA,0.0095,0,0.5,1.0.0,2026-07-29T15:06:59.847491+00:00,batch_20260729_150659_a047a5
4526-EXKKN,0.0173,0,0.5,1.0.0,2026-07-29T15:06:59.847491+00:00,batch_20260729_150659_a047a5
5311-IHLEI,0.2997,0,0.5,1.0.0,2026-07-29T15:06:59.847491+00:00,batch_20260729_150659_a047a5
3987-KQDDU,0.4802,0,0.5,1.0.0,2026-07-29T15:06:59.847491+00:00,batch_20260729_150659_a047a5
3404-JNXAX,0.252,0,0.5,1.0.0,2026-07-29T15:06:59.847491+00:00,batch_20260729_150659_a047a5
5131-PONJI,0.259,0,0.5,1.0.0,2026-07-29T15:06:59.847491+00:00,batch_20260729_150659_a047a5
2845-AFFTX,0.6335,1,0.5,1.0.0,2026-07-29T15:06:59.847491+00:00,batch_20260729_150659_a047a5
3489-VSFRD,0.0202,0,0.5,1.0.0,2026-07-29T15:06:59.847491+00:00,batch_20260729_150659_a047a5
3345-JHUEO,0.2957,0,0.5,1.0.0,2026-07-29T15:06:59.847491+00:00,batch_20260729_150659_a047a5
5815-HGGHV,0.0977,0,0.5,1.0.0,2026-07-29T15:06:59.847491+00:00,batch_20260729_150659_a047a5
5260-UMPWX,0.0751,0,0.5,1.0.0,2026-07-29T15:06:59.847491+00:00,batch_20260729_150659_a047a5
2249-YPRNG,0.5941,1,0.5,1.0.0,2026-07-29T15:06:59.847491+00:00,batch_20260729_150659_a047a5
7410-YTJIK,0.5545,1,0.5,1.0.0,2026-07-29T15:06:59.847491+00:00,batch_20260729_150659_a047a5
4626-GYCZP,0.8049,1,0.5,1.0.0,2026-07-29T15:06:59.847491+00:00,batch_20260729_150659_a047a5
5649-RXQTV,0.4543,0,0.5,1.0.0,2026-07-29T15:06:59.847491+00:00,batch_20260729_150659_a047a5
2674-MIAHT,0.6388,1,0.5,1.0.0,2026-07-29T15:06:59.847491+00:00,batch_20260729_150659_a047a5
2576-HXMPA,0.18,0,0.5,1.0.0,2026-07-29T15:06:59.847491+00:00,batch_20260729_150659_a047a5
7587-AOVVU,0.2967,0,0.5,1.0.0,2026-07-29T15:06:59.847491+00:00,batch_20260729_150659_a047a5
5590-BYNII,0.657,1,0.5,1.0.0,2026-07-29T15:06:59.847491+00:00,batch_20260729_150659_a047a5
6898-MDLZW,0.226,0,0.5,1.0.0,2026-07-29T15:06:59.847491+00:00,batch_20260729_150659_a047a5
3237-AJGEH,0.4036,0,0.5,1.0.0,2026-07-29T15:06:59.847491+00:00,batch_20260729_150659_a047a5
4707-YNOQA,0.0331,0,0.5,1.0.0,2026-07-29T15:06:59.847491+00:00,batch_20260729_150659_a047a5
9357-UJRUN,0.1108,0,0.5,1.0.0,2026-07-29T15:06:59.847491+00:00,batch_20260729_150659_a047a5
1591-NFNLQ,0.2302,0,0.5,1.0.0,2026-07-29T15:06:59.847491+00:00,batch_20260729_150659_a047a5
8648-PFRMP,0.6455,1,0.5,1.0.0,2026-07-29T15:06:59.847491+00:00,batch_20260729_150659_a047a5
7663-CUXZB,0.0696,0,0.5,1.0.0,2026-07-29T15:06:59.847491+00:00,batch_20260729_150659_a047a5
0258-NOKBL,0.638,1,0.5,1.0.0,2026-07-29T15:06:59.847491+00:00,batch_20260729_150659_a047a5
1163-VIPRI,0.0576,0,0.5,1.0.0,2026-07-29T15:06:59.847491+00:00,batch_20260729_150659_a047a5
2815-CPTUL,0.6113,1,0.5,1.0.0,2026-07-29T15:06:59.847491+00:00,batch_20260729_150659_a047a5
9348-ROUAI,0.0127,0,0.5,1.0.0,2026-07-29T15:06:59.847491+00:00,batch_20260729_150659_a047a5
9443-JUBUO,0.0115,0,0.5,1.0.0,2026-07-29T15:06:59.847491+00:00,batch_20260729_150659_a047a5
0596-BQCEQ,0.3373,0,0.5,1.0.0,2026-07-29T15:06:59.847491+00:00,batch_20260729_150659_a047a5
1481-ZUWZA,0.4264,0,0.5,1.0.0,2026-07-29T15:06:59.847491+00:00,batch_20260729_150659_a047a5
3043-TYBNO,0.2954,0,0.5,1.0.0,2026-07-29T15:06:59.847491+00:00,batch_20260729_150659_a047a5
4830-FAXFM,0.1236,0,0.5,1.0.0,2026-07-29T15:06:59.847491+00:00,batch_20260729_150659_a047a5
5906-BFOZT,0.2563,0,0.5,1.0.0,2026-07-29T15:06:59.847491+00:00,batch_20260729_150659_a047a5
2960-NKRSO,0.4196,0,0.5,1.0.0,2026-07-29T15:06:59.847491+00:00,batch_20260729_150659_a047a5
8996-ZROXE,0.0372,0,0.5,1.0.0,2026-07-29T15:06:59.847491+00:00,batch_20260729_150659_a047a5
5598-IKHQQ,0.0027,0,0.5,1.0.0,2026-07-29T15:06:59.847491+00:00,batch_20260729_150659_a047a5
0397-ZXWQF,0.0025,0,0.5,1.0.0,2026-07-29T15:06:59.847491+00:00,batch_20260729_150659_a047a5
5266-PFRQK,0.0112,0,0.5,1.0.0,2026-07-29T15:06:59.847491+00:00,batch_20260729_150659_a047a5
4674-HGNUA,0.0092,0,0.5,1.0.0,2026-07-29T15:06:59.847491+00:00,batch_20260729_150659_a047a5
6765-MBQNU,0.0425,0,0.5,1.0.0,2026-07-29T15:06:59.847491+00:00,batch_20260729_150659_a047a5
9786-IJYDL,0.1256,0,0.5,1.0.0,2026-07-29T15:06:59.847491+00:00,batch_20260729_150659_a047a5
1303-SRDOK,0.047,0,0.5,1.0.0,2026-07-29T15:06:59.847491+00:00,batch_20260729_150659_a047a5
3769-MHZNV,0.01,0,0.5,1.0.0,2026-07-29T15:06:59.847491+00:00,batch_20260729_150659_a047a5
6295-OSINB,0.1053,0,0.5,1.0.0,2026-07-29T15:06:59.847491+00:00,batch_20260729_150659_a047a5
3308-MHOOC,0.2133,0,0.5,1.0.0,2026-07-29T15:06:59.847491+00:00,batch_20260729_150659_a047a5
2309-OSFEU,0.5385,1,0.5,1.0.0,2026-07-29T15:06:59.847491+00:00,batch_20260729_150659_a047a5
2207-QPJED,0.3286,0,0.5,1.0.0,2026-07-29T15:06:59.847491+00:00,batch_20260729_150659_a047a5
4177-JPDFU,0.2484,0,0.5,1.0.0,2026-07-29T15:06:59.847491+00:00,batch_20260729_150659_a047a5
2239-CFOUJ,0.0787,0,0.5,1.0.0,2026-07-29T15:06:59.847491+00:00,batch_20260729_150659_a047a5
8046-DNVTL,0.0094,0,0.5,1.0.0,2026-07-29T15:06:59.847491+00:00,batch_20260729_150659_a047a5
2209-XADXF,0.473,0,0.5,1.0.0,2026-07-29T15:06:59.847491+00:00,batch_20260729_150659_a047a5
6620-JDYNW,0.2777,0,0.5,1.0.0,2026-07-29T15:06:59.847491+00:00,batch_20260729_150659_a047a5
1891-FZYSA,0.3012,0,0.5,1.0.0,2026-07-29T15:06:59.847491+00:00,batch_20260729_150659_a047a5
4770-UEZOX,0.6769,1,0.5,1.0.0,2026-07-29T15:06:59.847491+00:00,batch_20260729_150659_a047a5
1038-RQOST,0.0755,0,0.5,1.0.0,2026-07-29T15:06:59.847491+00:00,batch_20260729_150659_a047a5
7613-LLQFO,0.7375,1,0.5,1.0.0,2026-07-29T15:06:59.847491+00:00,batch_20260729_150659_a047a5
4568-TTZRT,0.1389,0,0.5,1.0.0,2026-07-29T15:06:59.847491+00:00,batch_20260729_150659_a047a5
9513-DXHDA,0.1,0,0.5,1.0.0,2026-07-29T15:06:59.847491+00:00,batch_20260729_150659_a047a5
2640-PMGFL,0.4179,0,0.5,1.0.0,2026-07-29T15:06:59.847491+00:00,batch_20260729_150659_a047a5
3801-HMYNL,0.6024,1,0.5,1.0.0,2026-07-29T15:06:59.847491+00:00,batch_20260729_150659_a047a5
0516-QREYC,0.106,0,0.5,1.0.0,2026-07-29T15:06:59.847491+00:00,batch_20260729_150659_a047a5
9685-WKZGT,0.6724,1,0.5,1.0.0,2026-07-29T15:06:59.847491+00:00,batch_20260729_150659_a047a5
6022-UGGSO,0.4256,0,0.5,1.0.0,2026-07-29T15:06:59.847491+00:00,batch_20260729_150659_a047a5
8084-OIVBS,0.0628,0,0.5,1.0.0,2026-07-29T15:06:59.847491+00:00,batch_20260729_150659_a047a5
8896-BQTTI,0.3025,0,0.5,1.0.0,2026-07-29T15:06:59.847491+00:00,batch_20260729_150659_a047a5
3865-QBWSJ,0.2814,0,0.5,1.0.0,2026-07-29T15:06:59.847491+00:00,batch_20260729_150659_a047a5
3352-RICWQ,0.0299,0,0.5,1.0.0,2026-07-29T15:06:59.847491+00:00,batch_20260729_150659_a047a5
2160-GPFXD,0.0107,0,0.5,1.0.0,2026-07-29T15:06:59.847491+00:00,batch_20260729_150659_a047a5
2065-MMKGR,0.2049,0,0.5,1.0.0,2026-07-29T15:06:59.847491+00:00,batch_20260729_150659_a047a5
5857-TYBCJ,0.5272,1,0.5,1.0.0,2026-07-29T15:06:59.847491+00:00,batch_20260729_150659_a047a5
1498-NHTLT,0.0222,0,0.5,1.0.0,2026-07-29T15:06:59.847491+00:00,batch_20260729_150659_a047a5
4484-CGXFK,0.5674,1,0.5,1.0.0,2026-07-29T15:06:59.847491+00:00,batch_20260729_150659_a047a5
1402-PTHGN,0.0586,0,0.5,1.0.0,2026-07-29T15:06:59.847491+00:00,batch_20260729_150659_a047a5
4176-RELJR,0.0033,0,0.5,1.0.0,2026-07-29T15:06:59.847491+00:00,batch_20260729_150659_a047a5
6214-EDAKZ,0.1318,0,0.5,1.0.0,2026-07-29T15:06:59.847491+00:00,batch_20260729_150659_a047a5
5199-FPUSP,0.0358,0,0.5,1.0.0,2026-07-29T15:06:59.847491+00:00,batch_20260729_150659_a047a5
6377-KSLXC,0.1625,0,0.5,1.0.0,2026-07-29T15:06:59.847491+00:00,batch_20260729_150659_a047a5
1796-JANOW,0.182,0,0.5,1.0.0,2026-07-29T15:06:59.847491+00:00,batch_20260729_150659_a047a5
0238-WHBIQ,0.0085,0,0.5,1.0.0,2026-07-29T15:06:59.847491+00:00,batch_20260729_150659_a047a5
8735-NBLWT,0.1129,0,0.5,1.0.0,2026-07-29T15:06:59.847491+00:00,batch_20260729_150659_a047a5
6651-RLGGM,0.0028,0,0.5,1.0.0,2026-07-29T15:06:59.847491+00:00,batch_20260729_150659_a047a5
6127-ISGTU,0.7146,1,0.5,1.0.0,2026-07-29T15:06:59.847491+00:00,batch_20260729_150659_a047a5
1614-JBEBI,0.1997,0,0.5,1.0.0,2026-07-29T15:06:59.847491+00:00,batch_20260729_150659_a047a5
8740-XLHDR,0.3195,0,0.5,1.0.0,2026-07-29T15:06:59.847491+00:00,batch_20260729_150659_a047a5
1208-DNHLN,0.1228,0,0.5,1.0.0,2026-07-29T15:06:59.847491+00:00,batch_20260729_150659_a047a5
1761-AEZZR,0.7581,1,0.5,1.0.0,2026-07-29T15:06:59.847491+00:00,batch_20260729_150659_a047a5
3923-CSIHK,0.3169,0,0.5,1.0.0,2026-07-29T15:06:59.847491+00:00,batch_20260729_150659_a047a5
5696-EXCYS,0.0245,0,0.5,1.0.0,2026-07-29T15:06:59.847491+00:00,batch_20260729_150659_a047a5
5795-KTGUD,0.0843,0,0.5,1.0.0,2026-07-29T15:06:59.847491+00:00,batch_20260729_150659_a047a5
7120-RFMVS,0.7262,1,0.5,1.0.0,2026-07-29T15:06:59.847491+00:00,batch_20260729_150659_a047a5
7924-GJZFI,0.5299,1,0.5,1.0.0,2026-07-29T15:06:59.847491+00:00,batch_20260729_150659_a047a5
4702-HDRKD,0.0253,0,0.5,1.0.0,2026-07-29T15:06:59.847491+00:00,batch_20260729_150659_a047a5
8512-WIWYV,0.0238,0,0.5,1.0.0,2026-07-29T15:06:59.847491+00:00,batch_20260729_150659_a047a5
5897-ZYEKH,0.1958,0,0.5,1.0.0,2026-07-29T15:06:59.847491+00:00,batch_20260729_150659_a047a5
5456-ITGIC,0.015,0,0.5,1.0.0,2026-07-29T15:06:59.847491+00:00,batch_20260729_150659_a047a5
7317-GGVPB,0.0694,0,0.5,1.0.0,2026-07-29T15:06:59.847491+00:00,batch_20260729_150659_a047a5
1406-PUQVY,0.4281,0,0.5,1.0.0,2026-07-29T15:06:59.847491+00:00,batch_20260729_150659_a047a5
1322-AGOQM,0.0955,0,0.5,1.0.0,2026-07-29T15:06:59.847491+00:00,batch_20260729_150659_a047a5
3677-IYRBF,0.654,1,0.5,1.0.0,2026-07-29T15:06:59.847491+00:00,batch_20260729_150659_a047a5
5692-FPTAH,0.4428,0,0.5,1.0.0,2026-07-29T15:06:59.847491+00:00,batch_20260729_150659_a047a5
9114-AAFQH,0.0936,0,0.5,1.0.0,2026-07-29T15:06:59.847491+00:00,batch_20260729_150659_a047a5
8715-KKTFG,0.1777,0,0.5,1.0.0,2026-07-29T15:06:59.847491+00:00,batch_20260729_150659_a047a5
1550-LOAHA,0.3184,0,0.5,1.0.0,2026-07-29T15:06:59.847491+00:00,batch_20260729_150659_a047a5
1728-BQDMA,0.4175,0,0.5,1.0.0,2026-07-29T15:06:59.847491+00:00,batch_20260729_150659_a047a5
0268-QKIWO,0.2293,0,0.5,1.0.0,2026-07-29T15:06:59.847491+00:00,batch_20260729_150659_a047a5
0876-WDUUZ,0.559,1,0.5,1.0.0,2026-07-29T15:06:59.847491+00:00,batch_20260729_150659_a047a5
5117-ZSMHQ,0.0091,0,0.5,1.0.0,2026-07-29T15:06:59.847491+00:00,batch_20260729_150659_a047a5
5151-HQRDG,0.1515,0,0.5,1.0.0,2026-07-29T15:06:59.847491+00:00,batch_20260729_150659_a047a5
0960-HUWBM,0.0704,0,0.5,1.0.0,2026-07-29T15:06:59.847491+00:00,batch_20260729_150659_a047a5
6465-GSRCL,0.1124,0,0.5,1.0.0,2026-07-29T15:06:59.847491+00:00,batch_20260729_150659_a047a5
0617-FHSGK,0.1854,0,0.5,1.0.0,2026-07-29T15:06:59.847491+00:00,batch_20260729_150659_a047a5
0263-FJTQO,0.0184,0,0.5,1.0.0,2026-07-29T15:06:59.847491+00:00,batch_20260729_150659_a047a5
7319-ZNRTR,0.0369,0,0.5,1.0.0,2026-07-29T15:06:59.847491+00:00,batch_20260729_150659_a047a5
2858-MOFSQ,0.165,0,0.5,1.0.0,2026-07-29T15:06:59.847491+00:00,batch_20260729_150659_a047a5
7503-EPSZW,0.0047,0,0.5,1.0.0,2026-07-29T15:06:59.847491+00:00,batch_20260729_150659_a047a5
7089-XXAYG,0.2142,0,0.5,1.0.0,2026-07-29T15:06:59.847491+00:00,batch_20260729_150659_a047a5
8118-LSUEL,0.7097,1,0.5,1.0.0,2026-07-29T15:06:59.847491+00:00,batch_20260729_150659_a047a5
8070-AAWZP,0.1899,0,0.5,1.0.0,2026-07-29T15:06:59.847491+00:00,batch_20260729_150659_a047a5
1666-JXLKU,0.6541,1,0.5,1.0.0,2026-07-29T15:06:59.847491+00:00,batch_20260729_150659_a047a5
7855-DIWPO,0.5582,1,0.5,1.0.0,2026-07-29T15:06:59.847491+00:00,batch_20260729_150659_a047a5
5133-POWUA,0.4434,0,0.5,1.0.0,2026-07-29T15:06:59.847491+00:00,batch_20260729_150659_a047a5
5652-MSDEY,0.6294,1,0.5,1.0.0,2026-07-29T15:06:59.847491+00:00,batch_20260729_150659_a047a5
7005-CCBKV,0.7025,1,0.5,1.0.0,2026-07-29T15:06:59.847491+00:00,batch_20260729_150659_a047a5
1810-BOHSY,0.1536,0,0.5,1.0.0,2026-07-29T15:06:59.847491+00:00,batch_20260729_150659_a047a5
1784-BXEFA,0.1855,0,0.5,1.0.0,2026-07-29T15:06:59.847491+00:00,batch_20260729_150659_a047a5
7351-MHQVU,0.2692,0,0.5,1.0.0,2026-07-29T15:06:59.847491+00:00,batch_20260729_150659_a047a5
9224-VTYID,0.0295,0,0.5,1.0.0,2026-07-29T15:06:59.847491+00:00,batch_20260729_150659_a047a5
9500-IWPXQ,0.035,0,0.5,1.0.0,2026-07-29T15:06:59.847491+00:00,batch_20260729_150659_a047a5
5762-TJXGK,0.0422,0,0.5,1.0.0,2026-07-29T15:06:59.847491+00:00,batch_20260729_150659_a047a5
4504-YOULA,0.1137,0,0.5,1.0.0,2026-07-29T15:06:59.847491+00:00,batch_20260729_150659_a047a5
5569-IDSEY,0.1745,0,0.5,1.0.0,2026-07-29T15:06:59.847491+00:00,batch_20260729_150659_a047a5
4250-FDVOU,0.2759,0,0.5,1.0.0,2026-07-29T15:06:59.847491+00:00,batch_20260729_150659_a047a5
7284-ZZLOH,0.015,0,0.5,1.0.0,2026-07-29T15:06:59.847491+00:00,batch_20260729_150659_a047a5
5277-ZLOOR,0.7938,1,0.5,1.0.0,2026-07-29T15:06:59.847491+00:00,batch_20260729_150659_a047a5
2141-RRYGO,0.4741,0,0.5,1.0.0,2026-07-29T15:06:59.847491+00:00,batch_20260729_150659_a047a5
1777-JYQPJ,0.4702,0,0.5,1.0.0,2026-07-29T15:06:59.847491+00:00,batch_20260729_150659_a047a5
6376-GAHQE,0.6539,1,0.5,1.0.0,2026-07-29T15:06:59.847491+00:00,batch_20260729_150659_a047a5
3401-URHDA,0.0207,0,0.5,1.0.0,2026-07-29T15:06:59.847491+00:00,batch_20260729_150659_a047a5
1599-EAHXY,0.0069,0,0.5,1.0.0,2026-07-29T15:06:59.847491+00:00,batch_20260729_150659_a047a5
8631-XVRZL,0.0982,0,0.5,1.0.0,2026-07-29T15:06:59.847491+00:00,batch_20260729_150659_a047a5
5052-PNLOS,0.7364,1,0.5,1.0.0,2026-07-29T15:06:59.847491+00:00,batch_20260729_150659_a047a5
3853-LYGAM,0.5391,1,0.5,1.0.0,2026-07-29T15:06:59.847491+00:00,batch_20260729_150659_a047a5
6979-ZNSFF,0.7657,1,0.5,1.0.0,2026-07-29T15:06:59.847491+00:00,batch_20260729_150659_a047a5
5751-USDBL,0.0178,0,0.5,1.0.0,2026-07-29T15:06:59.847491+00:00,batch_20260729_150659_a047a5
5680-LQOGP,0.013,0,0.5,1.0.0,2026-07-29T15:06:59.847491+00:00,batch_20260729_150659_a047a5
2386-LAHRK,0.4926,0,0.5,1.0.0,2026-07-29T15:06:59.847491+00:00,batch_20260729_150659_a047a5
8189-DUKMV,0.0829,0,0.5,1.0.0,2026-07-29T15:06:59.847491+00:00,batch_20260729_150659_a047a5
6032-IGALN,0.581,1,0.5,1.0.0,2026-07-29T15:06:59.847491+00:00,batch_20260729_150659_a047a5
9931-DCEZH,0.0512,0,0.5,1.0.0,2026-07-29T15:06:59.847491+00:00,batch_20260729_150659_a047a5
1898-JSNDC,0.0785,0,0.5,1.0.0,2026-07-29T15:06:59.847491+00:00,batch_20260729_150659_a047a5
0315-LVCRK,0.6123,1,0.5,1.0.0,2026-07-29T15:06:59.847491+00:00,batch_20260729_150659_a047a5
3911-RSNHI,0.0209,0,0.5,1.0.0,2026-07-29T15:06:59.847491+00:00,batch_20260729_150659_a047a5
2410-CIYFZ,0.1497,0,0.5,1.0.0,2026-07-29T15:06:59.847491+00:00,batch_20260729_150659_a047a5
4248-HCETZ,0.379,0,0.5,1.0.0,2026-07-29T15:06:59.847491+00:00,batch_20260729_150659_a047a5
5505-OVWQW,0.0486,0,0.5,1.0.0,2026-07-29T15:06:59.847491+00:00,batch_20260729_150659_a047a5
7271-AJDTL,0.3175,0,0.5,1.0.0,2026-07-29T15:06:59.847491+00:00,batch_20260729_150659_a047a5
1867-TJHTS,0.1898,0,0.5,1.0.0,2026-07-29T15:06:59.847491+00:00,batch_20260729_150659_a047a5
0516-WJVXC,0.2318,0,0.5,1.0.0,2026-07-29T15:06:59.847491+00:00,batch_20260729_150659_a047a5
9174-FKWZE,0.3257,0,0.5,1.0.0,2026-07-29T15:06:59.847491+00:00,batch_20260729_150659_a047a5
6860-YRJZP,0.708,1,0.5,1.0.0,2026-07-29T15:06:59.847491+00:00,batch_20260729_150659_a047a5
4429-WYGFR,0.1106,0,0.5,1.0.0,2026-07-29T15:06:59.847491+00:00,batch_20260729_150659_a047a5
2817-LVCPP,0.0054,0,0.5,1.0.0,2026-07-29T15:06:59.847491+00:00,batch_20260729_150659_a047a5
5038-ETMLM,0.0537,0,0.5,1.0.0,2026-07-29T15:06:59.847491+00:00,batch_20260729_150659_a047a5
5056-FIMPT,0.1125,0,0.5,1.0.0,2026-07-29T15:06:59.847491+00:00,batch_20260729_150659_a047a5
4521-WFJAI,0.0083,0,0.5,1.0.0,2026-07-29T15:06:59.847491+00:00,batch_20260729_150659_a047a5
6569-KTMDU,0.1883,0,0.5,1.0.0,2026-07-29T15:06:59.847491+00:00,batch_20260729_150659_a047a5
8809-RIHDD,0.1042,0,0.5,1.0.0,2026-07-29T15:06:59.847491+00:00,batch_20260729_150659_a047a5
8809-XKHMD,0.0365,0,0.5,1.0.0,2026-07-29T15:06:59.847491+00:00,batch_20260729_150659_a047a5
0396-YCHWO,0.6493,1,0.5,1.0.0,2026-07-29T15:06:59.847491+00:00,batch_20260729_150659_a047a5
0867-LDTTC,0.32,0,0.5,1.0.0,2026-07-29T15:06:59.847491+00:00,batch_20260729_150659_a047a5
4822-NGOCH,0.6507,1,0.5,1.0.0,2026-07-29T15:06:59.847491+00:00,batch_20260729_150659_a047a5
9391-DXGGG,0.1362,0,0.5,1.0.0,2026-07-29T15:06:59.847491+00:00,batch_20260729_150659_a047a5
9844-FELAJ,0.1434,0,0.5,1.0.0,2026-07-29T15:06:59.847491+00:00,batch_20260729_150659_a047a5
2122-SZZZD,0.0133,0,0.5,1.0.0,2026-07-29T15:06:59.847491+00:00,batch_20260729_150659_a047a5
5307-DZCVC,0.5002,1,0.5,1.0.0,2026-07-29T15:06:59.847491+00:00,batch_20260729_150659_a047a5
3148-AOIQT,0.0045,0,0.5,1.0.0,2026-07-29T15:06:59.847491+00:00,batch_20260729_150659_a047a5
8679-JOEVF,0.2627,0,0.5,1.0.0,2026-07-29T15:06:59.847491+00:00,batch_20260729_150659_a047a5
8395-ETZKQ,0.0035,0,0.5,1.0.0,2026-07-29T15:06:59.847491+00:00,batch_20260729_150659_a047a5
6692-YQHXC,0.5086,1,0.5,1.0.0,2026-07-29T15:06:59.847491+00:00,batch_20260729_150659_a047a5
3889-VWBID,0.0075,0,0.5,1.0.0,2026-07-29T15:06:59.847491+00:00,batch_20260729_150659_a047a5
5222-JCXZT,0.1678,0,0.5,1.0.0,2026-07-29T15:06:59.847491+00:00,batch_20260729_150659_a047a5
9754-CLVZW,0.0893,0,0.5,1.0.0,2026-07-29T15:06:59.847491+00:00,batch_20260729_150659_a047a5
1432-FPAXX,0.3259,0,0.5,1.0.0,2026-07-29T15:06:59.847491+00:00,batch_20260729_150659_a047a5
2739-CCZMB,0.1268,0,0.5,1.0.0,2026-07-29T15:06:59.847491+00:00,batch_20260729_150659_a047a5
7080-TNUWP,0.1257,0,0.5,1.0.0,2026-07-29T15:06:59.847491+00:00,batch_20260729_150659_a047a5
0496-AHOOK,0.0724,0,0.5,1.0.0,2026-07-29T15:06:59.847491+00:00,batch_20260729_150659_a047a5
8336-TAVKX,0.0076,0,0.5,1.0.0,2026-07-29T15:06:59.847491+00:00,batch_20260729_150659_a047a5
2468-SJFLM,0.5449,1,0.5,1.0.0,2026-07-29T15:06:59.847491+00:00,batch_20260729_150659_a047a5
3181-VTHOE,0.0295,0,0.5,1.0.0,2026-07-29T15:06:59.847491+00:00,batch_20260729_150659_a047a5
7168-HDQHG,0.0337,0,0.5,1.0.0,2026-07-29T15:06:59.847491+00:00,batch_20260729_150659_a047a5
4803-AXVYP,0.5363,1,0.5,1.0.0,2026-07-29T15:06:59.847491+00:00,batch_20260729_150659_a047a5
3884-HCSWG,0.5903,1,0.5,1.0.0,2026-07-29T15:06:59.847491+00:00,batch_20260729_150659_a047a5
4567-AKPIA,0.2009,0,0.5,1.0.0,2026-07-29T15:06:59.847491+00:00,batch_20260729_150659_a047a5
5077-DXTCG,0.5269,1,0.5,1.0.0,2026-07-29T15:06:59.847491+00:00,batch_20260729_150659_a047a5
1142-WACZW,0.3633,0,0.5,1.0.0,2026-07-29T15:06:59.847491+00:00,batch_20260729_150659_a047a5
7901-HXJVA,0.5339,1,0.5,1.0.0,2026-07-29T15:06:59.847491+00:00,batch_20260729_150659_a047a5
5649-ANRML,0.5453,1,0.5,1.0.0,2026-07-29T15:06:59.847491+00:00,batch_20260729_150659_a047a5
4892-VLANZ,0.1889,0,0.5,1.0.0,2026-07-29T15:06:59.847491+00:00,batch_20260729_150659_a047a5
5924-IFQTT,0.3393,0,0.5,1.0.0,2026-07-29T15:06:59.847491+00:00,batch_20260729_150659_a047a5
7968-QUXNS,0.1549,0,0.5,1.0.0,2026-07-29T15:06:59.847491+00:00,batch_20260729_150659_a047a5
2919-HBCJO,0.5774,1,0.5,1.0.0,2026-07-29T15:06:59.847491+00:00,batch_20260729_150659_a047a5
4236-XPXAV,0.5305,1,0.5,1.0.0,2026-07-29T15:06:59.847491+00:00,batch_20260729_150659_a047a5
8903-WMRNW,0.5782,1,0.5,1.0.0,2026-07-29T15:06:59.847491+00:00,batch_20260729_150659_a047a5
2452-SNHFZ,0.1484,0,0.5,1.0.0,2026-07-29T15:06:59.847491+00:00,batch_20260729_150659_a047a5
3629-WEAAM,0.2584,0,0.5,1.0.0,2026-07-29T15:06:59.847491+00:00,batch_20260729_150659_a047a5
6029-CSMJE,0.4037,0,0.5,1.0.0,2026-07-29T15:06:59.847491+00:00,batch_20260729_150659_a047a5
7993-NQLJE,0.3018,0,0.5,1.0.0,2026-07-29T15:06:59.847491+00:00,batch_20260729_150659_a047a5
9909-DFRJA,0.1876,0,0.5,1.0.0,2026-07-29T15:06:59.847491+00:00,batch_20260729_150659_a047a5
9099-FTUHS,0.2209,0,0.5,1.0.0,2026-07-29T15:06:59.847491+00:00,batch_20260729_150659_a047a5
0581-BXBUB,0.5676,1,0.5,1.0.0,2026-07-29T15:06:59.847491+00:00,batch_20260729_150659_a047a5
4962-CHQPW,0.0222,0,0.5,1.0.0,2026-07-29T15:06:59.847491+00:00,batch_20260729_150659_a047a5
9467-ROOLM,0.0702,0,0.5,1.0.0,2026-07-29T15:06:59.847491+00:00,batch_20260729_150659_a047a5
3030-YZADT,0.2799,0,0.5,1.0.0,2026-07-29T15:06:59.847491+00:00,batch_20260729_150659_a047a5
7410-KTVFV,0.2912,0,0.5,1.0.0,2026-07-29T15:06:59.847491+00:00,batch_20260729_150659_a047a5
5150-ITWWB,0.826,1,0.5,1.0.0,2026-07-29T15:06:59.847491+00:00,batch_20260729_150659_a047a5
2253-KPMNB,0.0044,0,0.5,1.0.0,2026-07-29T15:06:59.847491+00:00,batch_20260729_150659_a047a5
1345-ZUKID,0.0555,0,0.5,1.0.0,2026-07-29T15:06:59.847491+00:00,batch_20260729_150659_a047a5
6429-SHBCB,0.3617,0,0.5,1.0.0,2026-07-29T15:06:59.847491+00:00,batch_20260729_150659_a047a5
9281-OFDMF,0.42,0,0.5,1.0.0,2026-07-29T15:06:59.847491+00:00,batch_20260729_150659_a047a5
2603-HVKCG,0.6018,1,0.5,1.0.0,2026-07-29T15:06:59.847491+00:00,batch_20260729_150659_a047a5
1834-WULEG,0.0283,0,0.5,1.0.0,2026-07-29T15:06:59.847491+00:00,batch_20260729_150659_a047a5
9097-ZUBYC,0.1687,0,0.5,1.0.0,2026-07-29T15:06:59.847491+00:00,batch_20260729_150659_a047a5
5148-ORICT,0.0114,0,0.5,1.0.0,2026-07-29T15:06:59.847491+00:00,batch_20260729_150659_a047a5
4893-GYUJU,0.0161,0,0.5,1.0.0,2026-07-29T15:06:59.847491+00:00,batch_20260729_150659_a047a5
4578-PHJYZ,0.0445,0,0.5,1.0.0,2026-07-29T15:06:59.847491+00:00,batch_20260729_150659_a047a5
7272-QDCKA,0.3767,0,0.5,1.0.0,2026-07-29T15:06:59.847491+00:00,batch_20260729_150659_a047a5
8908-SLFCJ,0.0301,0,0.5,1.0.0,2026-07-29T15:06:59.847491+00:00,batch_20260729_150659_a047a5
8393-DLHGA,0.5767,1,0.5,1.0.0,2026-07-29T15:06:59.847491+00:00,batch_20260729_150659_a047a5
9766-HGEDE,0.0484,0,0.5,1.0.0,2026-07-29T15:06:59.847491+00:00,batch_20260729_150659_a047a5
6968-MHOMU,0.0869,0,0.5,1.0.0,2026-07-29T15:06:59.847491+00:00,batch_20260729_150659_a047a5
7395-IGJOS,0.4715,0,0.5,1.0.0,2026-07-29T15:06:59.847491+00:00,batch_20260729_150659_a047a5
5044-XDPYX,0.0073,0,0.5,1.0.0,2026-07-29T15:06:59.847491+00:00,batch_20260729_150659_a047a5
1814-WFGVS,0.0061,0,0.5,1.0.0,2026-07-29T15:06:59.847491+00:00,batch_20260729_150659_a047a5
2834-SPCJV,0.2302,0,0.5,1.0.0,2026-07-29T15:06:59.847491+00:00,batch_20260729_150659_a047a5
3721-WKIIL,0.0241,0,0.5,1.0.0,2026-07-29T15:06:59.847491+00:00,batch_20260729_150659_a047a5
6734-CKRSM,0.1754,0,0.5,1.0.0,2026-07-29T15:06:59.847491+00:00,batch_20260729_150659_a047a5
1265-ZFOSD,0.0157,0,0.5,1.0.0,2026-07-29T15:06:59.847491+00:00,batch_20260729_150659_a047a5
6568-POCUI,0.1068,0,0.5,1.0.0,2026-07-29T15:06:59.847491+00:00,batch_20260729_150659_a047a5
7890-VYYWG,0.6155,1,0.5,1.0.0,2026-07-29T15:06:59.847491+00:00,batch_20260729_150659_a047a5
5197-LQXXH,0.0212,0,0.5,1.0.0,2026-07-29T15:06:59.847491+00:00,batch_20260729_150659_a047a5
9907-SWKKF,0.4833,0,0.5,1.0.0,2026-07-29T15:06:59.847491+00:00,batch_20260729_150659_a047a5
3457-PQBYH,0.003,0,0.5,1.0.0,2026-07-29T15:06:59.847491+00:00,batch_20260729_150659_a047a5
7682-AZNDK,0.4457,0,0.5,1.0.0,2026-07-29T15:06:59.847491+00:00,batch_20260729_150659_a047a5
0587-DMGBH,0.3706,0,0.5,1.0.0,2026-07-29T15:06:59.847491+00:00,batch_20260729_150659_a047a5
5384-ZTTWP,0.088,0,0.5,1.0.0,2026-07-29T15:06:59.847491+00:00,batch_20260729_150659_a047a5
3745-HRPHI,0.0145,0,0.5,1.0.0,2026-07-29T15:06:59.847491+00:00,batch_20260729_150659_a047a5
7636-OWBPG,0.408,0,0.5,1.0.0,2026-07-29T15:06:59.847491+00:00,batch_20260729_150659_a047a5
1231-YNDEK,0.0054,0,0.5,1.0.0,2026-07-29T15:06:59.847491+00:00,batch_20260729_150659_a047a5
1407-DIGZV,0.0386,0,0.5,1.0.0,2026-07-29T15:06:59.847491+00:00,batch_20260729_150659_a047a5
6397-JNZZG,0.1938,0,0.5,1.0.0,2026-07-29T15:06:59.847491+00:00,batch_20260729_150659_a047a5
0570-BFQHT,0.53,1,0.5,1.0.0,2026-07-29T15:06:59.847491+00:00,batch_20260729_150659_a047a5
4393-OBCRR,0.089,0,0.5,1.0.0,2026-07-29T15:06:59.847491+00:00,batch_20260729_150659_a047a5
3523-QRQLL,0.1496,0,0.5,1.0.0,2026-07-29T15:06:59.847491+00:00,batch_20260729_150659_a047a5
8564-LDKFL,0.3246,0,0.5,1.0.0,2026-07-29T15:06:59.847491+00:00,batch_20260729_150659_a047a5
3696-DFHHB,0.0033,0,0.5,1.0.0,2026-07-29T15:06:59.847491+00:00,batch_20260729_150659_a047a5
0895-DQHEW,0.4897,0,0.5,1.0.0,2026-07-29T15:06:59.847491+00:00,batch_20260729_150659_a047a5
4717-GHADL,0.0411,0,0.5,1.0.0,2026-07-29T15:06:59.847491+00:00,batch_20260729_150659_a047a5
5501-TVMGM,0.5843,1,0.5,1.0.0,2026-07-29T15:06:59.847491+00:00,batch_20260729_150659_a047a5
5879-HMFFH,0.0113,0,0.5,1.0.0,2026-07-29T15:06:59.847491+00:00,batch_20260729_150659_a047a5
6772-WFQRD,0.0195,0,0.5,1.0.0,2026-07-29T15:06:59.847491+00:00,batch_20260729_150659_a047a5
3810-DVDQQ,0.0451,0,0.5,1.0.0,2026-07-29T15:06:59.847491+00:00,batch_20260729_150659_a047a5
6972-SNKKW,0.1557,0,0.5,1.0.0,2026-07-29T15:06:59.847491+00:00,batch_20260729_150659_a047a5
3694-GLTJM,0.2126,0,0.5,1.0.0,2026-07-29T15:06:59.847491+00:00,batch_20260729_150659_a047a5
8550-XSXUQ,0.0858,0,0.5,1.0.0,2026-07-29T15:06:59.847491+00:00,batch_20260729_150659_a047a5
8149-RSOUN,0.8317,1,0.5,1.0.0,2026-07-29T15:06:59.847491+00:00,batch_20260729_150659_a047a5
9055-MOJJJ,0.0114,0,0.5,1.0.0,2026-07-29T15:06:59.847491+00:00,batch_20260729_150659_a047a5
4359-INNWN,0.0458,0,0.5,1.0.0,2026-07-29T15:06:59.847491+00:00,batch_20260729_150659_a047a5
0585-EGDDA,0.3828,0,0.5,1.0.0,2026-07-29T15:06:59.847491+00:00,batch_20260729_150659_a047a5
4032-RMHCI,0.0395,0,0.5,1.0.0,2026-07-29T15:06:59.847491+00:00,batch_20260729_150659_a047a5
0549-CYCQN,0.1406,0,0.5,1.0.0,2026-07-29T15:06:59.847491+00:00,batch_20260729_150659_a047a5
3481-JHUZH,0.4386,0,0.5,1.0.0,2026-07-29T15:06:59.847491+00:00,batch_20260729_150659_a047a5
7250-EQKIY,0.3017,0,0.5,1.0.0,2026-07-29T15:06:59.847491+00:00,batch_20260729_150659_a047a5
3594-IVHJZ,0.2487,0,0.5,1.0.0,2026-07-29T15:06:59.847491+00:00,batch_20260729_150659_a047a5
6869-FGJJC,0.0493,0,0.5,1.0.0,2026-07-29T15:06:59.847491+00:00,batch_20260729_150659_a047a5
3896-ZVNET,0.0191,0,0.5,1.0.0,2026-07-29T15:06:59.847491+00:00,batch_20260729_150659_a047a5
8205-VSLRB,0.0095,0,0.5,1.0.0,2026-07-29T15:06:59.847491+00:00,batch_20260729_150659_a047a5
5960-MVTUK,0.5414,1,0.5,1.0.0,2026-07-29T15:06:59.847491+00:00,batch_20260729_150659_a047a5
6817-WTYHE,0.3308,0,0.5,1.0.0,2026-07-29T15:06:59.847491+00:00,batch_20260729_150659_a047a5
3082-VQXNH,0.4114,0,0.5,1.0.0,2026-07-29T15:06:59.847491+00:00,batch_20260729_150659_a047a5
4013-UBXWQ,0.5405,1,0.5,1.0.0,2026-07-29T15:06:59.847491+00:00,batch_20260729_150659_a047a5
4931-TRZWN,0.4496,0,0.5,1.0.0,2026-07-29T15:06:59.847491+00:00,batch_20260729_150659_a047a5
0750-EKNGL,0.1507,0,0.5,1.0.0,2026-07-29T15:06:59.847491+00:00,batch_20260729_150659_a047a5
7669-LCRSD,0.3392,0,0.5,1.0.0,2026-07-29T15:06:59.847491+00:00,batch_20260729_150659_a047a5
3567-PQTSO,0.2821,0,0.5,1.0.0,2026-07-29T15:06:59.847491+00:00,batch_20260729_150659_a047a5
5519-NPHVG,0.7789,1,0.5,1.0.0,2026-07-29T15:06:59.847491+00:00,batch_20260729_150659_a047a5
8043-PNYSD,0.0025,0,0.5,1.0.0,2026-07-29T15:06:59.847491+00:00,batch_20260729_150659_a047a5
9938-EKRGF,0.1783,0,0.5,1.0.0,2026-07-29T15:06:59.847491+00:00,batch_20260729_150659_a047a5
2703-AMTUL,0.0294,0,0.5,1.0.0,2026-07-29T15:06:59.847491+00:00,batch_20260729_150659_a047a5
0928-JMXNP,0.6347,1,0.5,1.0.0,2026-07-29T15:06:59.847491+00:00,batch_20260729_150659_a047a5
8173-RXAYP,0.0149,0,0.5,1.0.0,2026-07-29T15:06:59.847491+00:00,batch_20260729_150659_a047a5
4825-XJGDM,0.0138,0,0.5,1.0.0,2026-07-29T15:06:59.847491+00:00,batch_20260729_150659_a047a5
5402-HTOTQ,0.3119,0,0.5,1.0.0,2026-07-29T15:06:59.847491+00:00,batch_20260729_150659_a047a5
6734-JDTTV,0.0031,0,0.5,1.0.0,2026-07-29T15:06:59.847491+00:00,batch_20260729_150659_a047a5
7850-THJMU,0.0129,0,0.5,1.0.0,2026-07-29T15:06:59.847491+00:00,batch_20260729_150659_a047a5
3890-RTCMS,0.2248,0,0.5,1.0.0,2026-07-29T15:06:59.847491+00:00,batch_20260729_150659_a047a5
8849-GYOKR,0.1382,0,0.5,1.0.0,2026-07-29T15:06:59.847491+00:00,batch_20260729_150659_a047a5
3148-BLQJT,0.1892,0,0.5,1.0.0,2026-07-29T15:06:59.847491+00:00,batch_20260729_150659_a047a5
3717-FDJFU,0.0353,0,0.5,1.0.0,2026-07-29T15:06:59.847491+00:00,batch_20260729_150659_a047a5
3665-JATSN,0.4938,0,0.5,1.0.0,2026-07-29T15:06:59.847491+00:00,batch_20260729_150659_a047a5
7966-YOTQW,0.3194,0,0.5,1.0.0,2026-07-29T15:06:59.847491+00:00,batch_20260729_150659_a047a5
0461-CVKMU,0.2782,0,0.5,1.0.0,2026-07-29T15:06:59.847491+00:00,batch_20260729_150659_a047a5
8806-EAGWC,0.3797,0,0.5,1.0.0,2026-07-29T15:06:59.847491+00:00,batch_20260729_150659_a047a5
8853-TZDGH,0.0724,0,0.5,1.0.0,2026-07-29T15:06:59.847491+00:00,batch_20260729_150659_a047a5
7779-LGOVN,0.7567,1,0.5,1.0.0,2026-07-29T15:06:59.847491+00:00,batch_20260729_150659_a047a5
4324-BZCKL,0.2796,0,0.5,1.0.0,2026-07-29T15:06:59.847491+00:00,batch_20260729_150659_a047a5
6924-TDGMT,0.0911,0,0.5,1.0.0,2026-07-29T15:06:59.847491+00:00,batch_20260729_150659_a047a5
9710-ZUSHQ,0.4516,0,0.5,1.0.0,2026-07-29T15:06:59.847491+00:00,batch_20260729_150659_a047a5
1536-YHDOE,0.0882,0,0.5,1.0.0,2026-07-29T15:06:59.847491+00:00,batch_20260729_150659_a047a5
8123-QBNAZ,0.4214,0,0.5,1.0.0,2026-07-29T15:06:59.847491+00:00,batch_20260729_150659_a047a5
3629-ZNKXA,0.6916,1,0.5,1.0.0,2026-07-29T15:06:59.847491+00:00,batch_20260729_150659_a047a5
4827-LTQRJ,0.0844,0,0.5,1.0.0,2026-07-29T15:06:59.847491+00:00,batch_20260729_150659_a047a5
7711-YIJWC,0.018,0,0.5,1.0.0,2026-07-29T15:06:59.847491+00:00,batch_20260729_150659_a047a5
5482-VXSXJ,0.569,1,0.5,1.0.0,2026-07-29T15:06:59.847491+00:00,batch_20260729_150659_a047a5
7365-BVCJH,0.6594,1,0.5,1.0.0,2026-07-29T15:06:59.847491+00:00,batch_20260729_150659_a047a5
9620-ENEJV,0.4941,0,0.5,1.0.0,2026-07-29T15:06:59.847491+00:00,batch_20260729_150659_a047a5
4183-WCSEP,0.3477,0,0.5,1.0.0,2026-07-29T15:06:59.847491+00:00,batch_20260729_150659_a047a5
2378-YIZKA,0.0104,0,0.5,1.0.0,2026-07-29T15:06:59.847491+00:00,batch_20260729_150659_a047a5
5498-TXHLF,0.4274,0,0.5,1.0.0,2026-07-29T15:06:59.847491+00:00,batch_20260729_150659_a047a5
0689-DSXGL,0.0984,0,0.5,1.0.0,2026-07-29T15:06:59.847491+00:00,batch_20260729_150659_a047a5
6818-DJXAA,0.5637,1,0.5,1.0.0,2026-07-29T15:06:59.847491+00:00,batch_20260729_150659_a047a5
9722-UJOJR,0.4314,0,0.5,1.0.0,2026-07-29T15:06:59.847491+00:00,batch_20260729_150659_a047a5
0464-WJTKO,0.0016,0,0.5,1.0.0,2026-07-29T15:06:59.847491+00:00,batch_20260729_150659_a047a5
8902-ZEOVF,0.01,0,0.5,1.0.0,2026-07-29T15:06:59.847491+00:00,batch_20260729_150659_a047a5
6778-EICRF,0.111,0,0.5,1.0.0,2026-07-29T15:06:59.847491+00:00,batch_20260729_150659_a047a5
2662-NNTDK,0.0069,0,0.5,1.0.0,2026-07-29T15:06:59.847491+00:00,batch_20260729_150659_a047a5
4132-KALRO,0.6852,1,0.5,1.0.0,2026-07-29T15:06:59.847491+00:00,batch_20260729_150659_a047a5
3902-FOIGH,0.7624,1,0.5,1.0.0,2026-07-29T15:06:59.847491+00:00,batch_20260729_150659_a047a5
6772-KSATR,0.6944,1,0.5,1.0.0,2026-07-29T15:06:59.847491+00:00,batch_20260729_150659_a047a5
7112-OPOTK,0.3504,0,0.5,1.0.0,2026-07-29T15:06:59.847491+00:00,batch_20260729_150659_a047a5
2874-YXVVA,0.4886,0,0.5,1.0.0,2026-07-29T15:06:59.847491+00:00,batch_20260729_150659_a047a5
1245-HARPS,0.03,0,0.5,1.0.0,2026-07-29T15:06:59.847491+00:00,batch_20260729_150659_a047a5
4210-QFJMF,0.7432,1,0.5,1.0.0,2026-07-29T15:06:59.847491+00:00,batch_20260729_150659_a047a5
4323-ELYYB,0.0461,0,0.5,1.0.0,2026-07-29T15:06:59.847491+00:00,batch_20260729_150659_a047a5
4293-ETKAP,0.019,0,0.5,1.0.0,2026-07-29T15:06:59.847491+00:00,batch_20260729_150659_a047a5
6064-PUPMC,0.0376,0,0.5,1.0.0,2026-07-29T15:06:59.847491+00:00,batch_20260729_150659_a047a5
6504-VBLFL,0.0137,0,0.5,1.0.0,2026-07-29T15:06:59.847491+00:00,batch_20260729_150659_a047a5
6322-PJJDJ,0.1698,0,0.5,1.0.0,2026-07-29T15:06:59.847491+00:00,batch_20260729_150659_a047a5
0330-BGYZE,0.1532,0,0.5,1.0.0,2026-07-29T15:06:59.847491+00:00,batch_20260729_150659_a047a5
1085-LDWAM,0.0051,0,0.5,1.0.0,2026-07-29T15:06:59.847491+00:00,batch_20260729_150659_a047a5
7586-ZATGZ,0.5354,1,0.5,1.0.0,2026-07-29T15:06:59.847491+00:00,batch_20260729_150659_a047a5
7197-VOJMM,0.009,0,0.5,1.0.0,2026-07-29T15:06:59.847491+00:00,batch_20260729_150659_a047a5
3318-OSATS,0.6582,1,0.5,1.0.0,2026-07-29T15:06:59.847491+00:00,batch_20260729_150659_a047a5
5828-AVIPD,0.4223,0,0.5,1.0.0,2026-07-29T15:06:59.847491+00:00,batch_20260729_150659_a047a5
1843-TLSGD,0.025,0,0.5,1.0.0,2026-07-29T15:06:59.847491+00:00,batch_20260729_150659_a047a5
9626-VFRGG,0.3474,0,0.5,1.0.0,2026-07-29T15:06:59.847491+00:00,batch_20260729_150659_a047a5
7075-BNDVQ,0.3688,0,0.5,1.0.0,2026-07-29T15:06:59.847491+00:00,batch_20260729_150659_a047a5
9143-CANJF,0.104,0,0.5,1.0.0,2026-07-29T15:06:59.847491+00:00,batch_20260729_150659_a047a5
7284-BUYEC,0.5987,1,0.5,1.0.0,2026-07-29T15:06:59.847491+00:00,batch_20260729_150659_a047a5
2041-JIJCI,0.567,1,0.5,1.0.0,2026-07-29T15:06:59.847491+00:00,batch_20260729_150659_a047a5
1086-LXKFY,0.5899,1,0.5,1.0.0,2026-07-29T15:06:59.847491+00:00,batch_20260729_150659_a047a5
4900-MSOMT,0.006,0,0.5,1.0.0,2026-07-29T15:06:59.847491+00:00,batch_20260729_150659_a047a5
2229-VWQJH,0.2343,0,0.5,1.0.0,2026-07-29T15:06:59.847491+00:00,batch_20260729_150659_a047a5
9194-GFVOI,0.0301,0,0.5,1.0.0,2026-07-29T15:06:59.847491+00:00,batch_20260729_150659_a047a5
1336-EZFZY,0.1688,0,0.5,1.0.0,2026-07-29T15:06:59.847491+00:00,batch_20260729_150659_a047a5
4282-MSACW,0.114,0,0.5,1.0.0,2026-07-29T15:06:59.847491+00:00,batch_20260729_150659_a047a5
1403-LKLIK,0.0186,0,0.5,1.0.0,2026-07-29T15:06:59.847491+00:00,batch_20260729_150659_a047a5
2636-ALXXZ,0.7172,1,0.5,1.0.0,2026-07-29T15:06:59.847491+00:00,batch_20260729_150659_a047a5
7774-OJSXI,0.4557,0,0.5,1.0.0,2026-07-29T15:06:59.847491+00:00,batch_20260729_150659_a047a5
7786-WBJYI,0.5289,1,0.5,1.0.0,2026-07-29T15:06:59.847491+00:00,batch_20260729_150659_a047a5
0136-IFMYD,0.1089,0,0.5,1.0.0,2026-07-29T15:06:59.847491+00:00,batch_20260729_150659_a047a5
5144-TVGLP,0.5364,1,0.5,1.0.0,2026-07-29T15:06:59.847491+00:00,batch_20260729_150659_a047a5
9643-AVVWI,0.5188,1,0.5,1.0.0,2026-07-29T15:06:59.847491+00:00,batch_20260729_150659_a047a5
0253-ZTEOB,0.0334,0,0.5,1.0.0,2026-07-29T15:06:59.847491+00:00,batch_20260729_150659_a047a5
2706-QZIHY,0.0363,0,0.5,1.0.0,2026-07-29T15:06:59.847491+00:00,batch_20260729_150659_a047a5
6061-PQHMK,0.0322,0,0.5,1.0.0,2026-07-29T15:06:59.847491+00:00,batch_20260729_150659_a047a5
9885-CSMWE,0.6774,1,0.5,1.0.0,2026-07-29T15:06:59.847491+00:00,batch_20260729_150659_a047a5
6137-MFAJN,0.1745,0,0.5,1.0.0,2026-07-29T15:06:59.847491+00:00,batch_20260729_150659_a047a5
9122-UMROB,0.1894,0,0.5,1.0.0,2026-07-29T15:06:59.847491+00:00,batch_20260729_150659_a047a5
4232-JGKIY,0.2455,0,0.5,1.0.0,2026-07-29T15:06:59.847491+00:00,batch_20260729_150659_a047a5
2402-TAIRZ,0.1758,0,0.5,1.0.0,2026-07-29T15:06:59.847491+00:00,batch_20260729_150659_a047a5
9659-ZTWSM,0.1385,0,0.5,1.0.0,2026-07-29T15:06:59.847491+00:00,batch_20260729_150659_a047a5
9139-TWBAS,0.1007,0,0.5,1.0.0,2026-07-29T15:06:59.847491+00:00,batch_20260729_150659_a047a5
6685-GBWJZ,0.0133,0,0.5,1.0.0,2026-07-29T15:06:59.847491+00:00,batch_20260729_150659_a047a5
5016-ETTFF,0.3852,0,0.5,1.0.0,2026-07-29T15:06:59.847491+00:00,batch_20260729_150659_a047a5
3866-MDTUB,0.5429,1,0.5,1.0.0,2026-07-29T15:06:59.847491+00:00,batch_20260729_150659_a047a5
2195-VVRJF,0.2596,0,0.5,1.0.0,2026-07-29T15:06:59.847491+00:00,batch_20260729_150659_a047a5
3913-RDSJZ,0.0042,0,0.5,1.0.0,2026-07-29T15:06:59.847491+00:00,batch_20260729_150659_a047a5
8058-JMEQO,0.7574,1,0.5,1.0.0,2026-07-29T15:06:59.847491+00:00,batch_20260729_150659_a047a5
4203-QGNZA,0.0497,0,0.5,1.0.0,2026-07-29T15:06:59.847491+00:00,batch_20260729_150659_a047a5
5043-TRZWM,0.6347,1,0.5,1.0.0,2026-07-29T15:06:59.847491+00:00,batch_20260729_150659_a047a5
0697-ZMSWS,0.7863,1,0.5,1.0.0,2026-07-29T15:06:59.847491+00:00,batch_20260729_150659_a047a5
7657-DYEPJ,0.0605,0,0.5,1.0.0,2026-07-29T15:06:59.847491+00:00,batch_20260729_150659_a047a5
9494-BDNNC,0.1417,0,0.5,1.0.0,2026-07-29T15:06:59.847491+00:00,batch_20260729_150659_a047a5
1640-PLFMP,0.718,1,0.5,1.0.0,2026-07-29T15:06:59.847491+00:00,batch_20260729_150659_a047a5
5366-OBVMR,0.2146,0,0.5,1.0.0,2026-07-29T15:06:59.847491+00:00,batch_20260729_150659_a047a5
8276-MQBYC,0.541,1,0.5,1.0.0,2026-07-29T15:06:59.847491+00:00,batch_20260729_150659_a047a5
7644-OMVMY,0.0604,0,0.5,1.0.0,2026-07-29T15:06:59.847491+00:00,batch_20260729_150659_a047a5
7593-XFKDI,0.3503,0,0.5,1.0.0,2026-07-29T15:06:59.847491+00:00,batch_20260729_150659_a047a5
4573-JKNAE,0.0244,0,0.5,1.0.0,2026-07-29T15:06:59.847491+00:00,batch_20260729_150659_a047a5
0337-CNPZE,0.6056,1,0.5,1.0.0,2026-07-29T15:06:59.847491+00:00,batch_20260729_150659_a047a5
9817-APLHW,0.2003,0,0.5,1.0.0,2026-07-29T15:06:59.847491+00:00,batch_20260729_150659_a047a5
8380-MQINP,0.0036,0,0.5,1.0.0,2026-07-29T15:06:59.847491+00:00,batch_20260729_150659_a047a5
0840-DFEZH,0.725,1,0.5,1.0.0,2026-07-29T15:06:59.847491+00:00,batch_20260729_150659_a047a5
1513-XNPPH,0.6066,1,0.5,1.0.0,2026-07-29T15:06:59.847491+00:00,batch_20260729_150659_a047a5
8690-ZVLCL,0.0099,0,0.5,1.0.0,2026-07-29T15:06:59.847491+00:00,batch_20260729_150659_a047a5
6015-VVHHE,0.6994,1,0.5,1.0.0,2026-07-29T15:06:59.847491+00:00,batch_20260729_150659_a047a5
1125-SNVCK,0.0688,0,0.5,1.0.0,2026-07-29T15:06:59.847491+00:00,batch_20260729_150659_a047a5
0384-LPITE,0.0856,0,0.5,1.0.0,2026-07-29T15:06:59.847491+00:00,batch_20260729_150659_a047a5
4616-EWBNJ,0.0486,0,0.5,1.0.0,2026-07-29T15:06:59.847491+00:00,batch_20260729_150659_a047a5
6347-DCUIK,0.6291,1,0.5,1.0.0,2026-07-29T15:06:59.847491+00:00,batch_20260729_150659_a047a5
1335-HQMKX,0.2167,0,0.5,1.0.0,2026-07-29T15:06:59.847491+00:00,batch_20260729_150659_a047a5
2545-EBUPK,0.7957,1,0.5,1.0.0,2026-07-29T15:06:59.847491+00:00,batch_20260729_150659_a047a5
6923-AQONU,0.0158,0,0.5,1.0.0,2026-07-29T15:06:59.847491+00:00,batch_20260729_150659_a047a5
2172-EJXVF,0.2364,0,0.5,1.0.0,2026-07-29T15:06:59.847491+00:00,batch_20260729_150659_a047a5
0897-FEGMU,0.7916,1,0.5,1.0.0,2026-07-29T15:06:59.847491+00:00,batch_20260729_150659_a047a5
7663-RGWBC,0.4409,0,0.5,1.0.0,2026-07-29T15:06:59.847491+00:00,batch_20260729_150659_a047a5
1120-BMWUB,0.1992,0,0.5,1.0.0,2026-07-29T15:06:59.847491+00:00,batch_20260729_150659_a047a5
9124-LHCJQ,0.7423,1,0.5,1.0.0,2026-07-29T15:06:59.847491+00:00,batch_20260729_150659_a047a5
4536-PLEQY,0.5686,1,0.5,1.0.0,2026-07-29T15:06:59.847491+00:00,batch_20260729_150659_a047a5
7029-IJEJK,0.0269,0,0.5,1.0.0,2026-07-29T15:06:59.847491+00:00,batch_20260729_150659_a047a5
8871-JLMHM,0.0269,0,0.5,1.0.0,2026-07-29T15:06:59.847491+00:00,batch_20260729_150659_a047a5
2235-ZGKPT,0.3255,0,0.5,1.0.0,2026-07-29T15:06:59.847491+00:00,batch_20260729_150659_a047a5
3891-PUQOD,0.4286,0,0.5,1.0.0,2026-07-29T15:06:59.847491+00:00,batch_20260729_150659_a047a5
5447-VYTKW,0.0834,0,0.5,1.0.0,2026-07-29T15:06:59.847491+00:00,batch_20260729_150659_a047a5
3623-FQBOX,0.1201,0,0.5,1.0.0,2026-07-29T15:06:59.847491+00:00,batch_20260729_150659_a047a5
0689-NKYLF,0.6807,1,0.5,1.0.0,2026-07-29T15:06:59.847491+00:00,batch_20260729_150659_a047a5
8659-HDIYE,0.0528,0,0.5,1.0.0,2026-07-29T15:06:59.847491+00:00,batch_20260729_150659_a047a5
3658-KIBGF,0.4008,0,0.5,1.0.0,2026-07-29T15:06:59.847491+00:00,batch_20260729_150659_a047a5
3474-BAFSJ,0.0329,0,0.5,1.0.0,2026-07-29T15:06:59.847491+00:00,batch_20260729_150659_a047a5
5519-YLDGW,0.6785,1,0.5,1.0.0,2026-07-29T15:06:59.847491+00:00,batch_20260729_150659_a047a5
3865-ZFZIB,0.0234,0,0.5,1.0.0,2026-07-29T15:06:59.847491+00:00,batch_20260729_150659_a047a5
1855-AGAWH,0.4351,0,0.5,1.0.0,2026-07-29T15:06:59.847491+00:00,batch_20260729_150659_a047a5
7109-CQYUZ,0.0307,0,0.5,1.0.0,2026-07-29T15:06:59.847491+00:00,batch_20260729_150659_a047a5
1370-GGAWX,0.302,0,0.5,1.0.0,2026-07-29T15:06:59.847491+00:00,batch_20260729_150659_a047a5
4680-KUTAJ,0.4008,0,0.5,1.0.0,2026-07-29T15:06:59.847491+00:00,batch_20260729_150659_a047a5
5307-UVGNB,0.091,0,0.5,1.0.0,2026-07-29T15:06:59.847491+00:00,batch_20260729_150659_a047a5
4946-EDSEW,0.1461,0,0.5,1.0.0,2026-07-29T15:06:59.847491+00:00,batch_20260729_150659_a047a5
2883-ILGWO,0.2982,0,0.5,1.0.0,2026-07-29T15:06:59.847491+00:00,batch_20260729_150659_a047a5
2516-VQRRV,0.6885,1,0.5,1.0.0,2026-07-29T15:06:59.847491+00:00,batch_20260729_150659_a047a5
7580-UGXNC,0.2362,0,0.5,1.0.0,2026-07-29T15:06:59.847491+00:00,batch_20260729_150659_a047a5
3642-BYHDO,0.0016,0,0.5,1.0.0,2026-07-29T15:06:59.847491+00:00,batch_20260729_150659_a047a5
9629-NHXFW,0.2155,0,0.5,1.0.0,2026-07-29T15:06:59.847491+00:00,batch_20260729_150659_a047a5
2696-RZVZW,0.0032,0,0.5,1.0.0,2026-07-29T15:06:59.847491+00:00,batch_20260729_150659_a047a5
5766-FTRTS,0.0085,0,0.5,1.0.0,2026-07-29T15:06:59.847491+00:00,batch_20260729_150659_a047a5
0396-HUJBP,0.1816,0,0.5,1.0.0,2026-07-29T15:06:59.847491+00:00,batch_20260729_150659_a047a5
5178-LMXOP,0.8345,1,0.5,1.0.0,2026-07-29T15:06:59.847491+00:00,batch_20260729_150659_a047a5
8879-ZKJOF,0.0658,0,0.5,1.0.0,2026-07-29T15:06:59.847491+00:00,batch_20260729_150659_a047a5
6285-FTQBF,0.0022,0,0.5,1.0.0,2026-07-29T15:06:59.847491+00:00,batch_20260729_150659_a047a5
8185-UPYBR,0.7318,1,0.5,1.0.0,2026-07-29T15:06:59.847491+00:00,batch_20260729_150659_a047a5
4585-HETAI,0.6489,1,0.5,1.0.0,2026-07-29T15:06:59.847491+00:00,batch_20260729_150659_a047a5
7526-BEZQB,0.7848,1,0.5,1.0.0,2026-07-29T15:06:59.847491+00:00,batch_20260729_150659_a047a5
1474-JUWSM,0.0484,0,0.5,1.0.0,2026-07-29T15:06:59.847491+00:00,batch_20260729_150659_a047a5
3530-CRZSB,0.151,0,0.5,1.0.0,2026-07-29T15:06:59.847491+00:00,batch_20260729_150659_a047a5
8498-XXGWA,0.0479,0,0.5,1.0.0,2026-07-29T15:06:59.847491+00:00,batch_20260729_150659_a047a5
9617-INGJY,0.6453,1,0.5,1.0.0,2026-07-29T15:06:59.847491+00:00,batch_20260729_150659_a047a5
0621-TSSMU,0.0079,0,0.5,1.0.0,2026-07-29T15:06:59.847491+00:00,batch_20260729_150659_a047a5
7234-KMNRQ,0.1676,0,0.5,1.0.0,2026-07-29T15:06:59.847491+00:00,batch_20260729_150659_a047a5
7636-PEPNS,0.0265,0,0.5,1.0.0,2026-07-29T15:06:59.847491+00:00,batch_20260729_150659_a047a5
4683-WYDOU,0.1073,0,0.5,1.0.0,2026-07-29T15:06:59.847491+00:00,batch_20260729_150659_a047a5
9052-DHNKM,0.0943,0,0.5,1.0.0,2026-07-29T15:06:59.847491+00:00,batch_20260729_150659_a047a5
6794-HKIAJ,0.1248,0,0.5,1.0.0,2026-07-29T15:06:59.847491+00:00,batch_20260729_150659_a047a5
5578-NKCXI,0.0753,0,0.5,1.0.0,2026-07-29T15:06:59.847491+00:00,batch_20260729_150659_a047a5
1642-HMARX,0.0295,0,0.5,1.0.0,2026-07-29T15:06:59.847491+00:00,batch_20260729_150659_a047a5
3096-WPXBT,0.1003,0,0.5,1.0.0,2026-07-29T15:06:59.847491+00:00,batch_20260729_150659_a047a5
8434-PNQZX,0.0578,0,0.5,1.0.0,2026-07-29T15:06:59.847491+00:00,batch_20260729_150659_a047a5
5950-AAAGJ,0.5157,1,0.5,1.0.0,2026-07-29T15:06:59.847491+00:00,batch_20260729_150659_a047a5
4299-OPXEJ,0.006,0,0.5,1.0.0,2026-07-29T15:06:59.847491+00:00,batch_20260729_150659_a047a5
4951-UKAAQ,0.7573,1,0.5,1.0.0,2026-07-29T15:06:59.847491+00:00,batch_20260729_150659_a047a5
9618-LFJRU,0.1612,0,0.5,1.0.0,2026-07-29T15:06:59.847491+00:00,batch_20260729_150659_a047a5
6693-DJWTY,0.0297,0,0.5,1.0.0,2026-07-29T15:06:59.847491+00:00,batch_20260729_150659_a047a5
0744-GKNGE,0.1,0,0.5,1.0.0,2026-07-29T15:06:59.847491+00:00,batch_20260729_150659_a047a5
6447-EGDIV,0.0264,0,0.5,1.0.0,2026-07-29T15:06:59.847491+00:00,batch_20260729_150659_a047a5
1167-OYZJF,0.0037,0,0.5,1.0.0,2026-07-29T15:06:59.847491+00:00,batch_20260729_150659_a047a5
2108-YKQTY,0.2757,0,0.5,1.0.0,2026-07-29T15:06:59.847491+00:00,batch_20260729_150659_a047a5
4806-DXQCE,0.0763,0,0.5,1.0.0,2026-07-29T15:06:59.847491+00:00,batch_20260729_150659_a047a5
4918-QLLIW,0.3654,0,0.5,1.0.0,2026-07-29T15:06:59.847491+00:00,batch_20260729_150659_a047a5
7056-IMHCC,0.5199,1,0.5,1.0.0,2026-07-29T15:06:59.847491+00:00,batch_20260729_150659_a047a5
4854-SSLTN,0.0377,0,0.5,1.0.0,2026-07-29T15:06:59.847491+00:00,batch_20260729_150659_a047a5
5294-DMSFH,0.4752,0,0.5,1.0.0,2026-07-29T15:06:59.847491+00:00,batch_20260729_150659_a047a5
4837-PZTIC,0.0153,0,0.5,1.0.0,2026-07-29T15:06:59.847491+00:00,batch_20260729_150659_a047a5
1625-JAIIY,0.1457,0,0.5,1.0.0,2026-07-29T15:06:59.847491+00:00,batch_20260729_150659_a047a5
0603-OLQDC,0.3187,0,0.5,1.0.0,2026-07-29T15:06:59.847491+00:00,batch_20260729_150659_a047a5
3272-VUHPV,0.1505,0,0.5,1.0.0,2026-07-29T15:06:59.847491+00:00,batch_20260729_150659_a047a5
4176-FXYBO,0.3567,0,0.5,1.0.0,2026-07-29T15:06:59.847491+00:00,batch_20260729_150659_a047a5
1063-DHQJF,0.0324,0,0.5,1.0.0,2026-07-29T15:06:59.847491+00:00,batch_20260729_150659_a047a5
8663-UPDGF,0.2277,0,0.5,1.0.0,2026-07-29T15:06:59.847491+00:00,batch_20260729_150659_a047a5
6719-FGEDO,0.0282,0,0.5,1.0.0,2026-07-29T15:06:59.847491+00:00,batch_20260729_150659_a047a5
1837-YQUCE,0.0175,0,0.5,1.0.0,2026-07-29T15:06:59.847491+00:00,batch_20260729_150659_a047a5
2947-DOMLJ,0.2297,0,0.5,1.0.0,2026-07-29T15:06:59.847491+00:00,batch_20260729_150659_a047a5
4112-LUEIZ,0.7493,1,0.5,1.0.0,2026-07-29T15:06:59.847491+00:00,batch_20260729_150659_a047a5
0369-ZGOVK,0.2003,0,0.5,1.0.0,2026-07-29T15:06:59.847491+00:00,batch_20260729_150659_a047a5
4510-HIMLV,0.7174,1,0.5,1.0.0,2026-07-29T15:06:59.847491+00:00,batch_20260729_150659_a047a5
9919-KNPOO,0.7352,1,0.5,1.0.0,2026-07-29T15:06:59.847491+00:00,batch_20260729_150659_a047a5
8749-JMNKX,0.3062,0,0.5,1.0.0,2026-07-29T15:06:59.847491+00:00,batch_20260729_150659_a047a5
7872-BAAZR,0.0072,0,0.5,1.0.0,2026-07-29T15:06:59.847491+00:00,batch_20260729_150659_a047a5
9391-LMANN,0.0956,0,0.5,1.0.0,2026-07-29T15:06:59.847491+00:00,batch_20260729_150659_a047a5
2430-USGXP,0.7291,1,0.5,1.0.0,2026-07-29T15:06:59.847491+00:00,batch_20260729_150659_a047a5
8174-TBVCF,0.0204,0,0.5,1.0.0,2026-07-29T15:06:59.847491+00:00,batch_20260729_150659_a047a5
1698-XFZCI,0.2203,0,0.5,1.0.0,2026-07-29T15:06:59.847491+00:00,batch_20260729_150659_a047a5
1877-HKBQX,0.1038,0,0.5,1.0.0,2026-07-29T15:06:59.847491+00:00,batch_20260729_150659_a047a5
4450-DLLMH,0.6258,1,0.5,1.0.0,2026-07-29T15:06:59.847491+00:00,batch_20260729_150659_a047a5
0428-AXXLJ,0.0475,0,0.5,1.0.0,2026-07-29T15:06:59.847491+00:00,batch_20260729_150659_a047a5
2746-DIJLO,0.0759,0,0.5,1.0.0,2026-07-29T15:06:59.847491+00:00,batch_20260729_150659_a047a5
5955-ERIHD,0.7533,1,0.5,1.0.0,2026-07-29T15:06:59.847491+00:00,batch_20260729_150659_a047a5
0917-EZOLA,0.0983,0,0.5,1.0.0,2026-07-29T15:06:59.847491+00:00,batch_20260729_150659_a047a5
3508-VLHCZ,0.013,0,0.5,1.0.0,2026-07-29T15:06:59.847491+00:00,batch_20260729_150659_a047a5
4086-ATNFV,0.0494,0,0.5,1.0.0,2026-07-29T15:06:59.847491+00:00,batch_20260729_150659_a047a5
0468-YRPXN,0.4433,0,0.5,1.0.0,2026-07-29T15:06:59.847491+00:00,batch_20260729_150659_a047a5
5996-NRVXR,0.1193,0,0.5,1.0.0,2026-07-29T15:06:59.847491+00:00,batch_20260729_150659_a047a5
3739-YBWAB,0.0651,0,0.5,1.0.0,2026-07-29T15:06:59.847491+00:00,batch_20260729_150659_a047a5
7047-FWEYA,0.2691,0,0.5,1.0.0,2026-07-29T15:06:59.847491+00:00,batch_20260729_150659_a047a5
2000-MPKCA,0.2396,0,0.5,1.0.0,2026-07-29T15:06:59.847491+00:00,batch_20260729_150659_a047a5
9762-YAQAA,0.1453,0,0.5,1.0.0,2026-07-29T15:06:59.847491+00:00,batch_20260729_150659_a047a5
5949-EBSQK,0.233,0,0.5,1.0.0,2026-07-29T15:06:59.847491+00:00,batch_20260729_150659_a047a5
5473-KHBPS,0.1617,0,0.5,1.0.0,2026-07-29T15:06:59.847491+00:00,batch_20260729_150659_a047a5
0100-DUVFC,0.2377,0,0.5,1.0.0,2026-07-29T15:06:59.847491+00:00,batch_20260729_150659_a047a5
5397-TUPSH,0.0803,0,0.5,1.0.0,2026-07-29T15:06:59.847491+00:00,batch_20260729_150659_a047a5
8950-MTZNV,0.4421,0,0.5,1.0.0,2026-07-29T15:06:59.847491+00:00,batch_20260729_150659_a047a5
0326-VDYXE,0.2505,0,0.5,1.0.0,2026-07-29T15:06:59.847491+00:00,batch_20260729_150659_a047a5
6773-LQTVT,0.224,0,0.5,1.0.0,2026-07-29T15:06:59.847491+00:00,batch_20260729_150659_a047a5
7274-RTAPZ,0.7992,1,0.5,1.0.0,2026-07-29T15:06:59.847491+00:00,batch_20260729_150659_a047a5
0436-TWFFZ,0.0217,0,0.5,1.0.0,2026-07-29T15:06:59.847491+00:00,batch_20260729_150659_a047a5
8566-YPRGL,0.2563,0,0.5,1.0.0,2026-07-29T15:06:59.847491+00:00,batch_20260729_150659_a047a5
0311-UNPFF,0.5548,1,0.5,1.0.0,2026-07-29T15:06:59.847491+00:00,batch_20260729_150659_a047a5
6609-MXJHJ,0.0219,0,0.5,1.0.0,2026-07-29T15:06:59.847491+00:00,batch_20260729_150659_a047a5
2669-OIDSD,0.3299,0,0.5,1.0.0,2026-07-29T15:06:59.847491+00:00,batch_20260729_150659_a047a5
8400-WZICQ,0.0448,0,0.5,1.0.0,2026-07-29T15:06:59.847491+00:00,batch_20260729_150659_a047a5
3834-XUIFC,0.7047,1,0.5,1.0.0,2026-07-29T15:06:59.847491+00:00,batch_20260729_150659_a047a5
9576-SYUHJ,0.4878,0,0.5,1.0.0,2026-07-29T15:06:59.847491+00:00,batch_20260729_150659_a047a5
0410-IPFTY,0.426,0,0.5,1.0.0,2026-07-29T15:06:59.847491+00:00,batch_20260729_150659_a047a5
2831-EBWRN,0.4985,0,0.5,1.0.0,2026-07-29T15:06:59.847491+00:00,batch_20260729_150659_a047a5
9430-NKQLY,0.0031,0,0.5,1.0.0,2026-07-29T15:06:59.847491+00:00,batch_20260729_150659_a047a5
8414-MYSHR,0.78,1,0.5,1.0.0,2026-07-29T15:06:59.847491+00:00,batch_20260729_150659_a047a5
0247-SLUJI,0.1567,0,0.5,1.0.0,2026-07-29T15:06:59.847491+00:00,batch_20260729_150659_a047a5
9402-ORRAH,0.7263,1,0.5,1.0.0,2026-07-29T15:06:59.847491+00:00,batch_20260729_150659_a047a5
6483-OATDN,0.2439,0,0.5,1.0.0,2026-07-29T15:06:59.847491+00:00,batch_20260729_150659_a047a5
1293-HHSHJ,0.0219,0,0.5,1.0.0,2026-07-29T15:06:59.847491+00:00,batch_20260729_150659_a047a5
4840-ORQXB,0.3976,0,0.5,1.0.0,2026-07-29T15:06:59.847491+00:00,batch_20260729_150659_a047a5
7599-FKVXZ,0.443,0,0.5,1.0.0,2026-07-29T15:06:59.847491+00:00,batch_20260729_150659_a047a5
3982-DQLUS,0.177,0,0.5,1.0.0,2026-07-29T15:06:59.847491+00:00,batch_20260729_150659_a047a5
8610-ZIKJJ,0.0752,0,0.5,1.0.0,2026-07-29T15:06:59.847491+00:00,batch_20260729_150659_a047a5
3756-VNWDH,0.2222,0,0.5,1.0.0,2026-07-29T15:06:59.847491+00:00,batch_20260729_150659_a047a5
7801-KICAO,0.6415,1,0.5,1.0.0,2026-07-29T15:06:59.847491+00:00,batch_20260729_150659_a047a5
7673-LPRNY,0.256,0,0.5,1.0.0,2026-07-29T15:06:59.847491+00:00,batch_20260729_150659_a047a5
8229-TNIQA,0.4138,0,0.5,1.0.0,2026-07-29T15:06:59.847491+00:00,batch_20260729_150659_a047a5
6060-QBMGV,0.0022,0,0.5,1.0.0,2026-07-29T15:06:59.847491+00:00,batch_20260729_150659_a047a5
7339-POGZN,0.4573,0,0.5,1.0.0,2026-07-29T15:06:59.847491+00:00,batch_20260729_150659_a047a5
2828-SLQPF,0.2683,0,0.5,1.0.0,2026-07-29T15:06:59.847491+00:00,batch_20260729_150659_a047a5
4465-VDKIQ,0.452,0,0.5,1.0.0,2026-07-29T15:06:59.847491+00:00,batch_20260729_150659_a047a5
2921-XWDJH,0.4108,0,0.5,1.0.0,2026-07-29T15:06:59.847491+00:00,batch_20260729_150659_a047a5
6221-AVQYL,0.6717,1,0.5,1.0.0,2026-07-29T15:06:59.847491+00:00,batch_20260729_150659_a047a5
2558-BUOZZ,0.1181,0,0.5,1.0.0,2026-07-29T15:06:59.847491+00:00,batch_20260729_150659_a047a5
9257-AZMTZ,0.004,0,0.5,1.0.0,2026-07-29T15:06:59.847491+00:00,batch_20260729_150659_a047a5
0003-MKNFE,0.3863,0,0.5,1.0.0,2026-07-29T15:06:59.847491+00:00,batch_20260729_150659_a047a5
0975-UYDTX,0.1135,0,0.5,1.0.0,2026-07-29T15:06:59.847491+00:00,batch_20260729_150659_a047a5
7743-EXURX,0.4069,0,0.5,1.0.0,2026-07-29T15:06:59.847491+00:00,batch_20260729_150659_a047a5
4682-BLBUC,0.0786,0,0.5,1.0.0,2026-07-29T15:06:59.847491+00:00,batch_20260729_150659_a047a5
0975-VOOVL,0.4219,0,0.5,1.0.0,2026-07-29T15:06:59.847491+00:00,batch_20260729_150659_a047a5
5968-VXZLG,0.424,0,0.5,1.0.0,2026-07-29T15:06:59.847491+00:00,batch_20260729_150659_a047a5
5569-KGJHX,0.6259,1,0.5,1.0.0,2026-07-29T15:06:59.847491+00:00,batch_20260729_150659_a047a5
4988-IQIGL,0.7617,1,0.5,1.0.0,2026-07-29T15:06:59.847491+00:00,batch_20260729_150659_a047a5
5201-FRKKS,0.2718,0,0.5,1.0.0,2026-07-29T15:06:59.847491+00:00,batch_20260729_150659_a047a5
9799-CAYJJ,0.7128,1,0.5,1.0.0,2026-07-29T15:06:59.847491+00:00,batch_20260729_150659_a047a5
7730-IUTDZ,0.3024,0,0.5,1.0.0,2026-07-29T15:06:59.847491+00:00,batch_20260729_150659_a047a5
0426-TIRNE,0.19,0,0.5,1.0.0,2026-07-29T15:06:59.847491+00:00,batch_20260729_150659_a047a5
5443-SCMKX,0.2388,0,0.5,1.0.0,2026-07-29T15:06:59.847491+00:00,batch_20260729_150659_a047a5
8295-KMENE,0.0159,0,0.5,1.0.0,2026-07-29T15:06:59.847491+00:00,batch_20260729_150659_a047a5
6738-ISCBM,0.1597,0,0.5,1.0.0,2026-07-29T15:06:59.847491+00:00,batch_20260729_150659_a047a5
9821-BESNZ,0.1824,0,0.5,1.0.0,2026-07-29T15:06:59.847491+00:00,batch_20260729_150659_a047a5
3678-MNGZX,0.0019,0,0.5,1.0.0,2026-07-29T15:06:59.847491+00:00,batch_20260729_150659_a047a5
1335-NTIUC,0.573,1,0.5,1.0.0,2026-07-29T15:06:59.847491+00:00,batch_20260729_150659_a047a5
2916-BQZLN,0.5652,1,0.5,1.0.0,2026-07-29T15:06:59.847491+00:00,batch_20260729_150659_a047a5
4558-CGYCZ,0.1684,0,0.5,1.0.0,2026-07-29T15:06:59.847491+00:00,batch_20260729_150659_a047a5
2368-GAKKQ,0.0555,0,0.5,1.0.0,2026-07-29T15:06:59.847491+00:00,batch_20260729_150659_a047a5
8710-YGLWG,0.442,0,0.5,1.0.0,2026-07-29T15:06:59.847491+00:00,batch_20260729_150659_a047a5
3199-XGZCY,0.7152,1,0.5,1.0.0,2026-07-29T15:06:59.847491+00:00,batch_20260729_150659_a047a5
3785-KTYSH,0.0065,0,0.5,1.0.0,2026-07-29T15:06:59.847491+00:00,batch_20260729_150659_a047a5
6814-ZPWFQ,0.0132,0,0.5,1.0.0,2026-07-29T15:06:59.847491+00:00,batch_20260729_150659_a047a5
4063-EIKNQ,0.1024,0,0.5,1.0.0,2026-07-29T15:06:59.847491+00:00,batch_20260729_150659_a047a5
6993-YCOBK,0.0901,0,0.5,1.0.0,2026-07-29T15:06:59.847491+00:00,batch_20260729_150659_a047a5
5206-HPJKM,0.1967,0,0.5,1.0.0,2026-07-29T15:06:59.847491+00:00,batch_20260729_150659_a047a5
7587-RZNME,0.5029,1,0.5,1.0.0,2026-07-29T15:06:59.847491+00:00,batch_20260729_150659_a047a5
0748-RDGGM,0.077,0,0.5,1.0.0,2026-07-29T15:06:59.847491+00:00,batch_20260729_150659_a047a5
8393-JMVMB,0.1886,0,0.5,1.0.0,2026-07-29T15:06:59.847491+00:00,batch_20260729_150659_a047a5
5019-GQVCR,0.5131,1,0.5,1.0.0,2026-07-29T15:06:59.847491+00:00,batch_20260729_150659_a047a5
6036-TTFYU,0.1049,0,0.5,1.0.0,2026-07-29T15:06:59.847491+00:00,batch_20260729_150659_a047a5
2550-AEVRU,0.0184,0,0.5,1.0.0,2026-07-29T15:06:59.847491+00:00,batch_20260729_150659_a047a5
0969-RGKCU,0.0147,0,0.5,1.0.0,2026-07-29T15:06:59.847491+00:00,batch_20260729_150659_a047a5
0378-CJKPV,0.0343,0,0.5,1.0.0,2026-07-29T15:06:59.847491+00:00,batch_20260729_150659_a047a5
4706-AXVKM,0.6629,1,0.5,1.0.0,2026-07-29T15:06:59.847491+00:00,batch_20260729_150659_a047a5
5889-JTMUL,0.4617,0,0.5,1.0.0,2026-07-29T15:06:59.847491+00:00,batch_20260729_150659_a047a5
9026-RNUJS,0.3925,0,0.5,1.0.0,2026-07-29T15:06:59.847491+00:00,batch_20260729_150659_a047a5
3746-EUBYR,0.6876,1,0.5,1.0.0,2026-07-29T15:06:59.847491+00:00,batch_20260729_150659_a047a5
2332-EFBJY,0.1474,0,0.5,1.0.0,2026-07-29T15:06:59.847491+00:00,batch_20260729_150659_a047a5
2880-FPNAE,0.7137,1,0.5,1.0.0,2026-07-29T15:06:59.847491+00:00,batch_20260729_150659_a047a5
1703-MGIAB,0.3151,0,0.5,1.0.0,2026-07-29T15:06:59.847491+00:00,batch_20260729_150659_a047a5
4311-QTTAI,0.0474,0,0.5,1.0.0,2026-07-29T15:06:59.847491+00:00,batch_20260729_150659_a047a5
9474-PHLYD,0.456,0,0.5,1.0.0,2026-07-29T15:06:59.847491+00:00,batch_20260729_150659_a047a5
4318-RAJVY,0.0943,0,0.5,1.0.0,2026-07-29T15:06:59.847491+00:00,batch_20260729_150659_a047a5
2165-VOEGB,0.1051,0,0.5,1.0.0,2026-07-29T15:06:59.847491+00:00,batch_20260729_150659_a047a5
3612-YUNGG,0.0634,0,0.5,1.0.0,2026-07-29T15:06:59.847491+00:00,batch_20260729_150659_a047a5
2254-DLXRI,0.6592,1,0.5,1.0.0,2026-07-29T15:06:59.847491+00:00,batch_20260729_150659_a047a5
5062-CJJKH,0.0623,0,0.5,1.0.0,2026-07-29T15:06:59.847491+00:00,batch_20260729_150659_a047a5
9028-LIHRP,0.0157,0,0.5,1.0.0,2026-07-29T15:06:59.847491+00:00,batch_20260729_150659_a047a5
2219-MVUSO,0.3781,0,0.5,1.0.0,2026-07-29T15:06:59.847491+00:00,batch_20260729_150659_a047a5
1053-MXTTK,0.0311,0,0.5,1.0.0,2026-07-29T15:06:59.847491+00:00,batch_20260729_150659_a047a5
1530-ZTDOZ,0.0987,0,0.5,1.0.0,2026-07-29T15:06:59.847491+00:00,batch_20260729_150659_a047a5
1301-LOPVR,0.0777,0,0.5,1.0.0,2026-07-29T15:06:59.847491+00:00,batch_20260729_150659_a047a5
0853-TWRVK,0.0266,0,0.5,1.0.0,2026-07-29T15:06:59.847491+00:00,batch_20260729_150659_a047a5
8914-RBTSB,0.4955,0,0.5,1.0.0,2026-07-29T15:06:59.847491+00:00,batch_20260729_150659_a047a5
6212-ATMLK,0.5454,1,0.5,1.0.0,2026-07-29T15:06:59.847491+00:00,batch_20260729_150659_a047a5
8200-LGKSR,0.0185,0,0.5,1.0.0,2026-07-29T15:06:59.847491+00:00,batch_20260729_150659_a047a5
1568-BEKZM,0.0119,0,0.5,1.0.0,2026-07-29T15:06:59.847491+00:00,batch_20260729_150659_a047a5
0670-ANMUU,0.049,0,0.5,1.0.0,2026-07-29T15:06:59.847491+00:00,batch_20260729_150659_a047a5
6897-RWMUB,0.0071,0,0.5,1.0.0,2026-07-29T15:06:59.847491+00:00,batch_20260729_150659_a047a5
0963-ZBDRN,0.527,1,0.5,1.0.0,2026-07-29T15:06:59.847491+00:00,batch_20260729_150659_a047a5
7594-RQHXR,0.7162,1,0.5,1.0.0,2026-07-29T15:06:59.847491+00:00,batch_20260729_150659_a047a5
6999-CHVCF,0.0634,0,0.5,1.0.0,2026-07-29T15:06:59.847491+00:00,batch_20260729_150659_a047a5
6134-KWTBV,0.0041,0,0.5,1.0.0,2026-07-29T15:06:59.847491+00:00,batch_20260729_150659_a047a5
1077-HUUJM,0.6198,1,0.5,1.0.0,2026-07-29T15:06:59.847491+00:00,batch_20260729_150659_a047a5
6331-EWIEB,0.687,1,0.5,1.0.0,2026-07-29T15:06:59.847491+00:00,batch_20260729_150659_a047a5
0895-LNKRC,0.063,0,0.5,1.0.0,2026-07-29T15:06:59.847491+00:00,batch_20260729_150659_a047a5
2045-BMBTJ,0.2723,0,0.5,1.0.0,2026-07-29T15:06:59.847491+00:00,batch_20260729_150659_a047a5
8417-GSODA,0.2694,0,0.5,1.0.0,2026-07-29T15:06:59.847491+00:00,batch_20260729_150659_a047a5
5171-EPLKN,0.0152,0,0.5,1.0.0,2026-07-29T15:06:59.847491+00:00,batch_20260729_150659_a047a5
4452-QIIEB,0.2923,0,0.5,1.0.0,2026-07-29T15:06:59.847491+00:00,batch_20260729_150659_a047a5
5998-VVEJY,0.4856,0,0.5,1.0.0,2026-07-29T15:06:59.847491+00:00,batch_20260729_150659_a047a5
1624-NALOJ,0.7552,1,0.5,1.0.0,2026-07-29T15:06:59.847491+00:00,batch_20260729_150659_a047a5
6741-EGCBI,0.438,0,0.5,1.0.0,2026-07-29T15:06:59.847491+00:00,batch_20260729_150659_a047a5
7820-ZYGNY,0.1028,0,0.5,1.0.0,2026-07-29T15:06:59.847491+00:00,batch_20260729_150659_a047a5
4317-VTEOA,0.4884,0,0.5,1.0.0,2026-07-29T15:06:59.847491+00:00,batch_20260729_150659_a047a5
9677-AVKED,0.0799,0,0.5,1.0.0,2026-07-29T15:06:59.847491+00:00,batch_20260729_150659_a047a5
1670-SVOWZ,0.3943,0,0.5,1.0.0,2026-07-29T15:06:59.847491+00:00,batch_20260729_150659_a047a5
2227-JRSJX,0.4586,0,0.5,1.0.0,2026-07-29T15:06:59.847491+00:00,batch_20260729_150659_a047a5
9847-HNVGP,0.0481,0,0.5,1.0.0,2026-07-29T15:06:59.847491+00:00,batch_20260729_150659_a047a5
6696-YDAYZ,0.0216,0,0.5,1.0.0,2026-07-29T15:06:59.847491+00:00,batch_20260729_150659_a047a5
8980-WQFWL,0.2885,0,0.5,1.0.0,2026-07-29T15:06:59.847491+00:00,batch_20260729_150659_a047a5
1730-ZMAME,0.5448,1,0.5,1.0.0,2026-07-29T15:06:59.847491+00:00,batch_20260729_150659_a047a5
6506-EYCNH,0.0698,0,0.5,1.0.0,2026-07-29T15:06:59.847491+00:00,batch_20260729_150659_a047a5
4634-JLRJT,0.2573,0,0.5,1.0.0,2026-07-29T15:06:59.847491+00:00,batch_20260729_150659_a047a5
9501-UKKNL,0.1728,0,0.5,1.0.0,2026-07-29T15:06:59.847491+00:00,batch_20260729_150659_a047a5
2560-QTSBS,0.0058,0,0.5,1.0.0,2026-07-29T15:06:59.847491+00:00,batch_20260729_150659_a047a5
7541-YLXCL,0.0712,0,0.5,1.0.0,2026-07-29T15:06:59.847491+00:00,batch_20260729_150659_a047a5
4795-WRNVT,0.0889,0,0.5,1.0.0,2026-07-29T15:06:59.847491+00:00,batch_20260729_150659_a047a5
6080-TCMYC,0.4267,0,0.5,1.0.0,2026-07-29T15:06:59.847491+00:00,batch_20260729_150659_a047a5
0260-ZDLGK,0.3289,0,0.5,1.0.0,2026-07-29T15:06:59.847491+00:00,batch_20260729_150659_a047a5
7860-UXCRM,0.0058,0,0.5,1.0.0,2026-07-29T15:06:59.847491+00:00,batch_20260729_150659_a047a5
6357-JJPQT,0.7467,1,0.5,1.0.0,2026-07-29T15:06:59.847491+00:00,batch_20260729_150659_a047a5
2292-XQWSV,0.0677,0,0.5,1.0.0,2026-07-29T15:06:59.847491+00:00,batch_20260729_150659_a047a5
9552-TGUZV,0.5086,1,0.5,1.0.0,2026-07-29T15:06:59.847491+00:00,batch_20260729_150659_a047a5
5913-INRQV,0.1095,0,0.5,1.0.0,2026-07-29T15:06:59.847491+00:00,batch_20260729_150659_a047a5
8722-NGNBH,0.273,0,0.5,1.0.0,2026-07-29T15:06:59.847491+00:00,batch_20260729_150659_a047a5
6210-KBBPI,0.6965,1,0.5,1.0.0,2026-07-29T15:06:59.847491+00:00,batch_20260729_150659_a047a5
9643-YBLUR,0.4393,0,0.5,1.0.0,2026-07-29T15:06:59.847491+00:00,batch_20260729_150659_a047a5
8734-FNWVH,0.174,0,0.5,1.0.0,2026-07-29T15:06:59.847491+00:00,batch_20260729_150659_a047a5
9447-YPTBX,0.0153,0,0.5,1.0.0,2026-07-29T15:06:59.847491+00:00,batch_20260729_150659_a047a5
0133-BMFZO,0.4986,0,0.5,1.0.0,2026-07-29T15:06:59.847491+00:00,batch_20260729_150659_a047a5
6128-CZOMY,0.5274,1,0.5,1.0.0,2026-07-29T15:06:59.847491+00:00,batch_20260729_150659_a047a5
9540-JYROE,0.5865,1,0.5,1.0.0,2026-07-29T15:06:59.847491+00:00,batch_20260729_150659_a047a5
9026-LHEVG,0.5043,1,0.5,1.0.0,2026-07-29T15:06:59.847491+00:00,batch_20260729_150659_a047a5
2260-USTRB,0.6255,1,0.5,1.0.0,2026-07-29T15:06:59.847491+00:00,batch_20260729_150659_a047a5
3656-TKRVZ,0.2954,0,0.5,1.0.0,2026-07-29T15:06:59.847491+00:00,batch_20260729_150659_a047a5
7011-CVEUC,0.4707,0,0.5,1.0.0,2026-07-29T15:06:59.847491+00:00,batch_20260729_150659_a047a5
6185-TASNN,0.4306,0,0.5,1.0.0,2026-07-29T15:06:59.847491+00:00,batch_20260729_150659_a047a5
7925-PNRGI,0.0597,0,0.5,1.0.0,2026-07-29T15:06:59.847491+00:00,batch_20260729_150659_a047a5
8623-TMRBY,0.3038,0,0.5,1.0.0,2026-07-29T15:06:59.847491+00:00,batch_20260729_150659_a047a5
1552-CZCLL,0.0141,0,0.5,1.0.0,2026-07-29T15:06:59.847491+00:00,batch_20260729_150659_a047a5
3038-PQIUY,0.135,0,0.5,1.0.0,2026-07-29T15:06:59.847491+00:00,batch_20260729_150659_a047a5
1501-SGHBW,0.34,0,0.5,1.0.0,2026-07-29T15:06:59.847491+00:00,batch_20260729_150659_a047a5
9313-CDOGY,0.0442,0,0.5,1.0.0,2026-07-29T15:06:59.847491+00:00,batch_20260729_150659_a047a5
8148-BPLZQ,0.2064,0,0.5,1.0.0,2026-07-29T15:06:59.847491+00:00,batch_20260729_150659_a047a5
2623-DRYAM,0.259,0,0.5,1.0.0,2026-07-29T15:06:59.847491+00:00,batch_20260729_150659_a047a5
9987-LUTYD,0.0679,0,0.5,1.0.0,2026-07-29T15:06:59.847491+00:00,batch_20260729_150659_a047a5
3208-YPIOE,0.38,0,0.5,1.0.0,2026-07-29T15:06:59.847491+00:00,batch_20260729_150659_a047a5
4488-KQFDT,0.2833,0,0.5,1.0.0,2026-07-29T15:06:59.847491+00:00,batch_20260729_150659_a047a5
2612-RANWT,0.715,1,0.5,1.0.0,2026-07-29T15:06:59.847491+00:00,batch_20260729_150659_a047a5
5693-PIPCS,0.1083,0,0.5,1.0.0,2026-07-29T15:06:59.847491+00:00,batch_20260729_150659_a047a5
0491-KAPQG,0.6166,1,0.5,1.0.0,2026-07-29T15:06:59.847491+00:00,batch_20260729_150659_a047a5
1925-LFCZZ,0.1021,0,0.5,1.0.0,2026-07-29T15:06:59.847491+00:00,batch_20260729_150659_a047a5
8039-EQPIM,0.0124,0,0.5,1.0.0,2026-07-29T15:06:59.847491+00:00,batch_20260729_150659_a047a5
6900-PXRMS,0.5425,1,0.5,1.0.0,2026-07-29T15:06:59.847491+00:00,batch_20260729_150659_a047a5
8707-RMEZH,0.0472,0,0.5,1.0.0,2026-07-29T15:06:59.847491+00:00,batch_20260729_150659_a047a5
3346-BRMIS,0.6057,1,0.5,1.0.0,2026-07-29T15:06:59.847491+00:00,batch_20260729_150659_a047a5
3209-ZPKFI,0.0979,0,0.5,1.0.0,2026-07-29T15:06:59.847491+00:00,batch_20260729_150659_a047a5
6479-VDGRK,0.0066,0,0.5,1.0.0,2026-07-29T15:06:59.847491+00:00,batch_20260729_150659_a047a5
9373-WSLOY,0.2873,0,0.5,1.0.0,2026-07-29T15:06:59.847491+00:00,batch_20260729_150659_a047a5
2933-FILNV,0.5122,1,0.5,1.0.0,2026-07-29T15:06:59.847491+00:00,batch_20260729_150659_a047a5
3569-JFODW,0.0092,0,0.5,1.0.0,2026-07-29T15:06:59.847491+00:00,batch_20260729_150659_a047a5
9819-FBNSV,0.3364,0,0.5,1.0.0,2026-07-29T15:06:59.847491+00:00,batch_20260729_150659_a047a5
9544-PYPSJ,0.2479,0,0.5,1.0.0,2026-07-29T15:06:59.847491+00:00,batch_20260729_150659_a047a5
1591-XWLGB,0.002,0,0.5,1.0.0,2026-07-29T15:06:59.847491+00:00,batch_20260729_150659_a047a5
0396-UKGAI,0.1283,0,0.5,1.0.0,2026-07-29T15:06:59.847491+00:00,batch_20260729_150659_a047a5
3243-ZHOHY,0.0503,0,0.5,1.0.0,2026-07-29T15:06:59.847491+00:00,batch_20260729_150659_a047a5
5186-EJEGL,0.2597,0,0.5,1.0.0,2026-07-29T15:06:59.847491+00:00,batch_20260729_150659_a047a5
7527-QNRUS,0.0384,0,0.5,1.0.0,2026-07-29T15:06:59.847491+00:00,batch_20260729_150659_a047a5
9986-BONCE,0.1638,0,0.5,1.0.0,2026-07-29T15:06:59.847491+00:00,batch_20260729_150659_a047a5
2722-JMONI,0.4414,0,0.5,1.0.0,2026-07-29T15:06:59.847491+00:00,batch_20260729_150659_a047a5
2203-GHNWN,0.5239,1,0.5,1.0.0,2026-07-29T15:06:59.847491+00:00,batch_20260729_150659_a047a5
3878-AVSOQ,0.7193,1,0.5,1.0.0,2026-07-29T15:06:59.847491+00:00,batch_20260729_150659_a047a5
3258-SYSWS,0.0339,0,0.5,1.0.0,2026-07-29T15:06:59.847491+00:00,batch_20260729_150659_a047a5
5296-PSYVW,0.0039,0,0.5,1.0.0,2026-07-29T15:06:59.847491+00:00,batch_20260729_150659_a047a5
6319-QSUSR,0.0982,0,0.5,1.0.0,2026-07-29T15:06:59.847491+00:00,batch_20260729_150659_a047a5
4083-EUGRJ,0.1387,0,0.5,1.0.0,2026-07-29T15:06:59.847491+00:00,batch_20260729_150659_a047a5
7579-OOPEC,0.2966,0,0.5,1.0.0,2026-07-29T15:06:59.847491+00:00,batch_20260729_150659_a047a5
0512-FLFDW,0.2342,0,0.5,1.0.0,2026-07-29T15:06:59.847491+00:00,batch_20260729_150659_a047a5
1771-OADNZ,0.6101,1,0.5,1.0.0,2026-07-29T15:06:59.847491+00:00,batch_20260729_150659_a047a5
0487-CRLZF,0.0365,0,0.5,1.0.0,2026-07-29T15:06:59.847491+00:00,batch_20260729_150659_a047a5
2107-FBPTK,0.6617,1,0.5,1.0.0,2026-07-29T15:06:59.847491+00:00,batch_20260729_150659_a047a5
9451-WLYRI,0.0089,0,0.5,1.0.0,2026-07-29T15:06:59.847491+00:00,batch_20260729_150659_a047a5
8219-VYBVI,0.0098,0,0.5,1.0.0,2026-07-29T15:06:59.847491+00:00,batch_20260729_150659_a047a5
1991-VOPLL,0.1373,0,0.5,1.0.0,2026-07-29T15:06:59.847491+00:00,batch_20260729_150659_a047a5
9738-QLWTP,0.1367,0,0.5,1.0.0,2026-07-29T15:06:59.847491+00:00,batch_20260729_150659_a047a5
1016-DJTSV,0.6661,1,0.5,1.0.0,2026-07-29T15:06:59.847491+00:00,batch_20260729_150659_a047a5
9419-IPPBE,0.2459,0,0.5,1.0.0,2026-07-29T15:06:59.847491+00:00,batch_20260729_150659_a047a5
0174-QRVVY,0.0023,0,0.5,1.0.0,2026-07-29T15:06:59.847491+00:00,batch_20260729_150659_a047a5
5699-BNCAS,0.0043,0,0.5,1.0.0,2026-07-29T15:06:59.847491+00:00,batch_20260729_150659_a047a5
2900-PHPLN,0.0032,0,0.5,1.0.0,2026-07-29T15:06:59.847491+00:00,batch_20260729_150659_a047a5
0612-RTZZA,0.5678,1,0.5,1.0.0,2026-07-29T15:06:59.847491+00:00,batch_20260729_150659_a047a5
8106-GWQOK,0.0472,0,0.5,1.0.0,2026-07-29T15:06:59.847491+00:00,batch_20260729_150659_a047a5
8751-EDEKA,0.3556,0,0.5,1.0.0,2026-07-29T15:06:59.847491+00:00,batch_20260729_150659_a047a5
6878-GGDWG,0.0508,0,0.5,1.0.0,2026-07-29T15:06:59.847491+00:00,batch_20260729_150659_a047a5
4039-PIMHX,0.0161,0,0.5,1.0.0,2026-07-29T15:06:59.847491+00:00,batch_20260729_150659_a047a5
8450-LUGUK,0.015,0,0.5,1.0.0,2026-07-29T15:06:59.847491+00:00,batch_20260729_150659_a047a5
3604-WLABM,0.2631,0,0.5,1.0.0,2026-07-29T15:06:59.847491+00:00,batch_20260729_150659_a047a5
0795-GMVQO,0.1046,0,0.5,1.0.0,2026-07-29T15:06:59.847491+00:00,batch_20260729_150659_a047a5
2259-OUUSZ,0.2375,0,0.5,1.0.0,2026-07-29T15:06:59.847491+00:00,batch_20260729_150659_a047a5
1142-IHLOO,0.149,0,0.5,1.0.0,2026-07-29T15:06:59.847491+00:00,batch_20260729_150659_a047a5
6410-LEFEN,0.3523,0,0.5,1.0.0,2026-07-29T15:06:59.847491+00:00,batch_20260729_150659_a047a5
4633-MKHYU,0.6865,1,0.5,1.0.0,2026-07-29T15:06:59.847491+00:00,batch_20260729_150659_a047a5
6257-RJOHI,0.3196,0,0.5,1.0.0,2026-07-29T15:06:59.847491+00:00,batch_20260729_150659_a047a5
1545-JFUML,0.0739,0,0.5,1.0.0,2026-07-29T15:06:59.847491+00:00,batch_20260729_150659_a047a5
3194-ORPIK,0.3089,0,0.5,1.0.0,2026-07-29T15:06:59.847491+00:00,batch_20260729_150659_a047a5
7826-VVKWT,0.2821,0,0.5,1.0.0,2026-07-29T15:06:59.847491+00:00,batch_20260729_150659_a047a5
1353-GHZOS,0.1244,0,0.5,1.0.0,2026-07-29T15:06:59.847491+00:00,batch_20260729_150659_a047a5
2587-EKXTS,0.5087,1,0.5,1.0.0,2026-07-29T15:06:59.847491+00:00,batch_20260729_150659_a047a5
5442-BXVND,0.0499,0,0.5,1.0.0,2026-07-29T15:06:59.847491+00:00,batch_20260729_150659_a047a5
8816-VXNZD,0.7615,1,0.5,1.0.0,2026-07-29T15:06:59.847491+00:00,batch_20260729_150659_a047a5
9378-FXTIZ,0.0957,0,0.5,1.0.0,2026-07-29T15:06:59.847491+00:00,batch_20260729_150659_a047a5
1723-HKXJQ,0.5825,1,0.5,1.0.0,2026-07-29T15:06:59.847491+00:00,batch_20260729_150659_a047a5
7825-GKXMW,0.4298,0,0.5,1.0.0,2026-07-29T15:06:59.847491+00:00,batch_20260729_150659_a047a5
9753-OYLBX,0.1896,0,0.5,1.0.0,2026-07-29T15:06:59.847491+00:00,batch_20260729_150659_a047a5
2364-UFROM,0.0576,0,0.5,1.0.0,2026-07-29T15:06:59.847491+00:00,batch_20260729_150659_a047a5
6656-JWRQX,0.3837,0,0.5,1.0.0,2026-07-29T15:06:59.847491+00:00,batch_20260729_150659_a047a5
6473-ULUHT,0.2278,0,0.5,1.0.0,2026-07-29T15:06:59.847491+00:00,batch_20260729_150659_a047a5
1240-KNSEZ,0.257,0,0.5,1.0.0,2026-07-29T15:06:59.847491+00:00,batch_20260729_150659_a047a5
0836-SEYLU,0.3564,0,0.5,1.0.0,2026-07-29T15:06:59.847491+00:00,batch_20260729_150659_a047a5
4433-JCGCG,0.5979,1,0.5,1.0.0,2026-07-29T15:06:59.847491+00:00,batch_20260729_150659_a047a5
3716-BDVDB,0.7165,1,0.5,1.0.0,2026-07-29T15:06:59.847491+00:00,batch_20260729_150659_a047a5
7688-AWMDX,0.0038,0,0.5,1.0.0,2026-07-29T15:06:59.847491+00:00,batch_20260729_150659_a047a5
2842-BCQGE,0.3403,0,0.5,1.0.0,2026-07-29T15:06:59.847491+00:00,batch_20260729_150659_a047a5
7244-QWYHG,0.0456,0,0.5,1.0.0,2026-07-29T15:06:59.847491+00:00,batch_20260729_150659_a047a5
5899-MQZZL,0.6044,1,0.5,1.0.0,2026-07-29T15:06:59.847491+00:00,batch_20260729_150659_a047a5
6849-OYAMU,0.1863,0,0.5,1.0.0,2026-07-29T15:06:59.847491+00:00,batch_20260729_150659_a047a5
5312-UXESG,0.4228,0,0.5,1.0.0,2026-07-29T15:06:59.847491+00:00,batch_20260729_150659_a047a5
9488-HGMJH,0.7191,1,0.5,1.0.0,2026-07-29T15:06:59.847491+00:00,batch_20260729_150659_a047a5
6038-GCYEC,0.4162,0,0.5,1.0.0,2026-07-29T15:06:59.847491+00:00,batch_20260729_150659_a047a5
2150-WLKUW,0.072,0,0.5,1.0.0,2026-07-29T15:06:59.847491+00:00,batch_20260729_150659_a047a5
7159-FVYPK,0.4309,0,0.5,1.0.0,2026-07-29T15:06:59.847491+00:00,batch_20260729_150659_a047a5
7032-LMBHI,0.0647,0,0.5,1.0.0,2026-07-29T15:06:59.847491+00:00,batch_20260729_150659_a047a5
1150-WFARN,0.05,0,0.5,1.0.0,2026-07-29T15:06:59.847491+00:00,batch_20260729_150659_a047a5
6088-BXMRG,0.5807,1,0.5,1.0.0,2026-07-29T15:06:59.847491+00:00,batch_20260729_150659_a047a5
3144-AUDBS,0.3771,0,0.5,1.0.0,2026-07-29T15:06:59.847491+00:00,batch_20260729_150659_a047a5
4821-SJHJV,0.3704,0,0.5,1.0.0,2026-07-29T15:06:59.847491+00:00,batch_20260729_150659_a047a5
7346-MEDWM,0.3034,0,0.5,1.0.0,2026-07-29T15:06:59.847491+00:00,batch_20260729_150659_a047a5
1137-DGOWI,0.0602,0,0.5,1.0.0,2026-07-29T15:06:59.847491+00:00,batch_20260729_150659_a047a5
5616-PRTNT,0.1355,0,0.5,1.0.0,2026-07-29T15:06:59.847491+00:00,batch_20260729_150659_a047a5
3812-LRZIR,0.0239,0,0.5,1.0.0,2026-07-29T15:06:59.847491+00:00,batch_20260729_150659_a047a5
4818-QIUFN,0.5421,1,0.5,1.0.0,2026-07-29T15:06:59.847491+00:00,batch_20260729_150659_a047a5
9483-GCPWE,0.0551,0,0.5,1.0.0,2026-07-29T15:06:59.847491+00:00,batch_20260729_150659_a047a5
4227-OJHAL,0.0264,0,0.5,1.0.0,2026-07-29T15:06:59.847491+00:00,batch_20260729_150659_a047a5
9220-CXRSC,0.0044,0,0.5,1.0.0,2026-07-29T15:06:59.847491+00:00,batch_20260729_150659_a047a5
4993-JCRGJ,0.4133,0,0.5,1.0.0,2026-07-29T15:06:59.847491+00:00,batch_20260729_150659_a047a5
9537-JALFH,0.0018,0,0.5,1.0.0,2026-07-29T15:06:59.847491+00:00,batch_20260729_150659_a047a5
6698-OXETB,0.0339,0,0.5,1.0.0,2026-07-29T15:06:59.847491+00:00,batch_20260729_150659_a047a5
2103-ZRXFN,0.4028,0,0.5,1.0.0,2026-07-29T15:06:59.847491+00:00,batch_20260729_150659_a047a5
3724-BSCVH,0.0538,0,0.5,1.0.0,2026-07-29T15:06:59.847491+00:00,batch_20260729_150659_a047a5
4877-TSOFF,0.0288,0,0.5,1.0.0,2026-07-29T15:06:59.847491+00:00,batch_20260729_150659_a047a5
9209-NWPGU,0.0399,0,0.5,1.0.0,2026-07-29T15:06:59.847491+00:00,batch_20260729_150659_a047a5
6961-VCPMC,0.4256,0,0.5,1.0.0,2026-07-29T15:06:59.847491+00:00,batch_20260729_150659_a047a5
7306-YDSOI,0.0069,0,0.5,1.0.0,2026-07-29T15:06:59.847491+00:00,batch_20260729_150659_a047a5
5288-AHOUP,0.6965,1,0.5,1.0.0,2026-07-29T15:06:59.847491+00:00,batch_20260729_150659_a047a5
6688-UZPWD,0.7692,1,0.5,1.0.0,2026-07-29T15:06:59.847491+00:00,batch_20260729_150659_a047a5
0655-YDGFJ,0.142,0,0.5,1.0.0,2026-07-29T15:06:59.847491+00:00,batch_20260729_150659_a047a5
8468-EHYJA,0.415,0,0.5,1.0.0,2026-07-29T15:06:59.847491+00:00,batch_20260729_150659_a047a5
6823-SIDFQ,0.0276,0,0.5,1.0.0,2026-07-29T15:06:59.847491+00:00,batch_20260729_150659_a047a5
1097-FSPVW,0.0715,0,0.5,1.0.0,2026-07-29T15:06:59.847491+00:00,batch_20260729_150659_a047a5
2839-RFSQE,0.1826,0,0.5,1.0.0,2026-07-29T15:06:59.847491+00:00,batch_20260729_150659_a047a5
8328-SKJNO,0.0495,0,0.5,1.0.0,2026-07-29T15:06:59.847491+00:00,batch_20260729_150659_a047a5
7010-ZMVBF,0.0781,0,0.5,1.0.0,2026-07-29T15:06:59.847491+00:00,batch_20260729_150659_a047a5
5201-CBWYG,0.0063,0,0.5,1.0.0,2026-07-29T15:06:59.847491+00:00,batch_20260729_150659_a047a5
0968-GSIKN,0.6456,1,0.5,1.0.0,2026-07-29T15:06:59.847491+00:00,batch_20260729_150659_a047a5
1965-DDBWU,0.5326,1,0.5,1.0.0,2026-07-29T15:06:59.847491+00:00,batch_20260729_150659_a047a5
9057-SIHCH,0.8261,1,0.5,1.0.0,2026-07-29T15:06:59.847491+00:00,batch_20260729_150659_a047a5
6352-GIGGQ,0.0349,0,0.5,1.0.0,2026-07-29T15:06:59.847491+00:00,batch_20260729_150659_a047a5
3635-QQRQD,0.0045,0,0.5,1.0.0,2026-07-29T15:06:59.847491+00:00,batch_20260729_150659_a047a5
6771-XWBDM,0.3917,0,0.5,1.0.0,2026-07-29T15:06:59.847491+00:00,batch_20260729_150659_a047a5
2897-DOVND,0.7106,1,0.5,1.0.0,2026-07-29T15:06:59.847491+00:00,batch_20260729_150659_a047a5
3082-YVEKW,0.049,0,0.5,1.0.0,2026-07-29T15:06:59.847491+00:00,batch_20260729_150659_a047a5
0191-EQUUH,0.0272,0,0.5,1.0.0,2026-07-29T15:06:59.847491+00:00,batch_20260729_150659_a047a5
7134-HBPBS,0.0674,0,0.5,1.0.0,2026-07-29T15:06:59.847491+00:00,batch_20260729_150659_a047a5
3489-HHPFY,0.7922,1,0.5,1.0.0,2026-07-29T15:06:59.847491+00:00,batch_20260729_150659_a047a5
2926-JEJJC,0.0985,0,0.5,1.0.0,2026-07-29T15:06:59.847491+00:00,batch_20260729_150659_a047a5
8601-QACRS,0.4602,0,0.5,1.0.0,2026-07-29T15:06:59.847491+00:00,batch_20260729_150659_a047a5
4950-BDEUX,0.3471,0,0.5,1.0.0,2026-07-29T15:06:59.847491+00:00,batch_20260729_150659_a047a5
5789-LDFXO,0.062,0,0.5,1.0.0,2026-07-29T15:06:59.847491+00:00,batch_20260729_150659_a047a5
0508-OOLTO,0.6641,1,0.5,1.0.0,2026-07-29T15:06:59.847491+00:00,batch_20260729_150659_a047a5
2984-TBYKU,0.0315,0,0.5,1.0.0,2026-07-29T15:06:59.847491+00:00,batch_20260729_150659_a047a5
9822-WMWVG,0.3542,0,0.5,1.0.0,2026-07-29T15:06:59.847491+00:00,batch_20260729_150659_a047a5
2391-SOORI,0.2703,0,0.5,1.0.0,2026-07-29T15:06:59.847491+00:00,batch_20260729_150659_a047a5
9040-KZVWO,0.1677,0,0.5,1.0.0,2026-07-29T15:06:59.847491+00:00,batch_20260729_150659_a047a5
2645-QTLMB,0.7395,1,0.5,1.0.0,2026-07-29T15:06:59.847491+00:00,batch_20260729_150659_a047a5
4806-HIPDW,0.7188,1,0.5,1.0.0,2026-07-29T15:06:59.847491+00:00,batch_20260729_150659_a047a5
1548-ARAGG,0.2845,0,0.5,1.0.0,2026-07-29T15:06:59.847491+00:00,batch_20260729_150659_a047a5
6339-RZCBJ,0.0223,0,0.5,1.0.0,2026-07-29T15:06:59.847491+00:00,batch_20260729_150659_a047a5
4424-TKOPW,0.8279,1,0.5,1.0.0,2026-07-29T15:06:59.847491+00:00,batch_20260729_150659_a047a5
4415-WNGVR,0.2083,0,0.5,1.0.0,2026-07-29T15:06:59.847491+00:00,batch_20260729_150659_a047a5
2522-AHJXR,0.2627,0,0.5,1.0.0,2026-07-29T15:06:59.847491+00:00,batch_20260729_150659_a047a5
0412-UCCNP,0.016,0,0.5,1.0.0,2026-07-29T15:06:59.847491+00:00,batch_20260729_150659_a047a5
1816-FLZDK,0.3816,0,0.5,1.0.0,2026-07-29T15:06:59.847491+00:00,batch_20260729_150659_a047a5
7096-UCLNH,0.1892,0,0.5,1.0.0,2026-07-29T15:06:59.847491+00:00,batch_20260729_150659_a047a5
8443-ZRDBZ,0.7446,1,0.5,1.0.0,2026-07-29T15:06:59.847491+00:00,batch_20260729_150659_a047a5
9136-ALYBR,0.58,1,0.5,1.0.0,2026-07-29T15:06:59.847491+00:00,batch_20260729_150659_a047a5
4615-PIVVU,0.0231,0,0.5,1.0.0,2026-07-29T15:06:59.847491+00:00,batch_20260729_150659_a047a5
8885-QSQBX,0.2648,0,0.5,1.0.0,2026-07-29T15:06:59.847491+00:00,batch_20260729_150659_a047a5
7479-NITWS,0.6902,1,0.5,1.0.0,2026-07-29T15:06:59.847491+00:00,batch_20260729_150659_a047a5
8617-ENBDS,0.616,1,0.5,1.0.0,2026-07-29T15:06:59.847491+00:00,batch_20260729_150659_a047a5
9385-NXKDA,0.0214,0,0.5,1.0.0,2026-07-29T15:06:59.847491+00:00,batch_20260729_150659_a047a5
0430-IHCDJ,0.4438,0,0.5,1.0.0,2026-07-29T15:06:59.847491+00:00,batch_20260729_150659_a047a5
2959-MJHIC,0.7424,1,0.5,1.0.0,2026-07-29T15:06:59.847491+00:00,batch_20260729_150659_a047a5
6674-KVJHG,0.1063,0,0.5,1.0.0,2026-07-29T15:06:59.847491+00:00,batch_20260729_150659_a047a5
1814-DKOLC,0.1971,0,0.5,1.0.0,2026-07-29T15:06:59.847491+00:00,batch_20260729_150659_a047a5
4201-JMNGR,0.4428,0,0.5,1.0.0,2026-07-29T15:06:59.847491+00:00,batch_20260729_150659_a047a5
9351-HXDMR,0.0631,0,0.5,1.0.0,2026-07-29T15:06:59.847491+00:00,batch_20260729_150659_a047a5
3537-HPKQT,0.235,0,0.5,1.0.0,2026-07-29T15:06:59.847491+00:00,batch_20260729_150659_a047a5
2129-ALKBS,0.0785,0,0.5,1.0.0,2026-07-29T15:06:59.847491+00:00,batch_20260729_150659_a047a5
5821-MMEIL,0.004,0,0.5,1.0.0,2026-07-29T15:06:59.847491+00:00,batch_20260729_150659_a047a5
5960-WPXQM,0.7575,1,0.5,1.0.0,2026-07-29T15:06:59.847491+00:00,batch_20260729_150659_a047a5
0684-AOSIH,0.7388,1,0.5,1.0.0,2026-07-29T15:06:59.847491+00:00,batch_20260729_150659_a047a5
8260-NGFNY,0.4836,0,0.5,1.0.0,2026-07-29T15:06:59.847491+00:00,batch_20260729_150659_a047a5
1309-XGFSN,0.1143,0,0.5,1.0.0,2026-07-29T15:06:59.847491+00:00,batch_20260729_150659_a047a5
1866-RZZQS,0.6249,1,0.5,1.0.0,2026-07-29T15:06:59.847491+00:00,batch_20260729_150659_a047a5
6968-URWQU,0.0844,0,0.5,1.0.0,2026-07-29T15:06:59.847491+00:00,batch_20260729_150659_a047a5
4742-TXUEX,0.0049,0,0.5,1.0.0,2026-07-29T15:06:59.847491+00:00,batch_20260729_150659_a047a5
9631-XEYKE,0.3727,0,0.5,1.0.0,2026-07-29T15:06:59.847491+00:00,batch_20260729_150659_a047a5
8631-NBHFZ,0.007,0,0.5,1.0.0,2026-07-29T15:06:59.847491+00:00,batch_20260729_150659_a047a5
1335-MXCSE,0.0122,0,0.5,1.0.0,2026-07-29T15:06:59.847491+00:00,batch_20260729_150659_a047a5
8873-TMKGR,0.0278,0,0.5,1.0.0,2026-07-29T15:06:59.847491+00:00,batch_20260729_150659_a047a5
8800-JOOCF,0.6838,1,0.5,1.0.0,2026-07-29T15:06:59.847491+00:00,batch_20260729_150659_a047a5
1469-LBJQJ,0.4343,0,0.5,1.0.0,2026-07-29T15:06:59.847491+00:00,batch_20260729_150659_a047a5
4958-XCBDQ,0.6625,1,0.5,1.0.0,2026-07-29T15:06:59.847491+00:00,batch_20260729_150659_a047a5
8337-UPOAQ,0.7586,1,0.5,1.0.0,2026-07-29T15:06:59.847491+00:00,batch_20260729_150659_a047a5
0064-YIJGF,0.416,0,0.5,1.0.0,2026-07-29T15:06:59.847491+00:00,batch_20260729_150659_a047a5
2386-OWURY,0.3512,0,0.5,1.0.0,2026-07-29T15:06:59.847491+00:00,batch_20260729_150659_a047a5
1725-IQNIY,0.0455,0,0.5,1.0.0,2026-07-29T15:06:59.847491+00:00,batch_20260729_150659_a047a5
0310-VQXAM,0.1385,0,0.5,1.0.0,2026-07-29T15:06:59.847491+00:00,batch_20260729_150659_a047a5
6598-RFFVI,0.0873,0,0.5,1.0.0,2026-07-29T15:06:59.847491+00:00,batch_20260729_150659_a047a5
3453-RTHJQ,0.6807,1,0.5,1.0.0,2026-07-29T15:06:59.847491+00:00,batch_20260729_150659_a047a5
6712-OAWRH,0.6533,1,0.5,1.0.0,2026-07-29T15:06:59.847491+00:00,batch_20260729_150659_a047a5
6278-FEPBZ,0.139,0,0.5,1.0.0,2026-07-29T15:06:59.847491+00:00,batch_20260729_150659_a047a5
4280-DLSHD,0.3461,0,0.5,1.0.0,2026-07-29T15:06:59.847491+00:00,batch_20260729_150659_a047a5
1508-DFXCU,0.6868,1,0.5,1.0.0,2026-07-29T15:06:59.847491+00:00,batch_20260729_150659_a047a5
8614-VGMMV,0.44,0,0.5,1.0.0,2026-07-29T15:06:59.847491+00:00,batch_20260729_150659_a047a5
7868-BGSZA,0.1594,0,0.5,1.0.0,2026-07-29T15:06:59.847491+00:00,batch_20260729_150659_a047a5
2800-QQUSO,0.5148,1,0.5,1.0.0,2026-07-29T15:06:59.847491+00:00,batch_20260729_150659_a047a5
2930-UOTMB,0.092,0,0.5,1.0.0,2026-07-29T15:06:59.847491+00:00,batch_20260729_150659_a047a5
7973-DZRKH,0.0262,0,0.5,1.0.0,2026-07-29T15:06:59.847491+00:00,batch_20260729_150659_a047a5
5914-DVBWJ,0.5142,1,0.5,1.0.0,2026-07-29T15:06:59.847491+00:00,batch_20260729_150659_a047a5
7698-YFGEZ,0.1891,0,0.5,1.0.0,2026-07-29T15:06:59.847491+00:00,batch_20260729_150659_a047a5
2533-QVMSK,0.0831,0,0.5,1.0.0,2026-07-29T15:06:59.847491+00:00,batch_20260729_150659_a047a5
9773-PEQBZ,0.5783,1,0.5,1.0.0,2026-07-29T15:06:59.847491+00:00,batch_20260729_150659_a047a5
8644-XLFBW,0.7198,1,0.5,1.0.0,2026-07-29T15:06:59.847491+00:00,batch_20260729_150659_a047a5
0650-BWOZN,0.5491,1,0.5,1.0.0,2026-07-29T15:06:59.847491+00:00,batch_20260729_150659_a047a5
8625-AZYZY,0.7023,1,0.5,1.0.0,2026-07-29T15:06:59.847491+00:00,batch_20260729_150659_a047a5
7785-RDVIG,0.1443,0,0.5,1.0.0,2026-07-29T15:06:59.847491+00:00,batch_20260729_150659_a047a5
9602-WCXPI,0.0103,0,0.5,1.0.0,2026-07-29T15:06:59.847491+00:00,batch_20260729_150659_a047a5
2903-YYTBW,0.3738,0,0.5,1.0.0,2026-07-29T15:06:59.847491+00:00,batch_20260729_150659_a047a5
3620-MWJNE,0.2612,0,0.5,1.0.0,2026-07-29T15:06:59.847491+00:00,batch_20260729_150659_a047a5
8573-JGCZW,0.0674,0,0.5,1.0.0,2026-07-29T15:06:59.847491+00:00,batch_20260729_150659_a047a5
6837-HAEVO,0.1186,0,0.5,1.0.0,2026-07-29T15:06:59.847491+00:00,batch_20260729_150659_a047a5
6701-YVNQG,0.0157,0,0.5,1.0.0,2026-07-29T15:06:59.847491+00:00,batch_20260729_150659_a047a5
9306-CPCBC,0.7474,1,0.5,1.0.0,2026-07-29T15:06:59.847491+00:00,batch_20260729_150659_a047a5
4304-XUMGI,0.0265,0,0.5,1.0.0,2026-07-29T15:06:59.847491+00:00,batch_20260729_150659_a047a5
9504-YAZWB,0.0049,0,0.5,1.0.0,2026-07-29T15:06:59.847491+00:00,batch_20260729_150659_a047a5
8819-ZBYNA,0.0699,0,0.5,1.0.0,2026-07-29T15:06:59.847491+00:00,batch_20260729_150659_a047a5
6174-NRBTZ,0.0572,0,0.5,1.0.0,2026-07-29T15:06:59.847491+00:00,batch_20260729_150659_a047a5
9481-IEBZY,0.1851,0,0.5,1.0.0,2026-07-29T15:06:59.847491+00:00,batch_20260729_150659_a047a5
1833-VGRUM,0.7604,1,0.5,1.0.0,2026-07-29T15:06:59.847491+00:00,batch_20260729_150659_a047a5
6137-NICCO,0.622,1,0.5,1.0.0,2026-07-29T15:06:59.847491+00:00,batch_20260729_150659_a047a5
9065-ZCPQX,0.0078,0,0.5,1.0.0,2026-07-29T15:06:59.847491+00:00,batch_20260729_150659_a047a5
6402-EJMWF,0.473,0,0.5,1.0.0,2026-07-29T15:06:59.847491+00:00,batch_20260729_150659_a047a5
3620-EHIMZ,0.0041,0,0.5,1.0.0,2026-07-29T15:06:59.847491+00:00,batch_20260729_150659_a047a5
3213-VVOLG,0.0748,0,0.5,1.0.0,2026-07-29T15:06:59.847491+00:00,batch_20260729_150659_a047a5
6870-ECSHE,0.0927,0,0.5,1.0.0,2026-07-29T15:06:59.847491+00:00,batch_20260729_150659_a047a5
8747-UDCOI,0.0028,0,0.5,1.0.0,2026-07-29T15:06:59.847491+00:00,batch_20260729_150659_a047a5
8374-XGEJJ,0.5783,1,0.5,1.0.0,2026-07-29T15:06:59.847491+00:00,batch_20260729_150659_a047a5
2656-TABEH,0.7993,1,0.5,1.0.0,2026-07-29T15:06:59.847491+00:00,batch_20260729_150659_a047a5
6946-LMSQS,0.3839,0,0.5,1.0.0,2026-07-29T15:06:59.847491+00:00,batch_20260729_150659_a047a5
4626-OZDTJ,0.068,0,0.5,1.0.0,2026-07-29T15:06:59.847491+00:00,batch_20260729_150659_a047a5
9169-BSVIN,0.4072,0,0.5,1.0.0,2026-07-29T15:06:59.847491+00:00,batch_20260729_150659_a047a5
2325-ZUSFD,0.0409,0,0.5,1.0.0,2026-07-29T15:06:59.847491+00:00,batch_20260729_150659_a047a5
8194-PEEBY,0.0288,0,0.5,1.0.0,2026-07-29T15:06:59.847491+00:00,batch_20260729_150659_a047a5
6872-HXFNF,0.0183,0,0.5,1.0.0,2026-07-29T15:06:59.847491+00:00,batch_20260729_150659_a047a5
3932-CMDTD,0.4921,0,0.5,1.0.0,2026-07-29T15:06:59.847491+00:00,batch_20260729_150659_a047a5
7714-YXSMB,0.6318,1,0.5,1.0.0,2026-07-29T15:06:59.847491+00:00,batch_20260729_150659_a047a5
8387-UGUSU,0.0883,0,0.5,1.0.0,2026-07-29T15:06:59.847491+00:00,batch_20260729_150659_a047a5
1080-BWSYE,0.004,0,0.5,1.0.0,2026-07-29T15:06:59.847491+00:00,batch_20260729_150659_a047a5
4039-HEUNW,0.6048,1,0.5,1.0.0,2026-07-29T15:06:59.847491+00:00,batch_20260729_150659_a047a5
1194-HVAIF,0.5123,1,0.5,1.0.0,2026-07-29T15:06:59.847491+00:00,batch_20260729_150659_a047a5
0812-WUPTB,0.5545,1,0.5,1.0.0,2026-07-29T15:06:59.847491+00:00,batch_20260729_150659_a047a5
3594-UVONA,0.1017,0,0.5,1.0.0,2026-07-29T15:06:59.847491+00:00,batch_20260729_150659_a047a5
0004-TLHLJ,0.6964,1,0.5,1.0.0,2026-07-29T15:06:59.847491+00:00,batch_20260729_150659_a047a5
1767-TGTKO,0.4038,0,0.5,1.0.0,2026-07-29T15:06:59.847491+00:00,batch_20260729_150659_a047a5
8439-LTUGF,0.1768,0,0.5,1.0.0,2026-07-29T15:06:59.847491+00:00,batch_20260729_150659_a047a5
8805-JNRAZ,0.3045,0,0.5,1.0.0,2026-07-29T15:06:59.847491+00:00,batch_20260729_150659_a047a5
5089-IFSDP,0.0989,0,0.5,1.0.0,2026-07-29T15:06:59.847491+00:00,batch_20260729_150659_a047a5
6418-HNFED,0.0217,0,0.5,1.0.0,2026-07-29T15:06:59.847491+00:00,batch_20260729_150659_a047a5
0206-OYVOC,0.0079,0,0.5,1.0.0,2026-07-29T15:06:59.847491+00:00,batch_20260729_150659_a047a5
7291-CDTMJ,0.2484,0,0.5,1.0.0,2026-07-29T15:06:59.847491+00:00,batch_20260729_150659_a047a5
7128-GGCNO,0.2335,0,0.5,1.0.0,2026-07-29T15:06:59.847491+00:00,batch_20260729_150659_a047a5
0237-YFUTL,0.2774,0,0.5,1.0.0,2026-07-29T15:06:59.847491+00:00,batch_20260729_150659_a047a5
7691-KGKGP,0.0409,0,0.5,1.0.0,2026-07-29T15:06:59.847491+00:00,batch_20260729_150659_a047a5
6710-HSJRD,0.413,0,0.5,1.0.0,2026-07-29T15:06:59.847491+00:00,batch_20260729_150659_a047a5
3675-EQOZA,0.1569,0,0.5,1.0.0,2026-07-29T15:06:59.847491+00:00,batch_20260729_150659_a047a5
0840-DCNZE,0.0514,0,0.5,1.0.0,2026-07-29T15:06:59.847491+00:00,batch_20260729_150659_a047a5
1732-FEKLD,0.1856,0,0.5,1.0.0,2026-07-29T15:06:59.847491+00:00,batch_20260729_150659_a047a5
9862-KJTYK,0.3186,0,0.5,1.0.0,2026-07-29T15:06:59.847491+00:00,batch_20260729_150659_a047a5
0479-HMSWA,0.1795,0,0.5,1.0.0,2026-07-29T15:06:59.847491+00:00,batch_20260729_150659_a047a5
5854-KSRBJ,0.0025,0,0.5,1.0.0,2026-07-29T15:06:59.847491+00:00,batch_20260729_150659_a047a5
0365-BZUWY,0.7345,1,0.5,1.0.0,2026-07-29T15:06:59.847491+00:00,batch_20260729_150659_a047a5
4817-VYYWS,0.6541,1,0.5,1.0.0,2026-07-29T15:06:59.847491+00:00,batch_20260729_150659_a047a5
5701-SVCWR,0.1866,0,0.5,1.0.0,2026-07-29T15:06:59.847491+00:00,batch_20260729_150659_a047a5
3129-AAQOU,0.0242,0,0.5,1.0.0,2026-07-29T15:06:59.847491+00:00,batch_20260729_150659_a047a5
4922-CVPDX,0.0932,0,0.5,1.0.0,2026-07-29T15:06:59.847491+00:00,batch_20260729_150659_a047a5
1396-QWFBJ,0.3748,0,0.5,1.0.0,2026-07-29T15:06:59.847491+00:00,batch_20260729_150659_a047a5
1357-BIJKI,0.3252,0,0.5,1.0.0,2026-07-29T15:06:59.847491+00:00,batch_20260729_150659_a047a5
1099-BTKWT,0.0709,0,0.5,1.0.0,2026-07-29T15:06:59.847491+00:00,batch_20260729_150659_a047a5
5299-SJCZT,0.7662,1,0.5,1.0.0,2026-07-29T15:06:59.847491+00:00,batch_20260729_150659_a047a5
2018-PZKMU,0.5424,1,0.5,1.0.0,2026-07-29T15:06:59.847491+00:00,batch_20260729_150659_a047a5
7340-KEFQE,0.0092,0,0.5,1.0.0,2026-07-29T15:06:59.847491+00:00,batch_20260729_150659_a047a5
4570-QHXHL,0.4436,0,0.5,1.0.0,2026-07-29T15:06:59.847491+00:00,batch_20260729_150659_a047a5
2403-BCASL,0.2761,0,0.5,1.0.0,2026-07-29T15:06:59.847491+00:00,batch_20260729_150659_a047a5
7392-YYPYJ,0.7144,1,0.5,1.0.0,2026-07-29T15:06:59.847491+00:00,batch_20260729_150659_a047a5
2898-LSJGD,0.2694,0,0.5,1.0.0,2026-07-29T15:06:59.847491+00:00,batch_20260729_150659_a047a5
2223-GDSHL,0.0468,0,0.5,1.0.0,2026-07-29T15:06:59.847491+00:00,batch_20260729_150659_a047a5
7359-PTSXY,0.4298,0,0.5,1.0.0,2026-07-29T15:06:59.847491+00:00,batch_20260729_150659_a047a5
9470-RTWDV,0.1388,0,0.5,1.0.0,2026-07-29T15:06:59.847491+00:00,batch_20260729_150659_a047a5
2176-OSJUV,0.0051,0,0.5,1.0.0,2026-07-29T15:06:59.847491+00:00,batch_20260729_150659_a047a5
9348-YVOMK,0.398,0,0.5,1.0.0,2026-07-29T15:06:59.847491+00:00,batch_20260729_150659_a047a5
8104-OSKWT,0.6132,1,0.5,1.0.0,2026-07-29T15:06:59.847491+00:00,batch_20260729_150659_a047a5
4521-YEEHE,0.6101,1,0.5,1.0.0,2026-07-29T15:06:59.847491+00:00,batch_20260729_150659_a047a5
4090-KPJIP,0.7483,1,0.5,1.0.0,2026-07-29T15:06:59.847491+00:00,batch_20260729_150659_a047a5
3786-WOVKF,0.129,0,0.5,1.0.0,2026-07-29T15:06:59.847491+00:00,batch_20260729_150659_a047a5
4503-BDXBD,0.5109,1,0.5,1.0.0,2026-07-29T15:06:59.847491+00:00,batch_20260729_150659_a047a5
6086-ESGRL,0.5934,1,0.5,1.0.0,2026-07-29T15:06:59.847491+00:00,batch_20260729_150659_a047a5
2592-HODOV,0.0544,0,0.5,1.0.0,2026-07-29T15:06:59.847491+00:00,batch_20260729_150659_a047a5
3886-CERTZ,0.1829,0,0.5,1.0.0,2026-07-29T15:06:59.847491+00:00,batch_20260729_150659_a047a5
7995-ZHHNZ,0.0422,0,0.5,1.0.0,2026-07-29T15:06:59.847491+00:00,batch_20260729_150659_a047a5
3824-RHKVR,0.0947,0,0.5,1.0.0,2026-07-29T15:06:59.847491+00:00,batch_20260729_150659_a047a5
5816-SCGFC,0.3539,0,0.5,1.0.0,2026-07-29T15:06:59.847491+00:00,batch_20260729_150659_a047a5
5989-AXPUC,0.0461,0,0.5,1.0.0,2026-07-29T15:06:59.847491+00:00,batch_20260729_150659_a047a5
4979-HPRFL,0.0044,0,0.5,1.0.0,2026-07-29T15:06:59.847491+00:00,batch_20260729_150659_a047a5
8590-OHDIW,0.0151,0,0.5,1.0.0,2026-07-29T15:06:59.847491+00:00,batch_20260729_150659_a047a5
8015-IHCGW,0.0655,0,0.5,1.0.0,2026-07-29T15:06:59.847491+00:00,batch_20260729_150659_a047a5
2332-TODQS,0.0148,0,0.5,1.0.0,2026-07-29T15:06:59.847491+00:00,batch_20260729_150659_a047a5
9278-VZKCD,0.4486,0,0.5,1.0.0,2026-07-29T15:06:59.847491+00:00,batch_20260729_150659_a047a5
8008-OTEZX,0.0173,0,0.5,1.0.0,2026-07-29T15:06:59.847491+00:00,batch_20260729_150659_a047a5
2773-OVBPK,0.0841,0,0.5,1.0.0,2026-07-29T15:06:59.847491+00:00,batch_20260729_150659_a047a5
5999-LCXAO,0.397,0,0.5,1.0.0,2026-07-29T15:06:59.847491+00:00,batch_20260729_150659_a047a5
5206-XZZQI,0.1633,0,0.5,1.0.0,2026-07-29T15:06:59.847491+00:00,batch_20260729_150659_a047a5
4803-LBYPN,0.0385,0,0.5,1.0.0,2026-07-29T15:06:59.847491+00:00,batch_20260729_150659_a047a5
5759-RCVCB,0.5009,1,0.5,1.0.0,2026-07-29T15:06:59.847491+00:00,batch_20260729_150659_a047a5
6372-RFVNS,0.6805,1,0.5,1.0.0,2026-07-29T15:06:59.847491+00:00,batch_20260729_150659_a047a5
2139-FQHLM,0.3688,0,0.5,1.0.0,2026-07-29T15:06:59.847491+00:00,batch_20260729_150659_a047a5
8261-GWDBQ,0.0736,0,0.5,1.0.0,2026-07-29T15:06:59.847491+00:00,batch_20260729_150659_a047a5
1093-YSWCA,0.0319,0,0.5,1.0.0,2026-07-29T15:06:59.847491+00:00,batch_20260729_150659_a047a5
8938-UMKPI,0.57,1,0.5,1.0.0,2026-07-29T15:06:59.847491+00:00,batch_20260729_150659_a047a5
0991-BRRFB,0.2112,0,0.5,1.0.0,2026-07-29T15:06:59.847491+00:00,batch_20260729_150659_a047a5
3882-IYOIJ,0.0383,0,0.5,1.0.0,2026-07-29T15:06:59.847491+00:00,batch_20260729_150659_a047a5
8749-TZYEC,0.0027,0,0.5,1.0.0,2026-07-29T15:06:59.847491+00:00,batch_20260729_150659_a047a5
1755-FZQEC,0.018,0,0.5,1.0.0,2026-07-29T15:06:59.847491+00:00,batch_20260729_150659_a047a5
3115-JPJDD,0.0781,0,0.5,1.0.0,2026-07-29T15:06:59.847491+00:00,batch_20260729_150659_a047a5
5600-KTXFM,0.4854,0,0.5,1.0.0,2026-07-29T15:06:59.847491+00:00,batch_20260729_150659_a047a5
3871-IKPYH,0.6304,1,0.5,1.0.0,2026-07-29T15:06:59.847491+00:00,batch_20260729_150659_a047a5
6319-IEJWJ,0.6398,1,0.5,1.0.0,2026-07-29T15:06:59.847491+00:00,batch_20260729_150659_a047a5
9025-AOMKI,0.7432,1,0.5,1.0.0,2026-07-29T15:06:59.847491+00:00,batch_20260729_150659_a047a5
6339-TBELP,0.0383,0,0.5,1.0.0,2026-07-29T15:06:59.847491+00:00,batch_20260729_150659_a047a5
7964-YESJC,0.1539,0,0.5,1.0.0,2026-07-29T15:06:59.847491+00:00,batch_20260729_150659_a047a5
6173-GOLSU,0.318,0,0.5,1.0.0,2026-07-29T15:06:59.847491+00:00,batch_20260729_150659_a047a5
5275-SQEIZ,0.697,1,0.5,1.0.0,2026-07-29T15:06:59.847491+00:00,batch_20260729_150659_a047a5
7716-YTYHG,0.1893,0,0.5,1.0.0,2026-07-29T15:06:59.847491+00:00,batch_20260729_150659_a047a5
9938-ZREHM,0.0614,0,0.5,1.0.0,2026-07-29T15:06:59.847491+00:00,batch_20260729_150659_a047a5
7950-XWOVN,0.3439,0,0.5,1.0.0,2026-07-29T15:06:59.847491+00:00,batch_20260729_150659_a047a5
4390-KYULV,0.2316,0,0.5,1.0.0,2026-07-29T15:06:59.847491+00:00,batch_20260729_150659_a047a5
4647-MUZON,0.6281,1,0.5,1.0.0,2026-07-29T15:06:59.847491+00:00,batch_20260729_150659_a047a5
9702-AIUJO,0.0364,0,0.5,1.0.0,2026-07-29T15:06:59.847491+00:00,batch_20260729_150659_a047a5
8849-PRIQJ,0.1343,0,0.5,1.0.0,2026-07-29T15:06:59.847491+00:00,batch_20260729_150659_a047a5
8851-RAGOV,0.1526,0,0.5,1.0.0,2026-07-29T15:06:59.847491+00:00,batch_20260729_150659_a047a5
1304-NECVQ,0.7551,1,0.5,1.0.0,2026-07-29T15:06:59.847491+00:00,batch_20260729_150659_a047a5
5396-IZEPB,0.1317,0,0.5,1.0.0,2026-07-29T15:06:59.847491+00:00,batch_20260729_150659_a047a5
1729-VLAZJ,0.0851,0,0.5,1.0.0,2026-07-29T15:06:59.847491+00:00,batch_20260729_150659_a047a5
8285-ABVLB,0.0021,0,0.5,1.0.0,2026-07-29T15:06:59.847491+00:00,batch_20260729_150659_a047a5
0701-TJSEF,0.2508,0,0.5,1.0.0,2026-07-29T15:06:59.847491+00:00,batch_20260729_150659_a047a5
5712-VBOXD,0.2208,0,0.5,1.0.0,2026-07-29T15:06:59.847491+00:00,batch_20260729_150659_a047a5
6629-LADHQ,0.2681,0,0.5,1.0.0,2026-07-29T15:06:59.847491+00:00,batch_20260729_150659_a047a5
8945-GRKHX,0.6287,1,0.5,1.0.0,2026-07-29T15:06:59.847491+00:00,batch_20260729_150659_a047a5
1559-DTODC,0.3702,0,0.5,1.0.0,2026-07-29T15:06:59.847491+00:00,batch_20260729_150659_a047a5
4797-MIWUM,0.168,0,0.5,1.0.0,2026-07-29T15:06:59.847491+00:00,batch_20260729_150659_a047a5
6959-UWKHF,0.5232,1,0.5,1.0.0,2026-07-29T15:06:59.847491+00:00,batch_20260729_150659_a047a5
8720-RQSBJ,0.4271,0,0.5,1.0.0,2026-07-29T15:06:59.847491+00:00,batch_20260729_150659_a047a5
4537-CIBHB,0.0555,0,0.5,1.0.0,2026-07-29T15:06:59.847491+00:00,batch_20260729_150659_a047a5
3815-SLMEF,0.287,0,0.5,1.0.0,2026-07-29T15:06:59.847491+00:00,batch_20260729_150659_a047a5
5154-VEKBL,0.3364,0,0.5,1.0.0,2026-07-29T15:06:59.847491+00:00,batch_20260729_150659_a047a5
4324-AHJKS,0.2375,0,0.5,1.0.0,2026-07-29T15:06:59.847491+00:00,batch_20260729_150659_a047a5
4355-CVPVS,0.1104,0,0.5,1.0.0,2026-07-29T15:06:59.847491+00:00,batch_20260729_150659_a047a5
4495-LHSSK,0.1651,0,0.5,1.0.0,2026-07-29T15:06:59.847491+00:00,batch_20260729_150659_a047a5
5655-JSMZM,0.5581,1,0.5,1.0.0,2026-07-29T15:06:59.847491+00:00,batch_20260729_150659_a047a5
5915-ANOEI,0.0083,0,0.5,1.0.0,2026-07-29T15:06:59.847491+00:00,batch_20260729_150659_a047a5
9861-PDSZP,0.0669,0,0.5,1.0.0,2026-07-29T15:06:59.847491+00:00,batch_20260729_150659_a047a5
4505-EXZHB,0.5923,1,0.5,1.0.0,2026-07-29T15:06:59.847491+00:00,batch_20260729_150659_a047a5
7225-CBZPL,0.7576,1,0.5,1.0.0,2026-07-29T15:06:59.847491+00:00,batch_20260729_150659_a047a5
6704-UTUKK,0.499,0,0.5,1.0.0,2026-07-29T15:06:59.847491+00:00,batch_20260729_150659_a047a5
4587-VVTOX,0.7888,1,0.5,1.0.0,2026-07-29T15:06:59.847491+00:00,batch_20260729_150659_a047a5
2019-HDCZY,0.1286,0,0.5,1.0.0,2026-07-29T15:06:59.847491+00:00,batch_20260729_150659_a047a5
4652-NNHNY,0.5742,1,0.5,1.0.0,2026-07-29T15:06:59.847491+00:00,batch_20260729_150659_a047a5
8788-DOXSU,0.0505,0,0.5,1.0.0,2026-07-29T15:06:59.847491+00:00,batch_20260729_150659_a047a5
7404-JLKQG,0.4602,0,0.5,1.0.0,2026-07-29T15:06:59.847491+00:00,batch_20260729_150659_a047a5
7421-ZLUPA,0.4634,0,0.5,1.0.0,2026-07-29T15:06:59.847491+00:00,batch_20260729_150659_a047a5
8972-HJWNV,0.7732,1,0.5,1.0.0,2026-07-29T15:06:59.847491+00:00,batch_20260729_150659_a047a5
3274-NSDWE,0.0024,0,0.5,1.0.0,2026-07-29T15:06:59.847491+00:00,batch_20260729_150659_a047a5
2632-IVXVF,0.036,0,0.5,1.0.0,2026-07-29T15:06:59.847491+00:00,batch_20260729_150659_a047a5
3692-JHONH,0.3481,0,0.5,1.0.0,2026-07-29T15:06:59.847491+00:00,batch_20260729_150659_a047a5
8915-NNTRC,0.0393,0,0.5,1.0.0,2026-07-29T15:06:59.847491+00:00,batch_20260729_150659_a047a5
5914-GXMDA,0.0246,0,0.5,1.0.0,2026-07-29T15:06:59.847491+00:00,batch_20260729_150659_a047a5
7463-IFMQU,0.002,0,0.5,1.0.0,2026-07-29T15:06:59.847491+00:00,batch_20260729_150659_a047a5
2920-RNCEZ,0.5772,1,0.5,1.0.0,2026-07-29T15:06:59.847491+00:00,batch_20260729_150659_a047a5
2541-YGPKE,0.0243,0,0.5,1.0.0,2026-07-29T15:06:59.847491+00:00,batch_20260729_150659_a047a5
8515-OCTJS,0.0221,0,0.5,1.0.0,2026-07-29T15:06:59.847491+00:00,batch_20260729_150659_a047a5
5382-TEMLV,0.0875,0,0.5,1.0.0,2026-07-29T15:06:59.847491+00:00,batch_20260729_150659_a047a5
3441-CGZJH,0.07,0,0.5,1.0.0,2026-07-29T15:06:59.847491+00:00,batch_20260729_150659_a047a5
9592-ERDKV,0.0954,0,0.5,1.0.0,2026-07-29T15:06:59.847491+00:00,batch_20260729_150659_a047a5
2860-RANUS,0.6018,1,0.5,1.0.0,2026-07-29T15:06:59.847491+00:00,batch_20260729_150659_a047a5
5261-QSHQM,0.6277,1,0.5,1.0.0,2026-07-29T15:06:59.847491+00:00,batch_20260729_150659_a047a5
4778-IZARL,0.0482,0,0.5,1.0.0,2026-07-29T15:06:59.847491+00:00,batch_20260729_150659_a047a5
0432-CAJZV,0.6417,1,0.5,1.0.0,2026-07-29T15:06:59.847491+00:00,batch_20260729_150659_a047a5
7008-LZVOZ,0.0041,0,0.5,1.0.0,2026-07-29T15:06:59.847491+00:00,batch_20260729_150659_a047a5
8868-WOZGU,0.6791,1,0.5,1.0.0,2026-07-29T15:06:59.847491+00:00,batch_20260729_150659_a047a5
1200-TUZHR,0.6868,1,0.5,1.0.0,2026-07-29T15:06:59.847491+00:00,batch_20260729_150659_a047a5
9365-CSLBQ,0.0022,0,0.5,1.0.0,2026-07-29T15:06:59.847491+00:00,batch_20260729_150659_a047a5
1334-FJSVR,0.6592,1,0.5,1.0.0,2026-07-29T15:06:59.847491+00:00,batch_20260729_150659_a047a5
5884-FBCTL,0.0022,0,0.5,1.0.0,2026-07-29T15:06:59.847491+00:00,batch_20260729_150659_a047a5
7130-CTCUS,0.2042,0,0.5,1.0.0,2026-07-29T15:06:59.847491+00:00,batch_20260729_150659_a047a5
6242-FEGFD,0.0231,0,0.5,1.0.0,2026-07-29T15:06:59.847491+00:00,batch_20260729_150659_a047a5
7625-XCQRH,0.6975,1,0.5,1.0.0,2026-07-29T15:06:59.847491+00:00,batch_20260729_150659_a047a5
6194-HBGQN,0.0412,0,0.5,1.0.0,2026-07-29T15:06:59.847491+00:00,batch_20260729_150659_a047a5
7634-WSWDB,0.5027,1,0.5,1.0.0,2026-07-29T15:06:59.847491+00:00,batch_20260729_150659_a047a5
6986-IXNDM,0.7352,1,0.5,1.0.0,2026-07-29T15:06:59.847491+00:00,batch_20260729_150659_a047a5
1731-TVIUK,0.6738,1,0.5,1.0.0,2026-07-29T15:06:59.847491+00:00,batch_20260729_150659_a047a5
2987-BJXIK,0.0173,0,0.5,1.0.0,2026-07-29T15:06:59.847491+00:00,batch_20260729_150659_a047a5
9769-TSBZE,0.0064,0,0.5,1.0.0,2026-07-29T15:06:59.847491+00:00,batch_20260729_150659_a047a5
0406-BPDVR,0.2331,0,0.5,1.0.0,2026-07-29T15:06:59.847491+00:00,batch_20260729_150659_a047a5
0618-XWMSS,0.2784,0,0.5,1.0.0,2026-07-29T15:06:59.847491+00:00,batch_20260729_150659_a047a5
1395-WSWXR,0.0189,0,0.5,1.0.0,2026-07-29T15:06:59.847491+00:00,batch_20260729_150659_a047a5
6023-GSSXW,0.0155,0,0.5,1.0.0,2026-07-29T15:06:59.847491+00:00,batch_20260729_150659_a047a5
6752-APNJL,0.0505,0,0.5,1.0.0,2026-07-29T15:06:59.847491+00:00,batch_20260729_150659_a047a5
5276-KQWHG,0.7097,1,0.5,1.0.0,2026-07-29T15:06:59.847491+00:00,batch_20260729_150659_a047a5
0420-HLGXF,0.6423,1,0.5,1.0.0,2026-07-29T15:06:59.847491+00:00,batch_20260729_150659_a047a5
7446-KQISO,0.1062,0,0.5,1.0.0,2026-07-29T15:06:59.847491+00:00,batch_20260729_150659_a047a5
9823-EALYC,0.0089,0,0.5,1.0.0,2026-07-29T15:06:59.847491+00:00,batch_20260729_150659_a047a5
0582-AVCLN,0.0099,0,0.5,1.0.0,2026-07-29T15:06:59.847491+00:00,batch_20260729_150659_a047a5
5803-NQJZO,0.0073,0,0.5,1.0.0,2026-07-29T15:06:59.847491+00:00,batch_20260729_150659_a047a5
2565-JSLRY,0.3013,0,0.5,1.0.0,2026-07-29T15:06:59.847491+00:00,batch_20260729_150659_a047a5
2607-DHDAK,0.0023,0,0.5,1.0.0,2026-07-29T15:06:59.847491+00:00,batch_20260729_150659_a047a5
1073-XXCZD,0.006,0,0.5,1.0.0,2026-07-29T15:06:59.847491+00:00,batch_20260729_150659_a047a5
0743-HRVFF,0.1012,0,0.5,1.0.0,2026-07-29T15:06:59.847491+00:00,batch_20260729_150659_a047a5
4006-HKYHO,0.0161,0,0.5,1.0.0,2026-07-29T15:06:59.847491+00:00,batch_20260729_150659_a047a5
3727-JEZTU,0.1895,0,0.5,1.0.0,2026-07-29T15:06:59.847491+00:00,batch_20260729_150659_a047a5
8143-ETQTI,0.023,0,0.5,1.0.0,2026-07-29T15:06:59.847491+00:00,batch_20260729_150659_a047a5
6689-KXGBO,0.3915,0,0.5,1.0.0,2026-07-29T15:06:59.847491+00:00,batch_20260729_150659_a047a5
9667-TKTVZ,0.3879,0,0.5,1.0.0,2026-07-29T15:06:59.847491+00:00,batch_20260729_150659_a047a5
3657-COGMW,0.2751,0,0.5,1.0.0,2026-07-29T15:06:59.847491+00:00,batch_20260729_150659_a047a5
8570-KLJYJ,0.0525,0,0.5,1.0.0,2026-07-29T15:06:59.847491+00:00,batch_20260729_150659_a047a5
7754-IXRMC,0.349,0,0.5,1.0.0,2026-07-29T15:06:59.847491+00:00,batch_20260729_150659_a047a5
9473-CBZOP,0.0734,0,0.5,1.0.0,2026-07-29T15:06:59.847491+00:00,batch_20260729_150659_a047a5
2969-WGHQO,0.1424,0,0.5,1.0.0,2026-07-29T15:06:59.847491+00:00,batch_20260729_150659_a047a5
6615-NGGZJ,0.7489,1,0.5,1.0.0,2026-07-29T15:06:59.847491+00:00,batch_20260729_150659_a047a5
4334-HOWRP,0.0147,0,0.5,1.0.0,2026-07-29T15:06:59.847491+00:00,batch_20260729_150659_a047a5
4255-DDUOU,0.2167,0,0.5,1.0.0,2026-07-29T15:06:59.847491+00:00,batch_20260729_150659_a047a5
5863-OOKCL,0.1314,0,0.5,1.0.0,2026-07-29T15:06:59.847491+00:00,batch_20260729_150659_a047a5
1686-STUHN,0.0151,0,0.5,1.0.0,2026-07-29T15:06:59.847491+00:00,batch_20260729_150659_a047a5
1329-VHWNP,0.4068,0,0.5,1.0.0,2026-07-29T15:06:59.847491+00:00,batch_20260729_150659_a047a5
2984-MIIZL,0.6141,1,0.5,1.0.0,2026-07-29T15:06:59.847491+00:00,batch_20260729_150659_a047a5
0266-GMEAO,0.0413,0,0.5,1.0.0,2026-07-29T15:06:59.847491+00:00,batch_20260729_150659_a047a5
5590-YRFJT,0.4525,0,0.5,1.0.0,2026-07-29T15:06:59.847491+00:00,batch_20260729_150659_a047a5
5574-NXZIU,0.0351,0,0.5,1.0.0,2026-07-29T15:06:59.847491+00:00,batch_20260729_150659_a047a5
0019-GFNTW,0.0092,0,0.5,1.0.0,2026-07-29T15:06:59.847491+00:00,batch_20260729_150659_a047a5
4256-ZWTZI,0.2643,0,0.5,1.0.0,2026-07-29T15:06:59.847491+00:00,batch_20260729_150659_a047a5
8309-PPCED,0.0723,0,0.5,1.0.0,2026-07-29T15:06:59.847491+00:00,batch_20260729_150659_a047a5
4098-NAUKP,0.2079,0,0.5,1.0.0,2026-07-29T15:06:59.847491+00:00,batch_20260729_150659_a047a5
5196-WPYOW,0.0066,0,0.5,1.0.0,2026-07-29T15:06:59.847491+00:00,batch_20260729_150659_a047a5
4608-LCIMN,0.2354,0,0.5,1.0.0,2026-07-29T15:06:59.847491+00:00,batch_20260729_150659_a047a5
1485-YDHMM,0.207,0,0.5,1.0.0,2026-07-29T15:06:59.847491+00:00,batch_20260729_150659_a047a5
4054-CUMIA,0.1125,0,0.5,1.0.0,2026-07-29T15:06:59.847491+00:00,batch_20260729_150659_a047a5
0603-TPMIB,0.0041,0,0.5,1.0.0,2026-07-29T15:06:59.847491+00:00,batch_20260729_150659_a047a5
2525-GVKQU,0.0035,0,0.5,1.0.0,2026-07-29T15:06:59.847491+00:00,batch_20260729_150659_a047a5
8161-QYMTT,0.8075,1,0.5,1.0.0,2026-07-29T15:06:59.847491+00:00,batch_20260729_150659_a047a5
9581-GVBXT,0.0194,0,0.5,1.0.0,2026-07-29T15:06:59.847491+00:00,batch_20260729_150659_a047a5
5862-BRIXZ,0.0434,0,0.5,1.0.0,2026-07-29T15:06:59.847491+00:00,batch_20260729_150659_a047a5
5404-GGUKR,0.4507,0,0.5,1.0.0,2026-07-29T15:06:59.847491+00:00,batch_20260729_150659_a047a5
3308-JSGML,0.0291,0,0.5,1.0.0,2026-07-29T15:06:59.847491+00:00,batch_20260729_150659_a047a5
2126-GSEGL,0.0229,0,0.5,1.0.0,2026-07-29T15:06:59.847491+00:00,batch_20260729_150659_a047a5
3677-TNKIO,0.5188,1,0.5,1.0.0,2026-07-29T15:06:59.847491+00:00,batch_20260729_150659_a047a5
0440-QEXBZ,0.1525,0,0.5,1.0.0,2026-07-29T15:06:59.847491+00:00,batch_20260729_150659_a047a5
2434-EEVDB,0.0661,0,0.5,1.0.0,2026-07-29T15:06:59.847491+00:00,batch_20260729_150659_a047a5
6762-QVYJO,0.016,0,0.5,1.0.0,2026-07-29T15:06:59.847491+00:00,batch_20260729_150659_a047a5
6199-IWKGC,0.2342,0,0.5,1.0.0,2026-07-29T15:06:59.847491+00:00,batch_20260729_150659_a047a5
2675-DHUTR,0.4651,0,0.5,1.0.0,2026-07-29T15:06:59.847491+00:00,batch_20260729_150659_a047a5
8152-VETUR,0.0803,0,0.5,1.0.0,2026-07-29T15:06:59.847491+00:00,batch_20260729_150659_a047a5
9667-EQRXU,0.4183,0,0.5,1.0.0,2026-07-29T15:06:59.847491+00:00,batch_20260729_150659_a047a5
7446-YPODE,0.2112,0,0.5,1.0.0,2026-07-29T15:06:59.847491+00:00,batch_20260729_150659_a047a5
9522-BNTHX,0.4211,0,0.5,1.0.0,2026-07-29T15:06:59.847491+00:00,batch_20260729_150659_a047a5
4676-WLUHT,0.0187,0,0.5,1.0.0,2026-07-29T15:06:59.847491+00:00,batch_20260729_150659_a047a5
3329-WDIOK,0.7065,1,0.5,1.0.0,2026-07-29T15:06:59.847491+00:00,batch_20260729_150659_a047a5
7980-MHFLQ,0.0023,0,0.5,1.0.0,2026-07-29T15:06:59.847491+00:00,batch_20260729_150659_a047a5
2873-ZLIWT,0.3291,0,0.5,1.0.0,2026-07-29T15:06:59.847491+00:00,batch_20260729_150659_a047a5
3415-TAILE,0.3924,0,0.5,1.0.0,2026-07-29T15:06:59.847491+00:00,batch_20260729_150659_a047a5
0757-WCUUZ,0.0216,0,0.5,1.0.0,2026-07-29T15:06:59.847491+00:00,batch_20260729_150659_a047a5
1629-DQQVB,0.1782,0,0.5,1.0.0,2026-07-29T15:06:59.847491+00:00,batch_20260729_150659_a047a5
1915-IOFGU,0.6325,1,0.5,1.0.0,2026-07-29T15:06:59.847491+00:00,batch_20260729_150659_a047a5
3045-XETSH,0.7279,1,0.5,1.0.0,2026-07-29T15:06:59.847491+00:00,batch_20260729_150659_a047a5
0374-AACSZ,0.346,0,0.5,1.0.0,2026-07-29T15:06:59.847491+00:00,batch_20260729_150659_a047a5
7239-HZZCX,0.1889,0,0.5,1.0.0,2026-07-29T15:06:59.847491+00:00,batch_20260729_150659_a047a5
4872-VXRIL,0.0236,0,0.5,1.0.0,2026-07-29T15:06:59.847491+00:00,batch_20260729_150659_a047a5
9140-CZQZZ,0.013,0,0.5,1.0.0,2026-07-29T15:06:59.847491+00:00,batch_20260729_150659_a047a5
3423-HHXAO,0.0643,0,0.5,1.0.0,2026-07-29T15:06:59.847491+00:00,batch_20260729_150659_a047a5
9938-TKDGL,0.0501,0,0.5,1.0.0,2026-07-29T15:06:59.847491+00:00,batch_20260729_150659_a047a5
0531-ZZJWQ,0.3388,0,0.5,1.0.0,2026-07-29T15:06:59.847491+00:00,batch_20260729_150659_a047a5
6537-QLGEX,0.4747,0,0.5,1.0.0,2026-07-29T15:06:59.847491+00:00,batch_20260729_150659_a047a5
2688-BHGOG,0.7116,1,0.5,1.0.0,2026-07-29T15:06:59.847491+00:00,batch_20260729_150659_a047a5
7683-CBDKJ,0.2945,0,0.5,1.0.0,2026-07-29T15:06:59.847491+00:00,batch_20260729_150659_a047a5
0946-CLJTI,0.5082,1,0.5,1.0.0,2026-07-29T15:06:59.847491+00:00,batch_20260729_150659_a047a5
3160-TYXLT,0.1134,0,0.5,1.0.0,2026-07-29T15:06:59.847491+00:00,batch_20260729_150659_a047a5
1325-USMEC,0.053,0,0.5,1.0.0,2026-07-29T15:06:59.847491+00:00,batch_20260729_150659_a047a5
0916-QOFDP,0.7331,1,0.5,1.0.0,2026-07-29T15:06:59.847491+00:00,batch_20260729_150659_a047a5
0628-CNQRM,0.0714,0,0.5,1.0.0,2026-07-29T15:06:59.847491+00:00,batch_20260729_150659_a047a5
5606-AMZBO,0.5285,1,0.5,1.0.0,2026-07-29T15:06:59.847491+00:00,batch_20260729_150659_a047a5
6199-IPCAO,0.0154,0,0.5,1.0.0,2026-07-29T15:06:59.847491+00:00,batch_20260729_150659_a047a5
7665-TOALD,0.7172,1,0.5,1.0.0,2026-07-29T15:06:59.847491+00:00,batch_20260729_150659_a047a5
0112-QWPNC,0.0649,0,0.5,1.0.0,2026-07-29T15:06:59.847491+00:00,batch_20260729_150659_a047a5
0324-BRPCJ,0.4027,0,0.5,1.0.0,2026-07-29T15:06:59.847491+00:00,batch_20260729_150659_a047a5
2777-PHDEI,0.6768,1,0.5,1.0.0,2026-07-29T15:06:59.847491+00:00,batch_20260729_150659_a047a5
5640-CAXOA,0.1299,0,0.5,1.0.0,2026-07-29T15:06:59.847491+00:00,batch_20260729_150659_a047a5
2235-EZAIK,0.0069,0,0.5,1.0.0,2026-07-29T15:06:59.847491+00:00,batch_20260729_150659_a047a5
3847-BAERP,0.1879,0,0.5,1.0.0,2026-07-29T15:06:59.847491+00:00,batch_20260729_150659_a047a5
1196-AMORA,0.6353,1,0.5,1.0.0,2026-07-29T15:06:59.847491+00:00,batch_20260729_150659_a047a5
4282-YMKNA,0.7103,1,0.5,1.0.0,2026-07-29T15:06:59.847491+00:00,batch_20260729_150659_a047a5
1453-RZFON,0.229,0,0.5,1.0.0,2026-07-29T15:06:59.847491+00:00,batch_20260729_150659_a047a5
8263-OKETD,0.255,0,0.5,1.0.0,2026-07-29T15:06:59.847491+00:00,batch_20260729_150659_a047a5
0670-KDOMA,0.2572,0,0.5,1.0.0,2026-07-29T15:06:59.847491+00:00,batch_20260729_150659_a047a5
2476-YGEFM,0.4594,0,0.5,1.0.0,2026-07-29T15:06:59.847491+00:00,batch_20260729_150659_a047a5
8687-BAFGU,0.5307,1,0.5,1.0.0,2026-07-29T15:06:59.847491+00:00,batch_20260729_150659_a047a5
0641-EVBOJ,0.4446,0,0.5,1.0.0,2026-07-29T15:06:59.847491+00:00,batch_20260729_150659_a047a5
0829-XXPLX,0.4658,0,0.5,1.0.0,2026-07-29T15:06:59.847491+00:00,batch_20260729_150659_a047a5
9974-JFBHQ,0.1629,0,0.5,1.0.0,2026-07-29T15:06:59.847491+00:00,batch_20260729_150659_a047a5
5356-RHIPP,0.2571,0,0.5,1.0.0,2026-07-29T15:06:59.847491+00:00,batch_20260729_150659_a047a5
6624-JDRDS,0.3345,0,0.5,1.0.0,2026-07-29T15:06:59.847491+00:00,batch_20260729_150659_a047a5
0608-JDVEC,0.0081,0,0.5,1.0.0,2026-07-29T15:06:59.847491+00:00,batch_20260729_150659_a047a5
9780-FKVVF,0.357,0,0.5,1.0.0,2026-07-29T15:06:59.847491+00:00,batch_20260729_150659_a047a5
1919-RTPQD,0.3199,0,0.5,1.0.0,2026-07-29T15:06:59.847491+00:00,batch_20260729_150659_a047a5
5214-NLTIT,0.0582,0,0.5,1.0.0,2026-07-29T15:06:59.847491+00:00,batch_20260729_150659_a047a5
3345-PBBFH,0.3317,0,0.5,1.0.0,2026-07-29T15:06:59.847491+00:00,batch_20260729_150659_a047a5
5055-BRMNE,0.0335,0,0.5,1.0.0,2026-07-29T15:06:59.847491+00:00,batch_20260729_150659_a047a5
9189-JWSHV,0.7185,1,0.5,1.0.0,2026-07-29T15:06:59.847491+00:00,batch_20260729_150659_a047a5
2190-PHBHR,0.0485,0,0.5,1.0.0,2026-07-29T15:06:59.847491+00:00,batch_20260729_150659_a047a5
2650-GYRYL,0.0262,0,0.5,1.0.0,2026-07-29T15:06:59.847491+00:00,batch_20260729_150659_a047a5
0746-JTRFU,0.6505,1,0.5,1.0.0,2026-07-29T15:06:59.847491+00:00,batch_20260729_150659_a047a5
5208-FVQKB,0.0055,0,0.5,1.0.0,2026-07-29T15:06:59.847491+00:00,batch_20260729_150659_a047a5
7184-LRUUR,0.1056,0,0.5,1.0.0,2026-07-29T15:06:59.847491+00:00,batch_20260729_150659_a047a5
6627-CFOSN,0.237,0,0.5,1.0.0,2026-07-29T15:06:59.847491+00:00,batch_20260729_150659_a047a5
3982-JGSFD,0.0285,0,0.5,1.0.0,2026-07-29T15:06:59.847491+00:00,batch_20260729_150659_a047a5
1574-DYCWE,0.0043,0,0.5,1.0.0,2026-07-29T15:06:59.847491+00:00,batch_20260729_150659_a047a5
7247-XOZPB,0.031,0,0.5,1.0.0,2026-07-29T15:06:59.847491+00:00,batch_20260729_150659_a047a5
2466-FCCPT,0.0326,0,0.5,1.0.0,2026-07-29T15:06:59.847491+00:00,batch_20260729_150659_a047a5
6211-WWLTF,0.0523,0,0.5,1.0.0,2026-07-29T15:06:59.847491+00:00,batch_20260729_150659_a047a5
4826-TZEVA,0.2085,0,0.5,1.0.0,2026-07-29T15:06:59.847491+00:00,batch_20260729_150659_a047a5
6016-NXBNJ,0.0311,0,0.5,1.0.0,2026-07-29T15:06:59.847491+00:00,batch_20260729_150659_a047a5
9138-EFSMO,0.1909,0,0.5,1.0.0,2026-07-29T15:06:59.847491+00:00,batch_20260729_150659_a047a5
0576-WNXXC,0.6209,1,0.5,1.0.0,2026-07-29T15:06:59.847491+00:00,batch_20260729_150659_a047a5
4632-XJMEX,0.0112,0,0.5,1.0.0,2026-07-29T15:06:59.847491+00:00,batch_20260729_150659_a047a5
8910-LEDAG,0.2743,0,0.5,1.0.0,2026-07-29T15:06:59.847491+00:00,batch_20260729_150659_a047a5
3452-GWUIN,0.7472,1,0.5,1.0.0,2026-07-29T15:06:59.847491+00:00,batch_20260729_150659_a047a5
2716-GFZOR,0.2171,0,0.5,1.0.0,2026-07-29T15:06:59.847491+00:00,batch_20260729_150659_a047a5
3724-UCSHY,0.1284,0,0.5,1.0.0,2026-07-29T15:06:59.847491+00:00,batch_20260729_150659_a047a5
8626-XHBIE,0.0068,0,0.5,1.0.0,2026-07-29T15:06:59.847491+00:00,batch_20260729_150659_a047a5
4628-CTTLA,0.1593,0,0.5,1.0.0,2026-07-29T15:06:59.847491+00:00,batch_20260729_150659_a047a5
3192-LNKRK,0.3905,0,0.5,1.0.0,2026-07-29T15:06:59.847491+00:00,batch_20260729_150659_a047a5
4439-YRNVD,0.3386,0,0.5,1.0.0,2026-07-29T15:06:59.847491+00:00,batch_20260729_150659_a047a5
2876-VBBBL,0.2572,0,0.5,1.0.0,2026-07-29T15:06:59.847491+00:00,batch_20260729_150659_a047a5
6834-NXDCA,0.5273,1,0.5,1.0.0,2026-07-29T15:06:59.847491+00:00,batch_20260729_150659_a047a5
2208-UGTGR,0.3796,0,0.5,1.0.0,2026-07-29T15:06:59.847491+00:00,batch_20260729_150659_a047a5
3005-TYFRD,0.4014,0,0.5,1.0.0,2026-07-29T15:06:59.847491+00:00,batch_20260729_150659_a047a5
8670-MEFCP,0.0395,0,0.5,1.0.0,2026-07-29T15:06:59.847491+00:00,batch_20260729_150659_a047a5
3079-BCHLN,0.0121,0,0.5,1.0.0,2026-07-29T15:06:59.847491+00:00,batch_20260729_150659_a047a5
7777-UNYHB,0.135,0,0.5,1.0.0,2026-07-29T15:06:59.847491+00:00,batch_20260729_150659_a047a5
5597-GLBUC,0.7608,1,0.5,1.0.0,2026-07-29T15:06:59.847491+00:00,batch_20260729_150659_a047a5
7278-CKDNC,0.5738,1,0.5,1.0.0,2026-07-29T15:06:59.847491+00:00,batch_20260729_150659_a047a5
2748-MYRVK,0.1332,0,0.5,1.0.0,2026-07-29T15:06:59.847491+00:00,batch_20260729_150659_a047a5
8450-UYIBU,0.3712,0,0.5,1.0.0,2026-07-29T15:06:59.847491+00:00,batch_20260729_150659_a047a5
2969-VAPYH,0.0077,0,0.5,1.0.0,2026-07-29T15:06:59.847491+00:00,batch_20260729_150659_a047a5
4822-YCXMX,0.6504,1,0.5,1.0.0,2026-07-29T15:06:59.847491+00:00,batch_20260729_150659_a047a5
7181-OQCUT,0.4985,0,0.5,1.0.0,2026-07-29T15:06:59.847491+00:00,batch_20260729_150659_a047a5
8474-UMLNT,0.1419,0,0.5,1.0.0,2026-07-29T15:06:59.847491+00:00,batch_20260729_150659_a047a5
9821-POOTN,0.5043,1,0.5,1.0.0,2026-07-29T15:06:59.847491+00:00,batch_20260729_150659_a047a5
3836-FZSDJ,0.0029,0,0.5,1.0.0,2026-07-29T15:06:59.847491+00:00,batch_20260729_150659_a047a5
9142-XMYJH,0.0567,0,0.5,1.0.0,2026-07-29T15:06:59.847491+00:00,batch_20260729_150659_a047a5
6559-ILWKJ,0.0257,0,0.5,1.0.0,2026-07-29T15:06:59.847491+00:00,batch_20260729_150659_a047a5
0187-QSXOE,0.768,1,0.5,1.0.0,2026-07-29T15:06:59.847491+00:00,batch_20260729_150659_a047a5
7733-UDMTP,0.2329,0,0.5,1.0.0,2026-07-29T15:06:59.847491+00:00,batch_20260729_150659_a047a5
2649-HWLYB,0.0108,0,0.5,1.0.0,2026-07-29T15:06:59.847491+00:00,batch_20260729_150659_a047a5
5214-CHIWJ,0.0314,0,0.5,1.0.0,2026-07-29T15:06:59.847491+00:00,batch_20260729_150659_a047a5
4229-CZMLL,0.7302,1,0.5,1.0.0,2026-07-29T15:06:59.847491+00:00,batch_20260729_150659_a047a5
6904-JLBGY,0.0566,0,0.5,1.0.0,2026-07-29T15:06:59.847491+00:00,batch_20260729_150659_a047a5
2465-BLLEU,0.2566,0,0.5,1.0.0,2026-07-29T15:06:59.847491+00:00,batch_20260729_150659_a047a5
1685-VAYJF,0.2518,0,0.5,1.0.0,2026-07-29T15:06:59.847491+00:00,batch_20260729_150659_a047a5
8874-EJNSR,0.0099,0,0.5,1.0.0,2026-07-29T15:06:59.847491+00:00,batch_20260729_150659_a047a5
6917-YACBP,0.2598,0,0.5,1.0.0,2026-07-29T15:06:59.847491+00:00,batch_20260729_150659_a047a5
5049-MUBWG,0.0681,0,0.5,1.0.0,2026-07-29T15:06:59.847491+00:00,batch_20260729_150659_a047a5
4223-WOZCM,0.342,0,0.5,1.0.0,2026-07-29T15:06:59.847491+00:00,batch_20260729_150659_a047a5
0769-MURVM,0.0081,0,0.5,1.0.0,2026-07-29T15:06:59.847491+00:00,batch_20260729_150659_a047a5
9253-VIFJQ,0.0181,0,0.5,1.0.0,2026-07-29T15:06:59.847491+00:00,batch_20260729_150659_a047a5
7030-FZTFM,0.0388,0,0.5,1.0.0,2026-07-29T15:06:59.847491+00:00,batch_20260729_150659_a047a5
9741-YLNTD,0.607,1,0.5,1.0.0,2026-07-29T15:06:59.847491+00:00,batch_20260729_150659_a047a5
5917-RYRMG,0.0231,0,0.5,1.0.0,2026-07-29T15:06:59.847491+00:00,batch_20260729_150659_a047a5
5120-ZBLAI,0.0854,0,0.5,1.0.0,2026-07-29T15:06:59.847491+00:00,batch_20260729_150659_a047a5
1194-BHJYC,0.0269,0,0.5,1.0.0,2026-07-29T15:06:59.847491+00:00,batch_20260729_150659_a047a5
3663-MITLP,0.698,1,0.5,1.0.0,2026-07-29T15:06:59.847491+00:00,batch_20260729_150659_a047a5
0906-QVPMS,0.0386,0,0.5,1.0.0,2026-07-29T15:06:59.847491+00:00,batch_20260729_150659_a047a5
9025-ZRPVR,0.1918,0,0.5,1.0.0,2026-07-29T15:06:59.847491+00:00,batch_20260729_150659_a047a5
1905-OEILC,0.1886,0,0.5,1.0.0,2026-07-29T15:06:59.847491+00:00,batch_20260729_150659_a047a5
7858-GTZSP,0.7443,1,0.5,1.0.0,2026-07-29T15:06:59.847491+00:00,batch_20260729_150659_a047a5
3285-UCQVC,0.1032,0,0.5,1.0.0,2026-07-29T15:06:59.847491+00:00,batch_20260729_150659_a047a5
6248-BSHKG,0.0053,0,0.5,1.0.0,2026-07-29T15:06:59.847491+00:00,batch_20260729_150659_a047a5
4685-TFLLS,0.0356,0,0.5,1.0.0,2026-07-29T15:06:59.847491+00:00,batch_20260729_150659_a047a5
3470-BTGQO,0.1594,0,0.5,1.0.0,2026-07-29T15:06:59.847491+00:00,batch_20260729_150659_a047a5
1209-VFFOC,0.0108,0,0.5,1.0.0,2026-07-29T15:06:59.847491+00:00,batch_20260729_150659_a047a5
8224-DWCKX,0.5908,1,0.5,1.0.0,2026-07-29T15:06:59.847491+00:00,batch_20260729_150659_a047a5
5482-PLVPE,0.5548,1,0.5,1.0.0,2026-07-29T15:06:59.847491+00:00,batch_20260729_150659_a047a5
4553-DVPZG,0.4816,0,0.5,1.0.0,2026-07-29T15:06:59.847491+00:00,batch_20260729_150659_a047a5
4902-OHLSK,0.501,1,0.5,1.0.0,2026-07-29T15:06:59.847491+00:00,batch_20260729_150659_a047a5
6917-IAYHD,0.293,0,0.5,1.0.0,2026-07-29T15:06:59.847491+00:00,batch_20260729_150659_a047a5
0495-ZBNGW,0.6586,1,0.5,1.0.0,2026-07-29T15:06:59.847491+00:00,batch_20260729_150659_a047a5
8620-RJPZN,0.2473,0,0.5,1.0.0,2026-07-29T15:06:59.847491+00:00,batch_20260729_150659_a047a5
7572-KPVKK,0.1107,0,0.5,1.0.0,2026-07-29T15:06:59.847491+00:00,batch_20260729_150659_a047a5
2642-MAWLJ,0.0083,0,0.5,1.0.0,2026-07-29T15:06:59.847491+00:00,batch_20260729_150659_a047a5
2357-COQEK,0.6133,1,0.5,1.0.0,2026-07-29T15:06:59.847491+00:00,batch_20260729_150659_a047a5
7103-ZGVNT,0.0106,0,0.5,1.0.0,2026-07-29T15:06:59.847491+00:00,batch_20260729_150659_a047a5
3737-GCSPV,0.4964,0,0.5,1.0.0,2026-07-29T15:06:59.847491+00:00,batch_20260729_150659_a047a5
2027-WKXMW,0.3667,0,0.5,1.0.0,2026-07-29T15:06:59.847491+00:00,batch_20260729_150659_a047a5
7137-NAXML,0.0352,0,0.5,1.0.0,2026-07-29T15:06:59.847491+00:00,batch_20260729_150659_a047a5
2428-ZMCTB,0.1267,0,0.5,1.0.0,2026-07-29T15:06:59.847491+00:00,batch_20260729_150659_a047a5
2961-VNFKL,0.0042,0,0.5,1.0.0,2026-07-29T15:06:59.847491+00:00,batch_20260729_150659_a047a5
1768-HNVGJ,0.1485,0,0.5,1.0.0,2026-07-29T15:06:59.847491+00:00,batch_20260729_150659_a047a5
6963-KQYQB,0.0024,0,0.5,1.0.0,2026-07-29T15:06:59.847491+00:00,batch_20260729_150659_a047a5
5934-RMPOV,0.6185,1,0.5,1.0.0,2026-07-29T15:06:59.847491+00:00,batch_20260729_150659_a047a5
1207-BLKSA,0.0054,0,0.5,1.0.0,2026-07-29T15:06:59.847491+00:00,batch_20260729_150659_a047a5
4088-YLDSU,0.2651,0,0.5,1.0.0,2026-07-29T15:06:59.847491+00:00,batch_20260729_150659_a047a5
8316-BBQAY,0.0143,0,0.5,1.0.0,2026-07-29T15:06:59.847491+00:00,batch_20260729_150659_a047a5
1166-PQLGG,0.0016,0,0.5,1.0.0,2026-07-29T15:06:59.847491+00:00,batch_20260729_150659_a047a5
3146-JTQHR,0.0636,0,0.5,1.0.0,2026-07-29T15:06:59.847491+00:00,batch_20260729_150659_a047a5
4291-YZODP,0.0594,0,0.5,1.0.0,2026-07-29T15:06:59.847491+00:00,batch_20260729_150659_a047a5
4395-PZMSN,0.7075,1,0.5,1.0.0,2026-07-29T15:06:59.847491+00:00,batch_20260729_150659_a047a5
6427-FEFIG,0.0582,0,0.5,1.0.0,2026-07-29T15:06:59.847491+00:00,batch_20260729_150659_a047a5
0017-IUDMW,0.0457,0,0.5,1.0.0,2026-07-29T15:06:59.847491+00:00,batch_20260729_150659_a047a5
8706-HRADD,0.2635,0,0.5,1.0.0,2026-07-29T15:06:59.847491+00:00,batch_20260729_150659_a047a5
9955-QOPOY,0.0429,0,0.5,1.0.0,2026-07-29T15:06:59.847491+00:00,batch_20260729_150659_a047a5
4385-ZKVNW,0.0638,0,0.5,1.0.0,2026-07-29T15:06:59.847491+00:00,batch_20260729_150659_a047a5
5446-DKWYW,0.0685,0,0.5,1.0.0,2026-07-29T15:06:59.847491+00:00,batch_20260729_150659_a047a5
2034-CGRHZ,0.6058,1,0.5,1.0.0,2026-07-29T15:06:59.847491+00:00,batch_20260729_150659_a047a5
5797-APWZC,0.7288,1,0.5,1.0.0,2026-07-29T15:06:59.847491+00:00,batch_20260729_150659_a047a5
3683-QKIUE,0.2931,0,0.5,1.0.0,2026-07-29T15:06:59.847491+00:00,batch_20260729_150659_a047a5
4228-ZGYUW,0.7591,1,0.5,1.0.0,2026-07-29T15:06:59.847491+00:00,batch_20260729_150659_a047a5
9031-ZVQPT,0.0981,0,0.5,1.0.0,2026-07-29T15:06:59.847491+00:00,batch_20260729_150659_a047a5
2990-IAJSV,0.0117,0,0.5,1.0.0,2026-07-29T15:06:59.847491+00:00,batch_20260729_150659_a047a5
8107-KNCIM,0.674,1,0.5,1.0.0,2026-07-29T15:06:59.847491+00:00,batch_20260729_150659_a047a5
9027-YFHQJ,0.2397,0,0.5,1.0.0,2026-07-29T15:06:59.847491+00:00,batch_20260729_150659_a047a5
5176-LDKUH,0.1257,0,0.5,1.0.0,2026-07-29T15:06:59.847491+00:00,batch_20260729_150659_a047a5
4644-OBGFZ,0.0068,0,0.5,1.0.0,2026-07-29T15:06:59.847491+00:00,batch_20260729_150659_a047a5
7926-IJOOU,0.1798,0,0.5,1.0.0,2026-07-29T15:06:59.847491+00:00,batch_20260729_150659_a047a5
6480-YAGIY,0.1005,0,0.5,1.0.0,2026-07-29T15:06:59.847491+00:00,batch_20260729_150659_a047a5
4029-HPFVY,0.6294,1,0.5,1.0.0,2026-07-29T15:06:59.847491+00:00,batch_20260729_150659_a047a5
7602-DBTOU,0.0022,0,0.5,1.0.0,2026-07-29T15:06:59.847491+00:00,batch_20260729_150659_a047a5
5345-BMKWB,0.1458,0,0.5,1.0.0,2026-07-29T15:06:59.847491+00:00,batch_20260729_150659_a047a5
3519-ZKXGG,0.7535,1,0.5,1.0.0,2026-07-29T15:06:59.847491+00:00,batch_20260729_150659_a047a5
5457-COLHT,0.0067,0,0.5,1.0.0,2026-07-29T15:06:59.847491+00:00,batch_20260729_150659_a047a5
6416-TVAIH,0.6677,1,0.5,1.0.0,2026-07-29T15:06:59.847491+00:00,batch_20260729_150659_a047a5
5451-YHYPW,0.0568,0,0.5,1.0.0,2026-07-29T15:06:59.847491+00:00,batch_20260729_150659_a047a5
5108-ADXWO,0.5571,1,0.5,1.0.0,2026-07-29T15:06:59.847491+00:00,batch_20260729_150659_a047a5
7998-WNZEM,0.008,0,0.5,1.0.0,2026-07-29T15:06:59.847491+00:00,batch_20260729_150659_a047a5
3066-RRJIO,0.6444,1,0.5,1.0.0,2026-07-29T15:06:59.847491+00:00,batch_20260729_150659_a047a5
4664-NJCMS,0.0465,0,0.5,1.0.0,2026-07-29T15:06:59.847491+00:00,batch_20260729_150659_a047a5
0307-BCOPK,0.0504,0,0.5,1.0.0,2026-07-29T15:06:59.847491+00:00,batch_20260729_150659_a047a5
7629-WFGLW,0.0781,0,0.5,1.0.0,2026-07-29T15:06:59.847491+00:00,batch_20260729_150659_a047a5
2542-HYGIQ,0.1804,0,0.5,1.0.0,2026-07-29T15:06:59.847491+00:00,batch_20260729_150659_a047a5
6715-OFDBP,0.6036,1,0.5,1.0.0,2026-07-29T15:06:59.847491+00:00,batch_20260729_150659_a047a5
5016-LIPDW,0.0062,0,0.5,1.0.0,2026-07-29T15:06:59.847491+00:00,batch_20260729_150659_a047a5
6481-LXPWL,0.0378,0,0.5,1.0.0,2026-07-29T15:06:59.847491+00:00,batch_20260729_150659_a047a5
1567-DSCIC,0.7347,1,0.5,1.0.0,2026-07-29T15:06:59.847491+00:00,batch_20260729_150659_a047a5
2150-UWTFY,0.1092,0,0.5,1.0.0,2026-07-29T15:06:59.847491+00:00,batch_20260729_150659_a047a5
6124-ACRHJ,0.1889,0,0.5,1.0.0,2026-07-29T15:06:59.847491+00:00,batch_20260729_150659_a047a5
9362-MWODR,0.0747,0,0.5,1.0.0,2026-07-29T15:06:59.847491+00:00,batch_20260729_150659_a047a5
9975-GPKZU,0.0051,0,0.5,1.0.0,2026-07-29T15:06:59.847491+00:00,batch_20260729_150659_a047a5
9625-RZFUK,0.0025,0,0.5,1.0.0,2026-07-29T15:06:59.847491+00:00,batch_20260729_150659_a047a5
5153-LXKDT,0.094,0,0.5,1.0.0,2026-07-29T15:06:59.847491+00:00,batch_20260729_150659_a047a5
5161-UBZXI,0.0323,0,0.5,1.0.0,2026-07-29T15:06:59.847491+00:00,batch_20260729_150659_a047a5
1020-JPQOW,0.1949,0,0.5,1.0.0,2026-07-29T15:06:59.847491+00:00,batch_20260729_150659_a047a5
7919-ZODZZ,0.187,0,0.5,1.0.0,2026-07-29T15:06:59.847491+00:00,batch_20260729_150659_a047a5
0565-JUPYD,0.0589,0,0.5,1.0.0,2026-07-29T15:06:59.847491+00:00,batch_20260729_150659_a047a5
6867-ACCZI,0.0507,0,0.5,1.0.0,2026-07-29T15:06:59.847491+00:00,batch_20260729_150659_a047a5
5939-XAIXZ,0.336,0,0.5,1.0.0,2026-07-29T15:06:59.847491+00:00,batch_20260729_150659_a047a5
9054-FOWNV,0.6206,1,0.5,1.0.0,2026-07-29T15:06:59.847491+00:00,batch_20260729_150659_a047a5
2683-BPJSO,0.4463,0,0.5,1.0.0,2026-07-29T15:06:59.847491+00:00,batch_20260729_150659_a047a5
2157-MXBJS,0.3277,0,0.5,1.0.0,2026-07-29T15:06:59.847491+00:00,batch_20260729_150659_a047a5
8207-VVMYB,0.0047,0,0.5,1.0.0,2026-07-29T15:06:59.847491+00:00,batch_20260729_150659_a047a5
9732-EQMWY,0.3861,0,0.5,1.0.0,2026-07-29T15:06:59.847491+00:00,batch_20260729_150659_a047a5
9360-AHGNL,0.2132,0,0.5,1.0.0,2026-07-29T15:06:59.847491+00:00,batch_20260729_150659_a047a5
1087-UDSIH,0.2391,0,0.5,1.0.0,2026-07-29T15:06:59.847491+00:00,batch_20260729_150659_a047a5
5269-NRGDP,0.0656,0,0.5,1.0.0,2026-07-29T15:06:59.847491+00:00,batch_20260729_150659_a047a5
6195-MELTI,0.0235,0,0.5,1.0.0,2026-07-29T15:06:59.847491+00:00,batch_20260729_150659_a047a5
5485-WUYWF,0.3031,0,0.5,1.0.0,2026-07-29T15:06:59.847491+00:00,batch_20260729_150659_a047a5
2121-JAFOM,0.0551,0,0.5,1.0.0,2026-07-29T15:06:59.847491+00:00,batch_20260729_150659_a047a5
8818-DOPVL,0.5646,1,0.5,1.0.0,2026-07-29T15:06:59.847491+00:00,batch_20260729_150659_a047a5
2632-UCGVD,0.2814,0,0.5,1.0.0,2026-07-29T15:06:59.847491+00:00,batch_20260729_150659_a047a5
5445-PZWGX,0.0903,0,0.5,1.0.0,2026-07-29T15:06:59.847491+00:00,batch_20260729_150659_a047a5
1227-UDMZR,0.0174,0,0.5,1.0.0,2026-07-29T15:06:59.847491+00:00,batch_20260729_150659_a047a5
5198-HQAEN,0.1894,0,0.5,1.0.0,2026-07-29T15:06:59.847491+00:00,batch_20260729_150659_a047a5
9170-CCKOU,0.3511,0,0.5,1.0.0,2026-07-29T15:06:59.847491+00:00,batch_20260729_150659_a047a5
2167-FQSTQ,0.0263,0,0.5,1.0.0,2026-07-29T15:06:59.847491+00:00,batch_20260729_150659_a047a5
2819-GWENI,0.0237,0,0.5,1.0.0,2026-07-29T15:06:59.847491+00:00,batch_20260729_150659_a047a5
1043-YCUTE,0.008,0,0.5,1.0.0,2026-07-29T15:06:59.847491+00:00,batch_20260729_150659_a047a5
3814-MLAXC,0.3453,0,0.5,1.0.0,2026-07-29T15:06:59.847491+00:00,batch_20260729_150659_a047a5
3572-UUHRS,0.0129,0,0.5,1.0.0,2026-07-29T15:06:59.847491+00:00,batch_20260729_150659_a047a5
2692-PFYTJ,0.3035,0,0.5,1.0.0,2026-07-29T15:06:59.847491+00:00,batch_20260729_150659_a047a5
1226-UDFZR,0.3947,0,0.5,1.0.0,2026-07-29T15:06:59.847491+00:00,batch_20260729_150659_a047a5
5955-EPOAZ,0.2157,0,0.5,1.0.0,2026-07-29T15:06:59.847491+00:00,batch_20260729_150659_a047a5
6821-JPCDC,0.2909,0,0.5,1.0.0,2026-07-29T15:06:59.847491+00:00,batch_20260729_150659_a047a5
8815-LMFLX,0.0993,0,0.5,1.0.0,2026-07-29T15:06:59.847491+00:00,batch_20260729_150659_a047a5
9135-HSWOC,0.0034,0,0.5,1.0.0,2026-07-29T15:06:59.847491+00:00,batch_20260729_150659_a047a5
8582-KRHPJ,0.093,0,0.5,1.0.0,2026-07-29T15:06:59.847491+00:00,batch_20260729_150659_a047a5
5811-IWXYM,0.1741,0,0.5,1.0.0,2026-07-29T15:06:59.847491+00:00,batch_20260729_150659_a047a5
7044-YAACC,0.6988,1,0.5,1.0.0,2026-07-29T15:06:59.847491+00:00,batch_20260729_150659_a047a5
8189-XRIKE,0.5147,1,0.5,1.0.0,2026-07-29T15:06:59.847491+00:00,batch_20260729_150659_a047a5
1506-YJTYT,0.0133,0,0.5,1.0.0,2026-07-29T15:06:59.847491+00:00,batch_20260729_150659_a047a5
4123-DVHPH,0.6899,1,0.5,1.0.0,2026-07-29T15:06:59.847491+00:00,batch_20260729_150659_a047a5
6425-YQLLO,0.157,0,0.5,1.0.0,2026-07-29T15:06:59.847491+00:00,batch_20260729_150659_a047a5
5442-UTCVD,0.6725,1,0.5,1.0.0,2026-07-29T15:06:59.847491+00:00,batch_20260729_150659_a047a5
2228-BZDEE,0.0047,0,0.5,1.0.0,2026-07-29T15:06:59.847491+00:00,batch_20260729_150659_a047a5
7734-DBOAI,0.462,0,0.5,1.0.0,2026-07-29T15:06:59.847491+00:00,batch_20260729_150659_a047a5
2789-CZANW,0.0334,0,0.5,1.0.0,2026-07-29T15:06:59.847491+00:00,batch_20260729_150659_a047a5
2091-RFFBA,0.5296,1,0.5,1.0.0,2026-07-29T15:06:59.847491+00:00,batch_20260729_150659_a047a5
2114-MGINA,0.6493,1,0.5,1.0.0,2026-07-29T15:06:59.847491+00:00,batch_20260729_150659_a047a5
7596-LDUXP,0.324,0,0.5,1.0.0,2026-07-29T15:06:59.847491+00:00,batch_20260729_150659_a047a5
3740-RLMVT,0.0123,0,0.5,1.0.0,2026-07-29T15:06:59.847491+00:00,batch_20260729_150659_a047a5
4489-SNOJF,0.1193,0,0.5,1.0.0,2026-07-29T15:06:59.847491+00:00,batch_20260729_150659_a047a5
2192-OZITF,0.0214,0,0.5,1.0.0,2026-07-29T15:06:59.847491+00:00,batch_20260729_150659_a047a5
5651-CPDND,0.2738,0,0.5,1.0.0,2026-07-29T15:06:59.847491+00:00,batch_20260729_150659_a047a5
2186-QZEYA,0.1668,0,0.5,1.0.0,2026-07-29T15:06:59.847491+00:00,batch_20260729_150659_a047a5
1131-ALZWV,0.0434,0,0.5,1.0.0,2026-07-29T15:06:59.847491+00:00,batch_20260729_150659_a047a5
7729-XBTWX,0.0032,0,0.5,1.0.0,2026-07-29T15:06:59.847491+00:00,batch_20260729_150659_a047a5
9134-WYRVP,0.0917,0,0.5,1.0.0,2026-07-29T15:06:59.847491+00:00,batch_20260729_150659_a047a5
3284-SVCRO,0.0096,0,0.5,1.0.0,2026-07-29T15:06:59.847491+00:00,batch_20260729_150659_a047a5
9732-OUYRN,0.0107,0,0.5,1.0.0,2026-07-29T15:06:59.847491+00:00,batch_20260729_150659_a047a5
0559-CKHUS,0.0219,0,0.5,1.0.0,2026-07-29T15:06:59.847491+00:00,batch_20260729_150659_a047a5
2931-SVLTV,0.2862,0,0.5,1.0.0,2026-07-29T15:06:59.847491+00:00,batch_20260729_150659_a047a5
6899-PPEEA,0.6421,1,0.5,1.0.0,2026-07-29T15:06:59.847491+00:00,batch_20260729_150659_a047a5
7504-UWHNB,0.425,0,0.5,1.0.0,2026-07-29T15:06:59.847491+00:00,batch_20260729_150659_a047a5
2582-FFFZR,0.5715,1,0.5,1.0.0,2026-07-29T15:06:59.847491+00:00,batch_20260729_150659_a047a5
8908-NMQTX,0.0149,0,0.5,1.0.0,2026-07-29T15:06:59.847491+00:00,batch_20260729_150659_a047a5
2187-LZGPL,0.5244,1,0.5,1.0.0,2026-07-29T15:06:59.847491+00:00,batch_20260729_150659_a047a5
1431-AIDJQ,0.0296,0,0.5,1.0.0,2026-07-29T15:06:59.847491+00:00,batch_20260729_150659_a047a5
6288-LBEAR,0.3305,0,0.5,1.0.0,2026-07-29T15:06:59.847491+00:00,batch_20260729_150659_a047a5
4597-NUCQV,0.695,1,0.5,1.0.0,2026-07-29T15:06:59.847491+00:00,batch_20260729_150659_a047a5
9019-QVLZD,0.6789,1,0.5,1.0.0,2026-07-29T15:06:59.847491+00:00,batch_20260729_150659_a047a5
8413-YNHNV,0.0131,0,0.5,1.0.0,2026-07-29T15:06:59.847491+00:00,batch_20260729_150659_a047a5
5808-TOTXO,0.0972,0,0.5,1.0.0,2026-07-29T15:06:59.847491+00:00,batch_20260729_150659_a047a5
4369-NYSCF,0.0472,0,0.5,1.0.0,2026-07-29T15:06:59.847491+00:00,batch_20260729_150659_a047a5
6333-YDVLT,0.1234,0,0.5,1.0.0,2026-07-29T15:06:59.847491+00:00,batch_20260729_150659_a047a5
5324-KTGCG,0.006,0,0.5,1.0.0,2026-07-29T15:06:59.847491+00:00,batch_20260729_150659_a047a5
5599-HVLTW,0.5876,1,0.5,1.0.0,2026-07-29T15:06:59.847491+00:00,batch_20260729_150659_a047a5
7394-LWLYN,0.71,1,0.5,1.0.0,2026-07-29T15:06:59.847491+00:00,batch_20260729_150659_a047a5
3707-LRWZD,0.3175,0,0.5,1.0.0,2026-07-29T15:06:59.847491+00:00,batch_20260729_150659_a047a5
6873-UDNLD,0.1476,0,0.5,1.0.0,2026-07-29T15:06:59.847491+00:00,batch_20260729_150659_a047a5
2700-LUEVA,0.1811,0,0.5,1.0.0,2026-07-29T15:06:59.847491+00:00,batch_20260729_150659_a047a5
1455-ESIQH,0.7978,1,0.5,1.0.0,2026-07-29T15:06:59.847491+00:00,batch_20260729_150659_a047a5
0958-YHXGP,0.5956,1,0.5,1.0.0,2026-07-29T15:06:59.847491+00:00,batch_20260729_150659_a047a5
1101-SSWAG,0.4477,0,0.5,1.0.0,2026-07-29T15:06:59.847491+00:00,batch_20260729_150659_a047a5
2979-SXESE,0.4856,0,0.5,1.0.0,2026-07-29T15:06:59.847491+00:00,batch_20260729_150659_a047a5
4013-TLDHQ,0.5456,1,0.5,1.0.0,2026-07-29T15:06:59.847491+00:00,batch_20260729_150659_a047a5
5743-KHMNA,0.0029,0,0.5,1.0.0,2026-07-29T15:06:59.847491+00:00,batch_20260729_150659_a047a5
4194-FJARJ,0.008,0,0.5,1.0.0,2026-07-29T15:06:59.847491+00:00,batch_20260729_150659_a047a5
5325-UWTWJ,0.2667,0,0.5,1.0.0,2026-07-29T15:06:59.847491+00:00,batch_20260729_150659_a047a5
3969-GYXEL,0.4662,0,0.5,1.0.0,2026-07-29T15:06:59.847491+00:00,batch_20260729_150659_a047a5
9208-OLGAQ,0.6508,1,0.5,1.0.0,2026-07-29T15:06:59.847491+00:00,batch_20260729_150659_a047a5
3244-CQPHU,0.0483,0,0.5,1.0.0,2026-07-29T15:06:59.847491+00:00,batch_20260729_150659_a047a5
2674-MLXMN,0.2819,0,0.5,1.0.0,2026-07-29T15:06:59.847491+00:00,batch_20260729_150659_a047a5
9708-HPXWZ,0.3832,0,0.5,1.0.0,2026-07-29T15:06:59.847491+00:00,batch_20260729_150659_a047a5
6992-TKNYO,0.0639,0,0.5,1.0.0,2026-07-29T15:06:59.847491+00:00,batch_20260729_150659_a047a5
4468-YDOVK,0.2512,0,0.5,1.0.0,2026-07-29T15:06:59.847491+00:00,batch_20260729_150659_a047a5
3754-DXMRT,0.5152,1,0.5,1.0.0,2026-07-29T15:06:59.847491+00:00,batch_20260729_150659_a047a5
5792-JALQC,0.0161,0,0.5,1.0.0,2026-07-29T15:06:59.847491+00:00,batch_20260729_150659_a047a5
7130-VTEWQ,0.7172,1,0.5,1.0.0,2026-07-29T15:06:59.847491+00:00,batch_20260729_150659_a047a5
2200-DSAAL,0.0473,0,0.5,1.0.0,2026-07-29T15:06:59.847491+00:00,batch_20260729_150659_a047a5
4302-ZYFEL,0.0051,0,0.5,1.0.0,2026-07-29T15:06:59.847491+00:00,batch_20260729_150659_a047a5
9351-LZYGF,0.0805,0,0.5,1.0.0,2026-07-29T15:06:59.847491+00:00,batch_20260729_150659_a047a5
4366-CTOUZ,0.0897,0,0.5,1.0.0,2026-07-29T15:06:59.847491+00:00,batch_20260729_150659_a047a5
6121-VZNQB,0.2558,0,0.5,1.0.0,2026-07-29T15:06:59.847491+00:00,batch_20260729_150659_a047a5
7903-CMPEY,0.695,1,0.5,1.0.0,2026-07-29T15:06:59.847491+00:00,batch_20260729_150659_a047a5
1518-OMDIK,0.17,0,0.5,1.0.0,2026-07-29T15:06:59.847491+00:00,batch_20260729_150659_a047a5
6671-NGWON,0.1506,0,0.5,1.0.0,2026-07-29T15:06:59.847491+00:00,batch_20260729_150659_a047a5
0595-ITUDF,0.1966,0,0.5,1.0.0,2026-07-29T15:06:59.847491+00:00,batch_20260729_150659_a047a5
6996-KNSML,0.7195,1,0.5,1.0.0,2026-07-29T15:06:59.847491+00:00,batch_20260729_150659_a047a5
1955-IBMMB,0.0053,0,0.5,1.0.0,2026-07-29T15:06:59.847491+00:00,batch_20260729_150659_a047a5
0096-BXERS,0.4402,0,0.5,1.0.0,2026-07-29T15:06:59.847491+00:00,batch_20260729_150659_a047a5
3806-YAZOV,0.1741,0,0.5,1.0.0,2026-07-29T15:06:59.847491+00:00,batch_20260729_150659_a047a5
7998-ZLXWN,0.1052,0,0.5,1.0.0,2026-07-29T15:06:59.847491+00:00,batch_20260729_150659_a047a5
6253-WRFHY,0.2928,0,0.5,1.0.0,2026-07-29T15:06:59.847491+00:00,batch_20260729_150659_a047a5
9133-AYJZG,0.6034,1,0.5,1.0.0,2026-07-29T15:06:59.847491+00:00,batch_20260729_150659_a047a5
2675-OTVVJ,0.4342,0,0.5,1.0.0,2026-07-29T15:06:59.847491+00:00,batch_20260729_150659_a047a5
8680-CGLTP,0.066,0,0.5,1.0.0,2026-07-29T15:06:59.847491+00:00,batch_20260729_150659_a047a5
8430-TWCBX,0.0111,0,0.5,1.0.0,2026-07-29T15:06:59.847491+00:00,batch_20260729_150659_a047a5
5018-GWURO,0.3353,0,0.5,1.0.0,2026-07-29T15:06:59.847491+00:00,batch_20260729_150659_a047a5
6741-QRLUP,0.0148,0,0.5,1.0.0,2026-07-29T15:06:59.847491+00:00,batch_20260729_150659_a047a5
4737-HOBAX,0.0208,0,0.5,1.0.0,2026-07-29T15:06:59.847491+00:00,batch_20260729_150659_a047a5
0537-QYZZN,0.4554,0,0.5,1.0.0,2026-07-29T15:06:59.847491+00:00,batch_20260729_150659_a047a5
3340-QBBFM,0.0393,0,0.5,1.0.0,2026-07-29T15:06:59.847491+00:00,batch_20260729_150659_a047a5
1704-NRWYE,0.7104,1,0.5,1.0.0,2026-07-29T15:06:59.847491+00:00,batch_20260729_150659_a047a5
2592-SEIFQ,0.5442,1,0.5,1.0.0,2026-07-29T15:06:59.847491+00:00,batch_20260729_150659_a047a5
8200-KLNYW,0.0881,0,0.5,1.0.0,2026-07-29T15:06:59.847491+00:00,batch_20260729_150659_a047a5
3372-CDXFJ,0.0563,0,0.5,1.0.0,2026-07-29T15:06:59.847491+00:00,batch_20260729_150659_a047a5
4781-ZXYGU,0.2092,0,0.5,1.0.0,2026-07-29T15:06:59.847491+00:00,batch_20260729_150659_a047a5
7632-YUTXB,0.0274,0,0.5,1.0.0,2026-07-29T15:06:59.847491+00:00,batch_20260729_150659_a047a5
2718-YSKCS,0.0024,0,0.5,1.0.0,2026-07-29T15:06:59.847491+00:00,batch_20260729_150659_a047a5
9896-UYMIE,0.1089,0,0.5,1.0.0,2026-07-29T15:06:59.847491+00:00,batch_20260729_150659_a047a5
0853-NWIFK,0.2426,0,0.5,1.0.0,2026-07-29T15:06:59.847491+00:00,batch_20260729_150659_a047a5
8212-CRQXP,0.5165,1,0.5,1.0.0,2026-07-29T15:06:59.847491+00:00,batch_20260729_150659_a047a5
6980-CDGFC,0.0071,0,0.5,1.0.0,2026-07-29T15:06:59.847491+00:00,batch_20260729_150659_a047a5
7691-XVTZH,0.0774,0,0.5,1.0.0,2026-07-29T15:06:59.847491+00:00,batch_20260729_150659_a047a5
2520-SGTTA,0.0604,0,0.5,1.0.0,2026-07-29T15:06:59.847491+00:00,batch_20260729_150659_a047a5
7481-ATQQS,0.3983,0,0.5,1.0.0,2026-07-29T15:06:59.847491+00:00,batch_20260729_150659_a047a5
2277-VWCNI,0.3707,0,0.5,1.0.0,2026-07-29T15:06:59.847491+00:00,batch_20260729_150659_a047a5
1088-CNNKB,0.0195,0,0.5,1.0.0,2026-07-29T15:06:59.847491+00:00,batch_20260729_150659_a047a5
8642-GVWRF,0.4975,0,0.5,1.0.0,2026-07-29T15:06:59.847491+00:00,batch_20260729_150659_a047a5
1930-BZLHI,0.059,0,0.5,1.0.0,2026-07-29T15:06:59.847491+00:00,batch_20260729_150659_a047a5
3400-ESFUW,0.0048,0,0.5,1.0.0,2026-07-29T15:06:59.847491+00:00,batch_20260729_150659_a047a5
5868-YTYKS,0.2144,0,0.5,1.0.0,2026-07-29T15:06:59.847491+00:00,batch_20260729_150659_a047a5
3525-DVKFN,0.0258,0,0.5,1.0.0,2026-07-29T15:06:59.847491+00:00,batch_20260729_150659_a047a5
1482-OXZSY,0.5134,1,0.5,1.0.0,2026-07-29T15:06:59.847491+00:00,batch_20260729_150659_a047a5
0377-JBKKT,0.1016,0,0.5,1.0.0,2026-07-29T15:06:59.847491+00:00,batch_20260729_150659_a047a5
5778-BVOFB,0.3152,0,0.5,1.0.0,2026-07-29T15:06:59.847491+00:00,batch_20260729_150659_a047a5
3373-YZZYM,0.1562,0,0.5,1.0.0,2026-07-29T15:06:59.847491+00:00,batch_20260729_150659_a047a5
2057-ZBLPD,0.6884,1,0.5,1.0.0,2026-07-29T15:06:59.847491+00:00,batch_20260729_150659_a047a5
0228-MAUWC,0.2439,0,0.5,1.0.0,2026-07-29T15:06:59.847491+00:00,batch_20260729_150659_a047a5
5502-RLUYV,0.3672,0,0.5,1.0.0,2026-07-29T15:06:59.847491+00:00,batch_20260729_150659_a047a5
0023-HGHWL,0.6604,1,0.5,1.0.0,2026-07-29T15:06:59.847491+00:00,batch_20260729_150659_a047a5
7663-YJHSN,0.0376,0,0.5,1.0.0,2026-07-29T15:06:59.847491+00:00,batch_20260729_150659_a047a5
4915-BFSXL,0.0093,0,0.5,1.0.0,2026-07-29T15:06:59.847491+00:00,batch_20260729_150659_a047a5
3086-RUCRN,0.1517,0,0.5,1.0.0,2026-07-29T15:06:59.847491+00:00,batch_20260729_150659_a047a5
5215-LNLDJ,0.5398,1,0.5,1.0.0,2026-07-29T15:06:59.847491+00:00,batch_20260729_150659_a047a5
7576-JMYWV,0.3302,0,0.5,1.0.0,2026-07-29T15:06:59.847491+00:00,batch_20260729_150659_a047a5
9039-RBEEE,0.1236,0,0.5,1.0.0,2026-07-29T15:06:59.847491+00:00,batch_20260729_150659_a047a5
0257-KXZGU,0.1277,0,0.5,1.0.0,2026-07-29T15:06:59.847491+00:00,batch_20260729_150659_a047a5
1307-ATKGB,0.5812,1,0.5,1.0.0,2026-07-29T15:06:59.847491+00:00,batch_20260729_150659_a047a5
8417-FMLZI,0.5534,1,0.5,1.0.0,2026-07-29T15:06:59.847491+00:00,batch_20260729_150659_a047a5
3714-XPXBW,0.1265,0,0.5,1.0.0,2026-07-29T15:06:59.847491+00:00,batch_20260729_150659_a047a5
1850-AKQEP,0.118,0,0.5,1.0.0,2026-07-29T15:06:59.847491+00:00,batch_20260729_150659_a047a5
2824-DXNKN,0.0133,0,0.5,1.0.0,2026-07-29T15:06:59.847491+00:00,batch_20260729_150659_a047a5
5227-JSCFE,0.0052,0,0.5,1.0.0,2026-07-29T15:06:59.847491+00:00,batch_20260729_150659_a047a5
0848-ZGQIJ,0.5989,1,0.5,1.0.0,2026-07-29T15:06:59.847491+00:00,batch_20260729_150659_a047a5
3621-CHYVB,0.0796,0,0.5,1.0.0,2026-07-29T15:06:59.847491+00:00,batch_20260729_150659_a047a5
8042-RNLKO,0.0068,0,0.5,1.0.0,2026-07-29T15:06:59.847491+00:00,batch_20260729_150659_a047a5
1792-UXAFY,0.6228,1,0.5,1.0.0,2026-07-29T15:06:59.847491+00:00,batch_20260729_150659_a047a5
5372-FBKBN,0.0685,0,0.5,1.0.0,2026-07-29T15:06:59.847491+00:00,batch_20260729_150659_a047a5
0420-TXVSG,0.0136,0,0.5,1.0.0,2026-07-29T15:06:59.847491+00:00,batch_20260729_150659_a047a5
6217-TOWGS,0.4321,0,0.5,1.0.0,2026-07-29T15:06:59.847491+00:00,batch_20260729_150659_a047a5
0515-YPMCW,0.5891,1,0.5,1.0.0,2026-07-29T15:06:59.847491+00:00,batch_20260729_150659_a047a5
0378-XSZPU,0.0172,0,0.5,1.0.0,2026-07-29T15:06:59.847491+00:00,batch_20260729_150659_a047a5
1045-LTCYT,0.1128,0,0.5,1.0.0,2026-07-29T15:06:59.847491+00:00,batch_20260729_150659_a047a5
1544-JJMYL,0.052,0,0.5,1.0.0,2026-07-29T15:06:59.847491+00:00,batch_20260729_150659_a047a5
4636-JGAAI,0.3774,0,0.5,1.0.0,2026-07-29T15:06:59.847491+00:00,batch_20260729_150659_a047a5
6874-SGLHU,0.325,0,0.5,1.0.0,2026-07-29T15:06:59.847491+00:00,batch_20260729_150659_a047a5
5951-AOFIH,0.2067,0,0.5,1.0.0,2026-07-29T15:06:59.847491+00:00,batch_20260729_150659_a047a5
4729-XKASR,0.508,1,0.5,1.0.0,2026-07-29T15:06:59.847491+00:00,batch_20260729_150659_a047a5
3059-NGMXB,0.2036,0,0.5,1.0.0,2026-07-29T15:06:59.847491+00:00,batch_20260729_150659_a047a5
8652-YHIYU,0.2389,0,0.5,1.0.0,2026-07-29T15:06:59.847491+00:00,batch_20260729_150659_a047a5
5278-PNYOX,0.0707,0,0.5,1.0.0,2026-07-29T15:06:59.847491+00:00,batch_20260729_150659_a047a5
5449-FIBXJ,0.5245,1,0.5,1.0.0,2026-07-29T15:06:59.847491+00:00,batch_20260729_150659_a047a5
3486-HOOGQ,0.0066,0,0.5,1.0.0,2026-07-29T15:06:59.847491+00:00,batch_20260729_150659_a047a5
5061-PBXFW,0.0489,0,0.5,1.0.0,2026-07-29T15:06:59.847491+00:00,batch_20260729_150659_a047a5
8630-FJLIB,0.582,1,0.5,1.0.0,2026-07-29T15:06:59.847491+00:00,batch_20260729_150659_a047a5
3891-NLXJB,0.028,0,0.5,1.0.0,2026-07-29T15:06:59.847491+00:00,batch_20260729_150659_a047a5
4749-OJKQU,0.7434,1,0.5,1.0.0,2026-07-29T15:06:59.847491+00:00,batch_20260729_150659_a047a5
0577-WHMEV,0.4544,0,0.5,1.0.0,2026-07-29T15:06:59.847491+00:00,batch_20260729_150659_a047a5
5453-AXEPF,0.5279,1,0.5,1.0.0,2026-07-29T15:06:59.847491+00:00,batch_20260729_150659_a047a5
3639-XJHKQ,0.2213,0,0.5,1.0.0,2026-07-29T15:06:59.847491+00:00,batch_20260729_150659_a047a5
3716-LRGXK,0.0981,0,0.5,1.0.0,2026-07-29T15:06:59.847491+00:00,batch_20260729_150659_a047a5
2263-SFSQZ,0.0084,0,0.5,1.0.0,2026-07-29T15:06:59.847491+00:00,batch_20260729_150659_a047a5
9950-MTGYX,0.0172,0,0.5,1.0.0,2026-07-29T15:06:59.847491+00:00,batch_20260729_150659_a047a5
3397-AVTKU,0.0563,0,0.5,1.0.0,2026-07-29T15:06:59.847491+00:00,batch_20260729_150659_a047a5
4825-FUREZ,0.0116,0,0.5,1.0.0,2026-07-29T15:06:59.847491+00:00,batch_20260729_150659_a047a5
9837-BMCLM,0.7448,1,0.5,1.0.0,2026-07-29T15:06:59.847491+00:00,batch_20260729_150659_a047a5
2672-OJQZP,0.3481,0,0.5,1.0.0,2026-07-29T15:06:59.847491+00:00,batch_20260729_150659_a047a5
0137-UDEUO,0.1753,0,0.5,1.0.0,2026-07-29T15:06:59.847491+00:00,batch_20260729_150659_a047a5
3134-DSHVC,0.0428,0,0.5,1.0.0,2026-07-29T15:06:59.847491+00:00,batch_20260729_150659_a047a5
6161-UUUTA,0.7473,1,0.5,1.0.0,2026-07-29T15:06:59.847491+00:00,batch_20260729_150659_a047a5
7821-DPRQE,0.2566,0,0.5,1.0.0,2026-07-29T15:06:59.847491+00:00,batch_20260729_150659_a047a5
6543-XRMYR,0.6526,1,0.5,1.0.0,2026-07-29T15:06:59.847491+00:00,batch_20260729_150659_a047a5
2001-EWBQU,0.1257,0,0.5,1.0.0,2026-07-29T15:06:59.847491+00:00,batch_20260729_150659_a047a5
4925-LMHOK,0.2406,0,0.5,1.0.0,2026-07-29T15:06:59.847491+00:00,batch_20260729_150659_a047a5
1608-GMEWB,0.4808,0,0.5,1.0.0,2026-07-29T15:06:59.847491+00:00,batch_20260729_150659_a047a5
6695-AMZUF,0.0088,0,0.5,1.0.0,2026-07-29T15:06:59.847491+00:00,batch_20260729_150659_a047a5
1455-UGQVH,0.7982,1,0.5,1.0.0,2026-07-29T15:06:59.847491+00:00,batch_20260729_150659_a047a5
8410-BGQXN,0.1686,0,0.5,1.0.0,2026-07-29T15:06:59.847491+00:00,batch_20260729_150659_a047a5
8280-MQRQN,0.4452,0,0.5,1.0.0,2026-07-29T15:06:59.847491+00:00,batch_20260729_150659_a047a5
1619-YWUBB,0.0046,0,0.5,1.0.0,2026-07-29T15:06:59.847491+00:00,batch_20260729_150659_a047a5
7611-YKYTC,0.242,0,0.5,1.0.0,2026-07-29T15:06:59.847491+00:00,batch_20260729_150659_a047a5
2037-SGXHH,0.4815,0,0.5,1.0.0,2026-07-29T15:06:59.847491+00:00,batch_20260729_150659_a047a5
3178-FESZO,0.7415,1,0.5,1.0.0,2026-07-29T15:06:59.847491+00:00,batch_20260729_150659_a047a5
0365-GXEZS,0.3999,0,0.5,1.0.0,2026-07-29T15:06:59.847491+00:00,batch_20260729_150659_a047a5
0082-OQIQY,0.5289,1,0.5,1.0.0,2026-07-29T15:06:59.847491+00:00,batch_20260729_150659_a047a5
6087-MVHJH,0.7184,1,0.5,1.0.0,2026-07-29T15:06:59.847491+00:00,batch_20260729_150659_a047a5
4603-JANFB,0.7175,1,0.5,1.0.0,2026-07-29T15:06:59.847491+00:00,batch_20260729_150659_a047a5
3018-TFTSU,0.3653,0,0.5,1.0.0,2026-07-29T15:06:59.847491+00:00,batch_20260729_150659_a047a5
3606-SBKRY,0.2991,0,0.5,1.0.0,2026-07-29T15:06:59.847491+00:00,batch_20260729_150659_a047a5
4806-KEXQR,0.7444,1,0.5,1.0.0,2026-07-29T15:06:59.847491+00:00,batch_20260729_150659_a047a5
0667-NSRGI,0.0715,0,0.5,1.0.0,2026-07-29T15:06:59.847491+00:00,batch_20260729_150659_a047a5
7083-YNSKY,0.1797,0,0.5,1.0.0,2026-07-29T15:06:59.847491+00:00,batch_20260729_150659_a047a5
6893-ODYYE,0.0679,0,0.5,1.0.0,2026-07-29T15:06:59.847491+00:00,batch_20260729_150659_a047a5
8242-JSVBO,0.3731,0,0.5,1.0.0,2026-07-29T15:06:59.847491+00:00,batch_20260729_150659_a047a5
2479-BRAMR,0.2974,0,0.5,1.0.0,2026-07-29T15:06:59.847491+00:00,batch_20260729_150659_a047a5
9541-ZPSEA,0.0172,0,0.5,1.0.0,2026-07-29T15:06:59.847491+00:00,batch_20260729_150659_a047a5
2665-NPTGL,0.6264,1,0.5,1.0.0,2026-07-29T15:06:59.847491+00:00,batch_20260729_150659_a047a5
1139-WUOAH,0.0246,0,0.5,1.0.0,2026-07-29T15:06:59.847491+00:00,batch_20260729_150659_a047a5
4693-VWVBO,0.2292,0,0.5,1.0.0,2026-07-29T15:06:59.847491+00:00,batch_20260729_150659_a047a5
7434-SHXLS,0.19,0,0.5,1.0.0,2026-07-29T15:06:59.847491+00:00,batch_20260729_150659_a047a5
6937-GCDGQ,0.0873,0,0.5,1.0.0,2026-07-29T15:06:59.847491+00:00,batch_20260729_150659_a047a5
0988-JRWWP,0.5574,1,0.5,1.0.0,2026-07-29T15:06:59.847491+00:00,batch_20260729_150659_a047a5
5075-JSDKI,0.007,0,0.5,1.0.0,2026-07-29T15:06:59.847491+00:00,batch_20260729_150659_a047a5
7908-QCBCA,0.6463,1,0.5,1.0.0,2026-07-29T15:06:59.847491+00:00,batch_20260729_150659_a047a5
8644-XYTSV,0.1727,0,0.5,1.0.0,2026-07-29T15:06:59.847491+00:00,batch_20260729_150659_a047a5
6711-FLDFB,0.7234,1,0.5,1.0.0,2026-07-29T15:06:59.847491+00:00,batch_20260729_150659_a047a5
3873-WOSBC,0.0035,0,0.5,1.0.0,2026-07-29T15:06:59.847491+00:00,batch_20260729_150659_a047a5
7465-ZZRVX,0.7181,1,0.5,1.0.0,2026-07-29T15:06:59.847491+00:00,batch_20260729_150659_a047a5
7975-JMZNT,0.0141,0,0.5,1.0.0,2026-07-29T15:06:59.847491+00:00,batch_20260729_150659_a047a5
7251-XFOIL,0.2419,0,0.5,1.0.0,2026-07-29T15:06:59.847491+00:00,batch_20260729_150659_a047a5
4116-IQRFR,0.0802,0,0.5,1.0.0,2026-07-29T15:06:59.847491+00:00,batch_20260729_150659_a047a5
3714-JTVOV,0.2372,0,0.5,1.0.0,2026-07-29T15:06:59.847491+00:00,batch_20260729_150659_a047a5
8259-DZLIZ,0.0251,0,0.5,1.0.0,2026-07-29T15:06:59.847491+00:00,batch_20260729_150659_a047a5
0442-ZXKVS,0.1557,0,0.5,1.0.0,2026-07-29T15:06:59.847491+00:00,batch_20260729_150659_a047a5
7853-WNZSY,0.2457,0,0.5,1.0.0,2026-07-29T15:06:59.847491+00:00,batch_20260729_150659_a047a5
3120-FAZKD,0.0069,0,0.5,1.0.0,2026-07-29T15:06:59.847491+00:00,batch_20260729_150659_a047a5
8606-OEGQZ,0.0236,0,0.5,1.0.0,2026-07-29T15:06:59.847491+00:00,batch_20260729_150659_a047a5
0225-ZORZP,0.6328,1,0.5,1.0.0,2026-07-29T15:06:59.847491+00:00,batch_20260729_150659_a047a5
4702-IOQDC,0.7178,1,0.5,1.0.0,2026-07-29T15:06:59.847491+00:00,batch_20260729_150659_a047a5
9489-JMTTN,0.009,0,0.5,1.0.0,2026-07-29T15:06:59.847491+00:00,batch_20260729_150659_a047a5
0575-CUQOV,0.2269,0,0.5,1.0.0,2026-07-29T15:06:59.847491+00:00,batch_20260729_150659_a047a5
0967-BMLBD,0.0732,0,0.5,1.0.0,2026-07-29T15:06:59.847491+00:00,batch_20260729_150659_a047a5
6178-KFNHS,0.548,1,0.5,1.0.0,2026-07-29T15:06:59.847491+00:00,batch_20260729_150659_a047a5
2830-LEWOA,0.0708,0,0.5,1.0.0,2026-07-29T15:06:59.847491+00:00,batch_20260729_150659_a047a5
5006-MXVRN,0.0089,0,0.5,1.0.0,2026-07-29T15:06:59.847491+00:00,batch_20260729_150659_a047a5
1264-BYWMS,0.5155,1,0.5,1.0.0,2026-07-29T15:06:59.847491+00:00,batch_20260729_150659_a047a5
9658-WYUFB,0.598,1,0.5,1.0.0,2026-07-29T15:06:59.847491+00:00,batch_20260729_150659_a047a5
8327-WKMIE,0.0188,0,0.5,1.0.0,2026-07-29T15:06:59.847491+00:00,batch_20260729_150659_a047a5
6917-FIJHC,0.0042,0,0.5,1.0.0,2026-07-29T15:06:59.847491+00:00,batch_20260729_150659_a047a5
5329-KRDTM,0.0099,0,0.5,1.0.0,2026-07-29T15:06:59.847491+00:00,batch_20260729_150659_a047a5
7797-EJMDP,0.1933,0,0.5,1.0.0,2026-07-29T15:06:59.847491+00:00,batch_20260729_150659_a047a5
3530-VWVGU,0.065,0,0.5,1.0.0,2026-07-29T15:06:59.847491+00:00,batch_20260729_150659_a047a5
2013-SGDXK,0.6434,1,0.5,1.0.0,2026-07-29T15:06:59.847491+00:00,batch_20260729_150659_a047a5
6368-NWMCE,0.11,0,0.5,1.0.0,2026-07-29T15:06:59.847491+00:00,batch_20260729_150659_a047a5
3633-CDBUW,0.1285,0,0.5,1.0.0,2026-07-29T15:06:59.847491+00:00,batch_20260729_150659_a047a5
0707-HOVVN,0.0154,0,0.5,1.0.0,2026-07-29T15:06:59.847491+00:00,batch_20260729_150659_a047a5
8580-QVLOC,0.0089,0,0.5,1.0.0,2026-07-29T15:06:59.847491+00:00,batch_20260729_150659_a047a5
3956-MGXOG,0.5728,1,0.5,1.0.0,2026-07-29T15:06:59.847491+00:00,batch_20260729_150659_a047a5
9274-UARKJ,0.5309,1,0.5,1.0.0,2026-07-29T15:06:59.847491+00:00,batch_20260729_150659_a047a5
4077-HWUYD,0.013,0,0.5,1.0.0,2026-07-29T15:06:59.847491+00:00,batch_20260729_150659_a047a5
2012-NWRPA,0.7945,1,0.5,1.0.0,2026-07-29T15:06:59.847491+00:00,batch_20260729_150659_a047a5
8808-ELEHO,0.7185,1,0.5,1.0.0,2026-07-29T15:06:59.847491+00:00,batch_20260729_150659_a047a5
0103-CSITQ,0.1764,0,0.5,1.0.0,2026-07-29T15:06:59.847491+00:00,batch_20260729_150659_a047a5
3506-LCJDC,0.1513,0,0.5,1.0.0,2026-07-29T15:06:59.847491+00:00,batch_20260729_150659_a047a5
8671-KKKOS,0.1372,0,0.5,1.0.0,2026-07-29T15:06:59.847491+00:00,batch_20260729_150659_a047a5
7305-ZWMAJ,0.0259,0,0.5,1.0.0,2026-07-29T15:06:59.847491+00:00,batch_20260729_150659_a047a5
9518-XXBXE,0.4734,0,0.5,1.0.0,2026-07-29T15:06:59.847491+00:00,batch_20260729_150659_a047a5
3934-HXCFZ,0.5602,1,0.5,1.0.0,2026-07-29T15:06:59.847491+00:00,batch_20260729_150659_a047a5
6578-KRMAW,0.3428,0,0.5,1.0.0,2026-07-29T15:06:59.847491+00:00,batch_20260729_150659_a047a5
4860-IJUDE,0.4431,0,0.5,1.0.0,2026-07-29T15:06:59.847491+00:00,batch_20260729_150659_a047a5
7666-WKRON,0.1076,0,0.5,1.0.0,2026-07-29T15:06:59.847491+00:00,batch_20260729_150659_a047a5
9688-YGXVR,0.3308,0,0.5,1.0.0,2026-07-29T15:06:59.847491+00:00,batch_20260729_150659_a047a5
0423-UDIJQ,0.2047,0,0.5,1.0.0,2026-07-29T15:06:59.847491+00:00,batch_20260729_150659_a047a5
1945-XISKS,0.0026,0,0.5,1.0.0,2026-07-29T15:06:59.847491+00:00,batch_20260729_150659_a047a5
4910-AQFFX,0.5709,1,0.5,1.0.0,2026-07-29T15:06:59.847491+00:00,batch_20260729_150659_a047a5
2154-KVJFF,0.6286,1,0.5,1.0.0,2026-07-29T15:06:59.847491+00:00,batch_20260729_150659_a047a5
5360-LJCNJ,0.1006,0,0.5,1.0.0,2026-07-29T15:06:59.847491+00:00,batch_20260729_150659_a047a5
2607-FBDFF,0.2498,0,0.5,1.0.0,2026-07-29T15:06:59.847491+00:00,batch_20260729_150659_a047a5
9647-ERGBE,0.6437,1,0.5,1.0.0,2026-07-29T15:06:59.847491+00:00,batch_20260729_150659_a047a5
3428-XZMAZ,0.7169,1,0.5,1.0.0,2026-07-29T15:06:59.847491+00:00,batch_20260729_150659_a047a5
1100-DDVRV,0.4976,0,0.5,1.0.0,2026-07-29T15:06:59.847491+00:00,batch_20260729_150659_a047a5
0378-TOVMS,0.5765,1,0.5,1.0.0,2026-07-29T15:06:59.847491+00:00,batch_20260729_150659_a047a5
4355-HBJHH,0.0328,0,0.5,1.0.0,2026-07-29T15:06:59.847491+00:00,batch_20260729_150659_a047a5
6728-WYQBC,0.1836,0,0.5,1.0.0,2026-07-29T15:06:59.847491+00:00,batch_20260729_150659_a047a5
9058-CBREO,0.4025,0,0.5,1.0.0,2026-07-29T15:06:59.847491+00:00,batch_20260729_150659_a047a5
9029-FEGVJ,0.3636,0,0.5,1.0.0,2026-07-29T15:06:59.847491+00:00,batch_20260729_150659_a047a5
7216-KAOID,0.0125,0,0.5,1.0.0,2026-07-29T15:06:59.847491+00:00,batch_20260729_150659_a047a5
0318-QUUOB,0.7614,1,0.5,1.0.0,2026-07-29T15:06:59.847491+00:00,batch_20260729_150659_a047a5
6145-NNPNO,0.3377,0,0.5,1.0.0,2026-07-29T15:06:59.847491+00:00,batch_20260729_150659_a047a5
5520-FVEWJ,0.6023,1,0.5,1.0.0,2026-07-29T15:06:59.847491+00:00,batch_20260729_150659_a047a5
5339-TJFEK,0.3187,0,0.5,1.0.0,2026-07-29T15:06:59.847491+00:00,batch_20260729_150659_a047a5
5572-ZDXHY,0.5013,1,0.5,1.0.0,2026-07-29T15:06:59.847491+00:00,batch_20260729_150659_a047a5
2074-GUHPQ,0.3795,0,0.5,1.0.0,2026-07-29T15:06:59.847491+00:00,batch_20260729_150659_a047a5
4625-XMOYM,0.0033,0,0.5,1.0.0,2026-07-29T15:06:59.847491+00:00,batch_20260729_150659_a047a5
5827-MWCZK,0.2017,0,0.5,1.0.0,2026-07-29T15:06:59.847491+00:00,batch_20260729_150659_a047a5
1385-TQOZW,0.183,0,0.5,1.0.0,2026-07-29T15:06:59.847491+00:00,batch_20260729_150659_a047a5
5914-XRFQB,0.0574,0,0.5,1.0.0,2026-07-29T15:06:59.847491+00:00,batch_20260729_150659_a047a5
4329-YPDDQ,0.3998,0,0.5,1.0.0,2026-07-29T15:06:59.847491+00:00,batch_20260729_150659_a047a5
4804-NCPET,0.0189,0,0.5,1.0.0,2026-07-29T15:06:59.847491+00:00,batch_20260729_150659_a047a5
3750-CKVKH,0.7067,1,0.5,1.0.0,2026-07-29T15:06:59.847491+00:00,batch_20260729_150659_a047a5
5944-UGLLK,0.0561,0,0.5,1.0.0,2026-07-29T15:06:59.847491+00:00,batch_20260729_150659_a047a5
8063-GBATB,0.6406,1,0.5,1.0.0,2026-07-29T15:06:59.847491+00:00,batch_20260729_150659_a047a5
7787-BNTZM,0.151,0,0.5,1.0.0,2026-07-29T15:06:59.847491+00:00,batch_20260729_150659_a047a5
2252-ISRNH,0.5314,1,0.5,1.0.0,2026-07-29T15:06:59.847491+00:00,batch_20260729_150659_a047a5
9415-TPKRV,0.3307,0,0.5,1.0.0,2026-07-29T15:06:59.847491+00:00,batch_20260729_150659_a047a5
5322-TEUJK,0.0304,0,0.5,1.0.0,2026-07-29T15:06:59.847491+00:00,batch_20260729_150659_a047a5
4547-KQRTM,0.5835,1,0.5,1.0.0,2026-07-29T15:06:59.847491+00:00,batch_20260729_150659_a047a5
4877-EVATK,0.1891,0,0.5,1.0.0,2026-07-29T15:06:59.847491+00:00,batch_20260729_150659_a047a5
1866-DIOQZ,0.0212,0,0.5,1.0.0,2026-07-29T15:06:59.847491+00:00,batch_20260729_150659_a047a5
8375-KVTHK,0.1377,0,0.5,1.0.0,2026-07-29T15:06:59.847491+00:00,batch_20260729_150659_a047a5
2697-NQBPF,0.5378,1,0.5,1.0.0,2026-07-29T15:06:59.847491+00:00,batch_20260729_150659_a047a5
3709-OIJEA,0.2325,0,0.5,1.0.0,2026-07-29T15:06:59.847491+00:00,batch_20260729_150659_a047a5
7639-SUPCW,0.1845,0,0.5,1.0.0,2026-07-29T15:06:59.847491+00:00,batch_20260729_150659_a047a5
1386-ZIKUV,0.206,0,0.5,1.0.0,2026-07-29T15:06:59.847491+00:00,batch_20260729_150659_a047a5
0599-XNYDO,0.4835,0,0.5,1.0.0,2026-07-29T15:06:59.847491+00:00,batch_20260729_150659_a047a5
6377-WHAOX,0.4815,0,0.5,1.0.0,2026-07-29T15:06:59.847491+00:00,batch_20260729_150659_a047a5
6855-VLGOS,0.0023,0,0.5,1.0.0,2026-07-29T15:06:59.847491+00:00,batch_20260729_150659_a047a5
8999-XXGNS,0.1704,0,0.5,1.0.0,2026-07-29T15:06:59.847491+00:00,batch_20260729_150659_a047a5
8746-OQQRW,0.2038,0,0.5,1.0.0,2026-07-29T15:06:59.847491+00:00,batch_20260729_150659_a047a5
3181-MIZBN,0.1148,0,0.5,1.0.0,2026-07-29T15:06:59.847491+00:00,batch_20260729_150659_a047a5
0471-ARVMX,0.2349,0,0.5,1.0.0,2026-07-29T15:06:59.847491+00:00,batch_20260729_150659_a047a5
7766-CLTIC,0.3249,0,0.5,1.0.0,2026-07-29T15:06:59.847491+00:00,batch_20260729_150659_a047a5
5650-YLIBA,0.518,1,0.5,1.0.0,2026-07-29T15:06:59.847491+00:00,batch_20260729_150659_a047a5
0825-CPPQH,0.002,0,0.5,1.0.0,2026-07-29T15:06:59.847491+00:00,batch_20260729_150659_a047a5
9084-OAYKL,0.004,0,0.5,1.0.0,2026-07-29T15:06:59.847491+00:00,batch_20260729_150659_a047a5
6122-LJADA,0.0136,0,0.5,1.0.0,2026-07-29T15:06:59.847491+00:00,batch_20260729_150659_a047a5
2400-XIWIO,0.0167,0,0.5,1.0.0,2026-07-29T15:06:59.847491+00:00,batch_20260729_150659_a047a5
7524-VRLPL,0.0087,0,0.5,1.0.0,2026-07-29T15:06:59.847491+00:00,batch_20260729_150659_a047a5
1069-XAIEM,0.8011,1,0.5,1.0.0,2026-07-29T15:06:59.847491+00:00,batch_20260729_150659_a047a5
7569-NMZYQ,0.0492,0,0.5,1.0.0,2026-07-29T15:06:59.847491+00:00,batch_20260729_150659_a047a5
5201-USSQZ,0.3094,0,0.5,1.0.0,2026-07-29T15:06:59.847491+00:00,batch_20260729_150659_a047a5
2105-PHWON,0.4134,0,0.5,1.0.0,2026-07-29T15:06:59.847491+00:00,batch_20260729_150659_a047a5
1494-EJZDW,0.0286,0,0.5,1.0.0,2026-07-29T15:06:59.847491+00:00,batch_20260729_150659_a047a5
4884-TVUQF,0.0425,0,0.5,1.0.0,2026-07-29T15:06:59.847491+00:00,batch_20260729_150659_a047a5
8003-EWNDZ,0.2443,0,0.5,1.0.0,2026-07-29T15:06:59.847491+00:00,batch_20260729_150659_a047a5
1897-RCFUM,0.0271,0,0.5,1.0.0,2026-07-29T15:06:59.847491+00:00,batch_20260729_150659_a047a5
9256-JTBNZ,0.1241,0,0.5,1.0.0,2026-07-29T15:06:59.847491+00:00,batch_20260729_150659_a047a5
4658-HCOHW,0.5062,1,0.5,1.0.0,2026-07-29T15:06:59.847491+00:00,batch_20260729_150659_a047a5
2211-RMNHO,0.0126,0,0.5,1.0.0,2026-07-29T15:06:59.847491+00:00,batch_20260729_150659_a047a5
2432-TFSMK,0.4237,0,0.5,1.0.0,2026-07-29T15:06:59.847491+00:00,batch_20260729_150659_a047a5
3440-JPSCL,0.6194,1,0.5,1.0.0,2026-07-29T15:06:59.847491+00:00,batch_20260729_150659_a047a5
4929-ROART,0.1983,0,0.5,1.0.0,2026-07-29T15:06:59.847491+00:00,batch_20260729_150659_a047a5
1834-ABKHQ,0.0364,0,0.5,1.0.0,2026-07-29T15:06:59.847491+00:00,batch_20260729_150659_a047a5
1741-WTPON,0.0474,0,0.5,1.0.0,2026-07-29T15:06:59.847491+00:00,batch_20260729_150659_a047a5
3932-IJWDZ,0.4122,0,0.5,1.0.0,2026-07-29T15:06:59.847491+00:00,batch_20260729_150659_a047a5
1240-HCBOH,0.0053,0,0.5,1.0.0,2026-07-29T15:06:59.847491+00:00,batch_20260729_150659_a047a5
3594-KADLU,0.2887,0,0.5,1.0.0,2026-07-29T15:06:59.847491+00:00,batch_20260729_150659_a047a5
8065-BVEPF,0.2808,0,0.5,1.0.0,2026-07-29T15:06:59.847491+00:00,batch_20260729_150659_a047a5
3796-ENZGF,0.0125,0,0.5,1.0.0,2026-07-29T15:06:59.847491+00:00,batch_20260729_150659_a047a5
1734-ZMNTZ,0.0344,0,0.5,1.0.0,2026-07-29T15:06:59.847491+00:00,batch_20260729_150659_a047a5
2853-CWQFQ,0.343,0,0.5,1.0.0,2026-07-29T15:06:59.847491+00:00,batch_20260729_150659_a047a5
0813-TAXXS,0.0583,0,0.5,1.0.0,2026-07-29T15:06:59.847491+00:00,batch_20260729_150659_a047a5
2519-TWKFS,0.0895,0,0.5,1.0.0,2026-07-29T15:06:59.847491+00:00,batch_20260729_150659_a047a5
2889-FPWRM,0.1116,0,0.5,1.0.0,2026-07-29T15:06:59.847491+00:00,batch_20260729_150659_a047a5
0626-QXNGV,0.0039,0,0.5,1.0.0,2026-07-29T15:06:59.847491+00:00,batch_20260729_150659_a047a5
6723-CEGQI,0.0091,0,0.5,1.0.0,2026-07-29T15:06:59.847491+00:00,batch_20260729_150659_a047a5
6987-XQSJT,0.3294,0,0.5,1.0.0,2026-07-29T15:06:59.847491+00:00,batch_20260729_150659_a047a5
4732-RRJZC,0.1238,0,0.5,1.0.0,2026-07-29T15:06:59.847491+00:00,batch_20260729_150659_a047a5
9499-XPZXM,0.0049,0,0.5,1.0.0,2026-07-29T15:06:59.847491+00:00,batch_20260729_150659_a047a5
4338-EYCER,0.228,0,0.5,1.0.0,2026-07-29T15:06:59.847491+00:00,batch_20260729_150659_a047a5
3007-FDPEA,0.241,0,0.5,1.0.0,2026-07-29T15:06:59.847491+00:00,batch_20260729_150659_a047a5
6350-XFYGW,0.7873,1,0.5,1.0.0,2026-07-29T15:06:59.847491+00:00,batch_20260729_150659_a047a5
4290-BSXUX,0.5785,1,0.5,1.0.0,2026-07-29T15:06:59.847491+00:00,batch_20260729_150659_a047a5
8513-OLYGY,0.0381,0,0.5,1.0.0,2026-07-29T15:06:59.847491+00:00,batch_20260729_150659_a047a5
0311-QYWSS,0.3914,0,0.5,1.0.0,2026-07-29T15:06:59.847491+00:00,batch_20260729_150659_a047a5
8705-DWKTI,0.3001,0,0.5,1.0.0,2026-07-29T15:06:59.847491+00:00,batch_20260729_150659_a047a5
8755-IWJHN,0.2432,0,0.5,1.0.0,2026-07-29T15:06:59.847491+00:00,batch_20260729_150659_a047a5
0325-XBFAC,0.7646,1,0.5,1.0.0,2026-07-29T15:06:59.847491+00:00,batch_20260729_150659_a047a5
4480-QQRHC,0.5794,1,0.5,1.0.0,2026-07-29T15:06:59.847491+00:00,batch_20260729_150659_a047a5
0929-PECLO,0.2927,0,0.5,1.0.0,2026-07-29T15:06:59.847491+00:00,batch_20260729_150659_a047a5
3680-CTHUH,0.133,0,0.5,1.0.0,2026-07-29T15:06:59.847491+00:00,batch_20260729_150659_a047a5
1202-KKGFU,0.1375,0,0.5,1.0.0,2026-07-29T15:06:59.847491+00:00,batch_20260729_150659_a047a5
6112-KTHFQ,0.1653,0,0.5,1.0.0,2026-07-29T15:06:59.847491+00:00,batch_20260729_150659_a047a5
1852-XEMDW,0.1608,0,0.5,1.0.0,2026-07-29T15:06:59.847491+00:00,batch_20260729_150659_a047a5
2462-XIIJB,0.7818,1,0.5,1.0.0,2026-07-29T15:06:59.847491+00:00,batch_20260729_150659_a047a5
4760-XOHVN,0.1564,0,0.5,1.0.0,2026-07-29T15:06:59.847491+00:00,batch_20260729_150659_a047a5
1820-DJFPH,0.0031,0,0.5,1.0.0,2026-07-29T15:06:59.847491+00:00,batch_20260729_150659_a047a5
9426-SXNHE,0.1752,0,0.5,1.0.0,2026-07-29T15:06:59.847491+00:00,batch_20260729_150659_a047a5
9068-FHQHD,0.0069,0,0.5,1.0.0,2026-07-29T15:06:59.847491+00:00,batch_20260729_150659_a047a5
1269-FOYWN,0.0109,0,0.5,1.0.0,2026-07-29T15:06:59.847491+00:00,batch_20260729_150659_a047a5
9470-YFUYI,0.0152,0,0.5,1.0.0,2026-07-29T15:06:59.847491+00:00,batch_20260729_150659_a047a5
7817-BOQPW,0.7565,1,0.5,1.0.0,2026-07-29T15:06:59.847491+00:00,batch_20260729_150659_a047a5
7402-EYFXX,0.7017,1,0.5,1.0.0,2026-07-29T15:06:59.847491+00:00,batch_20260729_150659_a047a5
1853-UDXBW,0.6698,1,0.5,1.0.0,2026-07-29T15:06:59.847491+00:00,batch_20260729_150659_a047a5
9895-VFOXH,0.4823,0,0.5,1.0.0,2026-07-29T15:06:59.847491+00:00,batch_20260729_150659_a047a5
5458-CQJTA,0.0119,0,0.5,1.0.0,2026-07-29T15:06:59.847491+00:00,batch_20260729_150659_a047a5
1230-QAJDW,0.4328,0,0.5,1.0.0,2026-07-29T15:06:59.847491+00:00,batch_20260729_150659_a047a5
5701-ZIKJE,0.2457,0,0.5,1.0.0,2026-07-29T15:06:59.847491+00:00,batch_20260729_150659_a047a5
5219-YIPTK,0.6452,1,0.5,1.0.0,2026-07-29T15:06:59.847491+00:00,batch_20260729_150659_a047a5
5032-MIYKT,0.6455,1,0.5,1.0.0,2026-07-29T15:06:59.847491+00:00,batch_20260729_150659_a047a5
7396-VJUZB,0.2734,0,0.5,1.0.0,2026-07-29T15:06:59.847491+00:00,batch_20260729_150659_a047a5
9717-QEBGU,0.7111,1,0.5,1.0.0,2026-07-29T15:06:59.847491+00:00,batch_20260729_150659_a047a5
5172-RKOCB,0.0492,0,0.5,1.0.0,2026-07-29T15:06:59.847491+00:00,batch_20260729_150659_a047a5
6509-TSGWN,0.044,0,0.5,1.0.0,2026-07-29T15:06:59.847491+00:00,batch_20260729_150659_a047a5
3540-RZJYU,0.4922,0,0.5,1.0.0,2026-07-29T15:06:59.847491+00:00,batch_20260729_150659_a047a5
3178-CIFOT,0.0512,0,0.5,1.0.0,2026-07-29T15:06:59.847491+00:00,batch_20260729_150659_a047a5
2091-MJTFX,0.1918,0,0.5,1.0.0,2026-07-29T15:06:59.847491+00:00,batch_20260729_150659_a047a5
4530-NDRKU,0.0252,0,0.5,1.0.0,2026-07-29T15:06:59.847491+00:00,batch_20260729_150659_a047a5
5985-TBABQ,0.1037,0,0.5,1.0.0,2026-07-29T15:06:59.847491+00:00,batch_20260729_150659_a047a5
9800-ONTFE,0.4609,0,0.5,1.0.0,2026-07-29T15:06:59.847491+00:00,batch_20260729_150659_a047a5
6743-HHQPF,0.1732,0,0.5,1.0.0,2026-07-29T15:06:59.847491+00:00,batch_20260729_150659_a047a5
8455-HIRAQ,0.2868,0,0.5,1.0.0,2026-07-29T15:06:59.847491+00:00,batch_20260729_150659_a047a5
6616-AALSR,0.0739,0,0.5,1.0.0,2026-07-29T15:06:59.847491+00:00,batch_20260729_150659_a047a5
0883-EIBTI,0.1814,0,0.5,1.0.0,2026-07-29T15:06:59.847491+00:00,batch_20260729_150659_a047a5
9415-ZNBSX,0.0139,0,0.5,1.0.0,2026-07-29T15:06:59.847491+00:00,batch_20260729_150659_a047a5
4018-KJYUY,0.0614,0,0.5,1.0.0,2026-07-29T15:06:59.847491+00:00,batch_20260729_150659_a047a5
0722-TROQR,0.7434,1,0.5,1.0.0,2026-07-29T15:06:59.847491+00:00,batch_20260729_150659_a047a5
7571-YXDAD,0.5832,1,0.5,1.0.0,2026-07-29T15:06:59.847491+00:00,batch_20260729_150659_a047a5
3884-UEBXB,0.0062,0,0.5,1.0.0,2026-07-29T15:06:59.847491+00:00,batch_20260729_150659_a047a5
8780-RSYYU,0.097,0,0.5,1.0.0,2026-07-29T15:06:59.847491+00:00,batch_20260729_150659_a047a5
5537-UXXVS,0.0848,0,0.5,1.0.0,2026-07-29T15:06:59.847491+00:00,batch_20260729_150659_a047a5
1791-PQHBB,0.3378,0,0.5,1.0.0,2026-07-29T15:06:59.847491+00:00,batch_20260729_150659_a047a5
8701-DGLVH,0.0055,0,0.5,1.0.0,2026-07-29T15:06:59.847491+00:00,batch_20260729_150659_a047a5
8741-LQOBK,0.0589,0,0.5,1.0.0,2026-07-29T15:06:59.847491+00:00,batch_20260729_150659_a047a5
3393-FMZPV,0.6802,1,0.5,1.0.0,2026-07-29T15:06:59.847491+00:00,batch_20260729_150659_a047a5
8082-GHXOP,0.2076,0,0.5,1.0.0,2026-07-29T15:06:59.847491+00:00,batch_20260729_150659_a047a5
6402-ZFPPI,0.5283,1,0.5,1.0.0,2026-07-29T15:06:59.847491+00:00,batch_20260729_150659_a047a5
0980-FEXWF,0.0685,0,0.5,1.0.0,2026-07-29T15:06:59.847491+00:00,batch_20260729_150659_a047a5
7486-KSRVI,0.3149,0,0.5,1.0.0,2026-07-29T15:06:59.847491+00:00,batch_20260729_150659_a047a5
3011-WQKSZ,0.1421,0,0.5,1.0.0,2026-07-29T15:06:59.847491+00:00,batch_20260729_150659_a047a5
8443-WVPSS,0.6385,1,0.5,1.0.0,2026-07-29T15:06:59.847491+00:00,batch_20260729_150659_a047a5
3006-XIMLN,0.7219,1,0.5,1.0.0,2026-07-29T15:06:59.847491+00:00,batch_20260729_150659_a047a5
8218-FFJDS,0.0152,0,0.5,1.0.0,2026-07-29T15:06:59.847491+00:00,batch_20260729_150659_a047a5
1986-PHGZF,0.2248,0,0.5,1.0.0,2026-07-29T15:06:59.847491+00:00,batch_20260729_150659_a047a5
9965-YOKZB,0.7579,1,0.5,1.0.0,2026-07-29T15:06:59.847491+00:00,batch_20260729_150659_a047a5
0504-HHAPI,0.4569,0,0.5,1.0.0,2026-07-29T15:06:59.847491+00:00,batch_20260729_150659_a047a5
9360-OMDZZ,0.7195,1,0.5,1.0.0,2026-07-29T15:06:59.847491+00:00,batch_20260729_150659_a047a5
6305-YLBMM,0.1034,0,0.5,1.0.0,2026-07-29T15:06:59.847491+00:00,batch_20260729_150659_a047a5
0345-XMMUG,0.1219,0,0.5,1.0.0,2026-07-29T15:06:59.847491+00:00,batch_20260729_150659_a047a5
8024-XNAFQ,0.0404,0,0.5,1.0.0,2026-07-29T15:06:59.847491+00:00,batch_20260729_150659_a047a5
3647-GMGDH,0.587,1,0.5,1.0.0,2026-07-29T15:06:59.847491+00:00,batch_20260729_150659_a047a5
2988-GBIVW,0.2722,0,0.5,1.0.0,2026-07-29T15:06:59.847491+00:00,batch_20260729_150659_a047a5
2832-SCUCO,0.2386,0,0.5,1.0.0,2026-07-29T15:06:59.847491+00:00,batch_20260729_150659_a047a5
7036-ZZKBD,0.1801,0,0.5,1.0.0,2026-07-29T15:06:59.847491+00:00,batch_20260729_150659_a047a5
3791-LGQCY,0.4347,0,0.5,1.0.0,2026-07-29T15:06:59.847491+00:00,batch_20260729_150659_a047a5
0265-PSUAE,0.4027,0,0.5,1.0.0,2026-07-29T15:06:59.847491+00:00,batch_20260729_150659_a047a5
0463-TXOAK,0.0052,0,0.5,1.0.0,2026-07-29T15:06:59.847491+00:00,batch_20260729_150659_a047a5
0594-UFTUL,0.1361,0,0.5,1.0.0,2026-07-29T15:06:59.847491+00:00,batch_20260729_150659_a047a5
9509-MPYOD,0.0217,0,0.5,1.0.0,2026-07-29T15:06:59.847491+00:00,batch_20260729_150659_a047a5
9128-CPXKI,0.1084,0,0.5,1.0.0,2026-07-29T15:06:59.847491+00:00,batch_20260729_150659_a047a5
0129-KPTWJ,0.3351,0,0.5,1.0.0,2026-07-29T15:06:59.847491+00:00,batch_20260729_150659_a047a5
8166-ZZTFS,0.0361,0,0.5,1.0.0,2026-07-29T15:06:59.847491+00:00,batch_20260729_150659_a047a5
5855-EIBDE,0.0478,0,0.5,1.0.0,2026-07-29T15:06:59.847491+00:00,batch_20260729_150659_a047a5
5365-LLFYV,0.4343,0,0.5,1.0.0,2026-07-29T15:06:59.847491+00:00,batch_20260729_150659_a047a5
5956-YHHRX,0.7181,1,0.5,1.0.0,2026-07-29T15:06:59.847491+00:00,batch_20260729_150659_a047a5
6008-NAIXK,0.1363,0,0.5,1.0.0,2026-07-29T15:06:59.847491+00:00,batch_20260729_150659_a047a5
2956-GGUCQ,0.5083,1,0.5,1.0.0,2026-07-29T15:06:59.847491+00:00,batch_20260729_150659_a047a5
1928-BXYIV,0.3634,0,0.5,1.0.0,2026-07-29T15:06:59.847491+00:00,batch_20260729_150659_a047a5
5760-FXFVO,0.5647,1,0.5,1.0.0,2026-07-29T15:06:59.847491+00:00,batch_20260729_150659_a047a5
6595-COKXZ,0.4413,0,0.5,1.0.0,2026-07-29T15:06:59.847491+00:00,batch_20260729_150659_a047a5
0961-ZWLVI,0.1734,0,0.5,1.0.0,2026-07-29T15:06:59.847491+00:00,batch_20260729_150659_a047a5
5181-OABFK,0.0112,0,0.5,1.0.0,2026-07-29T15:06:59.847491+00:00,batch_20260729_150659_a047a5
4007-NHVHI,0.3268,0,0.5,1.0.0,2026-07-29T15:06:59.847491+00:00,batch_20260729_150659_a047a5
7816-VGHTO,0.0762,0,0.5,1.0.0,2026-07-29T15:06:59.847491+00:00,batch_20260729_150659_a047a5
5871-DGTXZ,0.0245,0,0.5,1.0.0,2026-07-29T15:06:59.847491+00:00,batch_20260729_150659_a047a5
7550-WIQVA,0.2354,0,0.5,1.0.0,2026-07-29T15:06:59.847491+00:00,batch_20260729_150659_a047a5
7544-ZVIKX,0.1512,0,0.5,1.0.0,2026-07-29T15:06:59.847491+00:00,batch_20260729_150659_a047a5
0016-QLJIS,0.0174,0,0.5,1.0.0,2026-07-29T15:06:59.847491+00:00,batch_20260729_150659_a047a5
7508-DQAKK,0.0188,0,0.5,1.0.0,2026-07-29T15:06:59.847491+00:00,batch_20260729_150659_a047a5
5176-OLSKT,0.0093,0,0.5,1.0.0,2026-07-29T15:06:59.847491+00:00,batch_20260729_150659_a047a5
9356-AXGMP,0.3103,0,0.5,1.0.0,2026-07-29T15:06:59.847491+00:00,batch_20260729_150659_a047a5
3556-BVQGL,0.0624,0,0.5,1.0.0,2026-07-29T15:06:59.847491+00:00,batch_20260729_150659_a047a5
0362-ZBZWJ,0.5737,1,0.5,1.0.0,2026-07-29T15:06:59.847491+00:00,batch_20260729_150659_a047a5
8979-CAMGB,0.1574,0,0.5,1.0.0,2026-07-29T15:06:59.847491+00:00,batch_20260729_150659_a047a5
4211-MMAZN,0.1894,0,0.5,1.0.0,2026-07-29T15:06:59.847491+00:00,batch_20260729_150659_a047a5
7581-EBBOU,0.0303,0,0.5,1.0.0,2026-07-29T15:06:59.847491+00:00,batch_20260729_150659_a047a5
4274-OWWYO,0.6839,1,0.5,1.0.0,2026-07-29T15:06:59.847491+00:00,batch_20260729_150659_a047a5
5073-RZGBK,0.0352,0,0.5,1.0.0,2026-07-29T15:06:59.847491+00:00,batch_20260729_150659_a047a5
1541-ETJZO,0.3129,0,0.5,1.0.0,2026-07-29T15:06:59.847491+00:00,batch_20260729_150659_a047a5
2192-CKRLV,0.0212,0,0.5,1.0.0,2026-07-29T15:06:59.847491+00:00,batch_20260729_150659_a047a5
3154-HMWUU,0.0052,0,0.5,1.0.0,2026-07-29T15:06:59.847491+00:00,batch_20260729_150659_a047a5
6119-SPUDB,0.0153,0,0.5,1.0.0,2026-07-29T15:06:59.847491+00:00,batch_20260729_150659_a047a5
6522-OIQSX,0.0241,0,0.5,1.0.0,2026-07-29T15:06:59.847491+00:00,batch_20260729_150659_a047a5
7813-ZGGAW,0.4289,0,0.5,1.0.0,2026-07-29T15:06:59.847491+00:00,batch_20260729_150659_a047a5
8748-HFWBO,0.0355,0,0.5,1.0.0,2026-07-29T15:06:59.847491+00:00,batch_20260729_150659_a047a5
1052-QJIBV,0.0016,0,0.5,1.0.0,2026-07-29T15:06:59.847491+00:00,batch_20260729_150659_a047a5
1319-YLZJG,0.5215,1,0.5,1.0.0,2026-07-29T15:06:59.847491+00:00,batch_20260729_150659_a047a5
4106-HADHQ,0.0385,0,0.5,1.0.0,2026-07-29T15:06:59.847491+00:00,batch_20260729_150659_a047a5
0723-FDLAY,0.0914,0,0.5,1.0.0,2026-07-29T15:06:59.847491+00:00,batch_20260729_150659_a047a5
3050-RLLXC,0.0104,0,0.5,1.0.0,2026-07-29T15:06:59.847491+00:00,batch_20260729_150659_a047a5
9298-WGMRW,0.0559,0,0.5,1.0.0,2026-07-29T15:06:59.847491+00:00,batch_20260729_150659_a047a5
2369-UAPKZ,0.6497,1,0.5,1.0.0,2026-07-29T15:06:59.847491+00:00,batch_20260729_150659_a047a5
3088-LHEFH,0.5274,1,0.5,1.0.0,2026-07-29T15:06:59.847491+00:00,batch_20260729_150659_a047a5
2778-OCLGR,0.2353,0,0.5,1.0.0,2026-07-29T15:06:59.847491+00:00,batch_20260729_150659_a047a5
6583-KQJLK,0.6882,1,0.5,1.0.0,2026-07-29T15:06:59.847491+00:00,batch_20260729_150659_a047a5
8544-JNBOX,0.0031,0,0.5,1.0.0,2026-07-29T15:06:59.847491+00:00,batch_20260729_150659_a047a5
6681-ZSEXG,0.0169,0,0.5,1.0.0,2026-07-29T15:06:59.847491+00:00,batch_20260729_150659_a047a5
6139-ZZRBQ,0.0041,0,0.5,1.0.0,2026-07-29T15:06:59.847491+00:00,batch_20260729_150659_a047a5
6116-RFVHN,0.671,1,0.5,1.0.0,2026-07-29T15:06:59.847491+00:00,batch_20260729_150659_a047a5
0637-KVDLV,0.7574,1,0.5,1.0.0,2026-07-29T15:06:59.847491+00:00,batch_20260729_150659_a047a5
8884-FEEWR,0.021,0,0.5,1.0.0,2026-07-29T15:06:59.847491+00:00,batch_20260729_150659_a047a5
3125-RAHBV,0.0369,0,0.5,1.0.0,2026-07-29T15:06:59.847491+00:00,batch_20260729_150659_a047a5
6633-MPWBS,0.3835,0,0.5,1.0.0,2026-07-29T15:06:59.847491+00:00,batch_20260729_150659_a047a5
0373-AIVNJ,0.1572,0,0.5,1.0.0,2026-07-29T15:06:59.847491+00:00,batch_20260729_150659_a047a5
8785-EPNCG,0.1472,0,0.5,1.0.0,2026-07-29T15:06:59.847491+00:00,batch_20260729_150659_a047a5
1682-VCOIO,0.0373,0,0.5,1.0.0,2026-07-29T15:06:59.847491+00:00,batch_20260729_150659_a047a5
5729-KLZAR,0.6108,1,0.5,1.0.0,2026-07-29T15:06:59.847491+00:00,batch_20260729_150659_a047a5
2072-ZVJJX,0.0033,0,0.5,1.0.0,2026-07-29T15:06:59.847491+00:00,batch_20260729_150659_a047a5
8849-AYPTR,0.5092,1,0.5,1.0.0,2026-07-29T15:06:59.847491+00:00,batch_20260729_150659_a047a5
9518-IMLHK,0.1155,0,0.5,1.0.0,2026-07-29T15:06:59.847491+00:00,batch_20260729_150659_a047a5
1582-RAFML,0.2758,0,0.5,1.0.0,2026-07-29T15:06:59.847491+00:00,batch_20260729_150659_a047a5
3646-ITDGM,0.0041,0,0.5,1.0.0,2026-07-29T15:06:59.847491+00:00,batch_20260729_150659_a047a5
8740-CRYFY,0.7574,1,0.5,1.0.0,2026-07-29T15:06:59.847491+00:00,batch_20260729_150659_a047a5
3569-VLDHH,0.0225,0,0.5,1.0.0,2026-07-29T15:06:59.847491+00:00,batch_20260729_150659_a047a5
8224-KDLKN,0.0021,0,0.5,1.0.0,2026-07-29T15:06:59.847491+00:00,batch_20260729_150659_a047a5
7594-LZNWR,0.2622,0,0.5,1.0.0,2026-07-29T15:06:59.847491+00:00,batch_20260729_150659_a047a5
4001-TSBTV,0.2948,0,0.5,1.0.0,2026-07-29T15:06:59.847491+00:00,batch_20260729_150659_a047a5
2962-XPMCQ,0.517,1,0.5,1.0.0,2026-07-29T15:06:59.847491+00:00,batch_20260729_150659_a047a5
8727-XDPUD,0.0531,0,0.5,1.0.0,2026-07-29T15:06:59.847491+00:00,batch_20260729_150659_a047a5
1043-UXOVO,0.0526,0,0.5,1.0.0,2026-07-29T15:06:59.847491+00:00,batch_20260729_150659_a047a5
1064-FBXNK,0.0744,0,0.5,1.0.0,2026-07-29T15:06:59.847491+00:00,batch_20260729_150659_a047a5
3996-ZNWYK,0.0016,0,0.5,1.0.0,2026-07-29T15:06:59.847491+00:00,batch_20260729_150659_a047a5
2878-DHMIN,0.0239,0,0.5,1.0.0,2026-07-29T15:06:59.847491+00:00,batch_20260729_150659_a047a5
7762-ONLJY,0.0628,0,0.5,1.0.0,2026-07-29T15:06:59.847491+00:00,batch_20260729_150659_a047a5
1678-FYZOW,0.746,1,0.5,1.0.0,2026-07-29T15:06:59.847491+00:00,batch_20260729_150659_a047a5
5795-BKOYE,0.0085,0,0.5,1.0.0,2026-07-29T15:06:59.847491+00:00,batch_20260729_150659_a047a5
8627-EHGIP,0.1394,0,0.5,1.0.0,2026-07-29T15:06:59.847491+00:00,batch_20260729_150659_a047a5
7402-PWYJJ,0.2096,0,0.5,1.0.0,2026-07-29T15:06:59.847491+00:00,batch_20260729_150659_a047a5
5480-TBGPH,0.552,1,0.5,1.0.0,2026-07-29T15:06:59.847491+00:00,batch_20260729_150659_a047a5
0018-NYROU,0.6899,1,0.5,1.0.0,2026-07-29T15:06:59.847491+00:00,batch_20260729_150659_a047a5
7501-VTYLJ,0.2594,0,0.5,1.0.0,2026-07-29T15:06:59.847491+00:00,batch_20260729_150659_a047a5
7608-RGIRO,0.005,0,0.5,1.0.0,2026-07-29T15:06:59.847491+00:00,batch_20260729_150659_a047a5
0480-BIXDE,0.7054,1,0.5,1.0.0,2026-07-29T15:06:59.847491+00:00,batch_20260729_150659_a047a5
5895-QSXOD,0.4824,0,0.5,1.0.0,2026-07-29T15:06:59.847491+00:00,batch_20260729_150659_a047a5
9814-AOUDH,0.0047,0,0.5,1.0.0,2026-07-29T15:06:59.847491+00:00,batch_20260729_150659_a047a5
6175-IRFIT,0.5752,1,0.5,1.0.0,2026-07-29T15:06:59.847491+00:00,batch_20260729_150659_a047a5
8760-ZRHKE,0.0218,0,0.5,1.0.0,2026-07-29T15:06:59.847491+00:00,batch_20260729_150659_a047a5
1622-HSHSF,0.2563,0,0.5,1.0.0,2026-07-29T15:06:59.847491+00:00,batch_20260729_150659_a047a5
8854-CCVSQ,0.6123,1,0.5,1.0.0,2026-07-29T15:06:59.847491+00:00,batch_20260729_150659_a047a5
6749-UTDVX,0.1343,0,0.5,1.0.0,2026-07-29T15:06:59.847491+00:00,batch_20260729_150659_a047a5
5542-DHSXL,0.2254,0,0.5,1.0.0,2026-07-29T15:06:59.847491+00:00,batch_20260729_150659_a047a5
9102-OXKFY,0.0157,0,0.5,1.0.0,2026-07-29T15:06:59.847491+00:00,batch_20260729_150659_a047a5
0511-JTEOY,0.5519,1,0.5,1.0.0,2026-07-29T15:06:59.847491+00:00,batch_20260729_150659_a047a5
5216-WASFJ,0.6138,1,0.5,1.0.0,2026-07-29T15:06:59.847491+00:00,batch_20260729_150659_a047a5
7808-DVWEP,0.1706,0,0.5,1.0.0,2026-07-29T15:06:59.847491+00:00,batch_20260729_150659_a047a5
7067-KSAZT,0.2733,0,0.5,1.0.0,2026-07-29T15:06:59.847491+00:00,batch_20260729_150659_a047a5
2284-VFLKH,0.1787,0,0.5,1.0.0,2026-07-29T15:06:59.847491+00:00,batch_20260729_150659_a047a5
0366-NQSHS,0.1817,0,0.5,1.0.0,2026-07-29T15:06:59.847491+00:00,batch_20260729_150659_a047a5
6532-YLWSI,0.0092,0,0.5,1.0.0,2026-07-29T15:06:59.847491+00:00,batch_20260729_150659_a047a5
3807-BPOMJ,0.2144,0,0.5,1.0.0,2026-07-29T15:06:59.847491+00:00,batch_20260729_150659_a047a5
3892-NXAZG,0.0434,0,0.5,1.0.0,2026-07-29T15:06:59.847491+00:00,batch_20260729_150659_a047a5
4948-WBBKL,0.3992,0,0.5,1.0.0,2026-07-29T15:06:59.847491+00:00,batch_20260729_150659_a047a5
4182-BGSIQ,0.148,0,0.5,1.0.0,2026-07-29T15:06:59.847491+00:00,batch_20260729_150659_a047a5
9300-AGZNL,0.8318,1,0.5,1.0.0,2026-07-29T15:06:59.847491+00:00,batch_20260729_150659_a047a5
0988-AADSA,0.0063,0,0.5,1.0.0,2026-07-29T15:06:59.847491+00:00,batch_20260729_150659_a047a5
9972-NKTFD,0.0931,0,0.5,1.0.0,2026-07-29T15:06:59.847491+00:00,batch_20260729_150659_a047a5
3717-LNXKW,0.3029,0,0.5,1.0.0,2026-07-29T15:06:59.847491+00:00,batch_20260729_150659_a047a5
5734-EJKXG,0.1908,0,0.5,1.0.0,2026-07-29T15:06:59.847491+00:00,batch_20260729_150659_a047a5
2207-RYYRL,0.0055,0,0.5,1.0.0,2026-07-29T15:06:59.847491+00:00,batch_20260729_150659_a047a5
6729-FZWSY,0.0071,0,0.5,1.0.0,2026-07-29T15:06:59.847491+00:00,batch_20260729_150659_a047a5
9695-IDRZR,0.1034,0,0.5,1.0.0,2026-07-29T15:06:59.847491+00:00,batch_20260729_150659_a047a5
8144-DGHXP,0.023,0,0.5,1.0.0,2026-07-29T15:06:59.847491+00:00,batch_20260729_150659_a047a5
7814-LEEVE,0.2514,0,0.5,1.0.0,2026-07-29T15:06:59.847491+00:00,batch_20260729_150659_a047a5
1112-CUNAO,0.6074,1,0.5,1.0.0,2026-07-29T15:06:59.847491+00:00,batch_20260729_150659_a047a5
5175-AOBHI,0.4146,0,0.5,1.0.0,2026-07-29T15:06:59.847491+00:00,batch_20260729_150659_a047a5
5174-RNGBH,0.2221,0,0.5,1.0.0,2026-07-29T15:06:59.847491+00:00,batch_20260729_150659_a047a5
8631-WUXGY,0.4229,0,0.5,1.0.0,2026-07-29T15:06:59.847491+00:00,batch_20260729_150659_a047a5
7270-BDIOA,0.582,1,0.5,1.0.0,2026-07-29T15:06:59.847491+00:00,batch_20260729_150659_a047a5
9565-JSNFM,0.1782,0,0.5,1.0.0,2026-07-29T15:06:59.847491+00:00,batch_20260729_150659_a047a5
5906-DVAPM,0.0273,0,0.5,1.0.0,2026-07-29T15:06:59.847491+00:00,batch_20260729_150659_a047a5
6654-QGBZZ,0.189,0,0.5,1.0.0,2026-07-29T15:06:59.847491+00:00,batch_20260729_150659_a047a5
8348-JLBUG,0.0458,0,0.5,1.0.0,2026-07-29T15:06:59.847491+00:00,batch_20260729_150659_a047a5
0607-DAAHE,0.0037,0,0.5,1.0.0,2026-07-29T15:06:59.847491+00:00,batch_20260729_150659_a047a5
5641-DMBFJ,0.0396,0,0.5,1.0.0,2026-07-29T15:06:59.847491+00:00,batch_20260729_150659_a047a5
9200-NLNPD,0.0704,0,0.5,1.0.0,2026-07-29T15:06:59.847491+00:00,batch_20260729_150659_a047a5
2664-XJZNO,0.0347,0,0.5,1.0.0,2026-07-29T15:06:59.847491+00:00,batch_20260729_150659_a047a5
9732-KPKBW,0.3405,0,0.5,1.0.0,2026-07-29T15:06:59.847491+00:00,batch_20260729_150659_a047a5
3339-EAQNV,0.1509,0,0.5,1.0.0,2026-07-29T15:06:59.847491+00:00,batch_20260729_150659_a047a5
0921-OHLVP,0.5777,1,0.5,1.0.0,2026-07-29T15:06:59.847491+00:00,batch_20260729_150659_a047a5
3389-YGYAI,0.7809,1,0.5,1.0.0,2026-07-29T15:06:59.847491+00:00,batch_20260729_150659_a047a5
9560-ARGQJ,0.6066,1,0.5,1.0.0,2026-07-29T15:06:59.847491+00:00,batch_20260729_150659_a047a5
8350-NYMVI,0.0963,0,0.5,1.0.0,2026-07-29T15:06:59.847491+00:00,batch_20260729_150659_a047a5
1600-DILPE,0.3262,0,0.5,1.0.0,2026-07-29T15:06:59.847491+00:00,batch_20260729_150659_a047a5
0536-ESJEP,0.0289,0,0.5,1.0.0,2026-07-29T15:06:59.847491+00:00,batch_20260729_150659_a047a5
4654-GGUII,0.1108,0,0.5,1.0.0,2026-07-29T15:06:59.847491+00:00,batch_20260729_150659_a047a5
6478-HRRCZ,0.0405,0,0.5,1.0.0,2026-07-29T15:06:59.847491+00:00,batch_20260729_150659_a047a5
8510-BBWMU,0.024,0,0.5,1.0.0,2026-07-29T15:06:59.847491+00:00,batch_20260729_150659_a047a5
6857-TKDJV,0.0026,0,0.5,1.0.0,2026-07-29T15:06:59.847491+00:00,batch_20260729_150659_a047a5
2360-RDGRO,0.3916,0,0.5,1.0.0,2026-07-29T15:06:59.847491+00:00,batch_20260729_150659_a047a5
0584-BJQGZ,0.172,0,0.5,1.0.0,2026-07-29T15:06:59.847491+00:00,batch_20260729_150659_a047a5
5134-IKDAY,0.6695,1,0.5,1.0.0,2026-07-29T15:06:59.847491+00:00,batch_20260729_150659_a047a5
1360-XFJMR,0.1404,0,0.5,1.0.0,2026-07-29T15:06:59.847491+00:00,batch_20260729_150659_a047a5
3070-DVEYC,0.5557,1,0.5,1.0.0,2026-07-29T15:06:59.847491+00:00,batch_20260729_150659_a047a5
5730-RIITO,0.1139,0,0.5,1.0.0,2026-07-29T15:06:59.847491+00:00,batch_20260729_150659_a047a5
9058-MJLZC,0.5887,1,0.5,1.0.0,2026-07-29T15:06:59.847491+00:00,batch_20260729_150659_a047a5
5707-ORNDZ,0.3274,0,0.5,1.0.0,2026-07-29T15:06:59.847491+00:00,batch_20260729_150659_a047a5
0902-XKXPN,0.0018,0,0.5,1.0.0,2026-07-29T15:06:59.847491+00:00,batch_20260729_150659_a047a5
5177-RVZNU,0.015,0,0.5,1.0.0,2026-07-29T15:06:59.847491+00:00,batch_20260729_150659_a047a5
0056-EPFBG,0.0505,0,0.5,1.0.0,2026-07-29T15:06:59.847491+00:00,batch_20260729_150659_a047a5
8993-IZEUX,0.4861,0,0.5,1.0.0,2026-07-29T15:06:59.847491+00:00,batch_20260729_150659_a047a5
8696-JKZNU,0.4928,0,0.5,1.0.0,2026-07-29T15:06:59.847491+00:00,batch_20260729_150659_a047a5
5380-AFSSK,0.7589,1,0.5,1.0.0,2026-07-29T15:06:59.847491+00:00,batch_20260729_150659_a047a5
8190-ZTQFB,0.2268,0,0.5,1.0.0,2026-07-29T15:06:59.847491+00:00,batch_20260729_150659_a047a5
0931-MHTEM,0.1411,0,0.5,1.0.0,2026-07-29T15:06:59.847491+00:00,batch_20260729_150659_a047a5
2055-PDADH,0.7036,1,0.5,1.0.0,2026-07-29T15:06:59.847491+00:00,batch_20260729_150659_a047a5
7515-LODFU,0.0022,0,0.5,1.0.0,2026-07-29T15:06:59.847491+00:00,batch_20260729_150659_a047a5
0440-UEDAI,0.1111,0,0.5,1.0.0,2026-07-29T15:06:59.847491+00:00,batch_20260729_150659_a047a5
1337-BOZWO,0.1483,0,0.5,1.0.0,2026-07-29T15:06:59.847491+00:00,batch_20260729_150659_a047a5
0868-VJRDR,0.0443,0,0.5,1.0.0,2026-07-29T15:06:59.847491+00:00,batch_20260729_150659_a047a5
8714-EUHJO,0.5397,1,0.5,1.0.0,2026-07-29T15:06:59.847491+00:00,batch_20260729_150659_a047a5
6344-SFJVH,0.2722,0,0.5,1.0.0,2026-07-29T15:06:59.847491+00:00,batch_20260729_150659_a047a5
3950-VPYJB,0.0098,0,0.5,1.0.0,2026-07-29T15:06:59.847491+00:00,batch_20260729_150659_a047a5
8041-TMEID,0.064,0,0.5,1.0.0,2026-07-29T15:06:59.847491+00:00,batch_20260729_150659_a047a5
7321-ZNSLA,0.0421,0,0.5,1.0.0,2026-07-29T15:06:59.847491+00:00,batch_20260729_150659_a047a5
6941-KXRRV,0.0606,0,0.5,1.0.0,2026-07-29T15:06:59.847491+00:00,batch_20260729_150659_a047a5
3721-CNEYS,0.7117,1,0.5,1.0.0,2026-07-29T15:06:59.847491+00:00,batch_20260729_150659_a047a5
8727-JQFHV,0.0033,0,0.5,1.0.0,2026-07-29T15:06:59.847491+00:00,batch_20260729_150659_a047a5
9475-NNDGC,0.1372,0,0.5,1.0.0,2026-07-29T15:06:59.847491+00:00,batch_20260729_150659_a047a5
1355-KUSBG,0.3705,0,0.5,1.0.0,2026-07-29T15:06:59.847491+00:00,batch_20260729_150659_a047a5
3688-FTHLT,0.4186,0,0.5,1.0.0,2026-07-29T15:06:59.847491+00:00,batch_20260729_150659_a047a5
0899-LIIBW,0.5861,1,0.5,1.0.0,2026-07-29T15:06:59.847491+00:00,batch_20260729_150659_a047a5
2568-OIADY,0.6535,1,0.5,1.0.0,2026-07-29T15:06:59.847491+00:00,batch_20260729_150659_a047a5
1384-RCUXW,0.5433,1,0.5,1.0.0,2026-07-29T15:06:59.847491+00:00,batch_20260729_150659_a047a5
5825-XJOCM,0.0363,0,0.5,1.0.0,2026-07-29T15:06:59.847491+00:00,batch_20260729_150659_a047a5
6848-YLDFR,0.034,0,0.5,1.0.0,2026-07-29T15:06:59.847491+00:00,batch_20260729_150659_a047a5
8125-QPFJD,0.0177,0,0.5,1.0.0,2026-07-29T15:06:59.847491+00:00,batch_20260729_150659_a047a5
2320-YKQBO,0.1497,0,0.5,1.0.0,2026-07-29T15:06:59.847491+00:00,batch_20260729_150659_a047a5
1193-RTSLK,0.2449,0,0.5,1.0.0,2026-07-29T15:06:59.847491+00:00,batch_20260729_150659_a047a5
2302-ANTDP,0.3026,0,0.5,1.0.0,2026-07-29T15:06:59.847491+00:00,batch_20260729_150659_a047a5
5923-GXUOC,0.6555,1,0.5,1.0.0,2026-07-29T15:06:59.847491+00:00,batch_20260729_150659_a047a5
4973-RLZVI,0.0421,0,0.5,1.0.0,2026-07-29T15:06:59.847491+00:00,batch_20260729_150659_a047a5
7869-ZYDST,0.2782,0,0.5,1.0.0,2026-07-29T15:06:59.847491+00:00,batch_20260729_150659_a047a5
4501-UYKBC,0.0707,0,0.5,1.0.0,2026-07-29T15:06:59.847491+00:00,batch_20260729_150659_a047a5
1215-EXRMO,0.0059,0,0.5,1.0.0,2026-07-29T15:06:59.847491+00:00,batch_20260729_150659_a047a5
2305-MRGLV,0.241,0,0.5,1.0.0,2026-07-29T15:06:59.847491+00:00,batch_20260729_150659_a047a5
8404-VIOMB,0.0179,0,0.5,1.0.0,2026-07-29T15:06:59.847491+00:00,batch_20260729_150659_a047a5
5233-GEEAX,0.5884,1,0.5,1.0.0,2026-07-29T15:06:59.847491+00:00,batch_20260729_150659_a047a5
2359-KLTEK,0.4033,0,0.5,1.0.0,2026-07-29T15:06:59.847491+00:00,batch_20260729_150659_a047a5
5304-EFJLP,0.0734,0,0.5,1.0.0,2026-07-29T15:06:59.847491+00:00,batch_20260729_150659_a047a5
2673-ZALNP,0.0753,0,0.5,1.0.0,2026-07-29T15:06:59.847491+00:00,batch_20260729_150659_a047a5
9184-GALIL,0.0326,0,0.5,1.0.0,2026-07-29T15:06:59.847491+00:00,batch_20260729_150659_a047a5
4393-RYCRE,0.2557,0,0.5,1.0.0,2026-07-29T15:06:59.847491+00:00,batch_20260729_150659_a047a5
9746-MDMBK,0.1368,0,0.5,1.0.0,2026-07-29T15:06:59.847491+00:00,batch_20260729_150659_a047a5
3162-ZJZFU,0.2314,0,0.5,1.0.0,2026-07-29T15:06:59.847491+00:00,batch_20260729_150659_a047a5
8404-GFGCZ,0.5165,1,0.5,1.0.0,2026-07-29T15:06:59.847491+00:00,batch_20260729_150659_a047a5
8875-AKBYH,0.6863,1,0.5,1.0.0,2026-07-29T15:06:59.847491+00:00,batch_20260729_150659_a047a5
4432-ADRLB,0.3381,0,0.5,1.0.0,2026-07-29T15:06:59.847491+00:00,batch_20260729_150659_a047a5
0533-UCAAU,0.0644,0,0.5,1.0.0,2026-07-29T15:06:59.847491+00:00,batch_20260729_150659_a047a5
1394-SUIUH,0.2082,0,0.5,1.0.0,2026-07-29T15:06:59.847491+00:00,batch_20260729_150659_a047a5
3521-MNKLV,0.2424,0,0.5,1.0.0,2026-07-29T15:06:59.847491+00:00,batch_20260729_150659_a047a5
2533-TIBIX,0.2883,0,0.5,1.0.0,2026-07-29T15:06:59.847491+00:00,batch_20260729_150659_a047a5
8993-PHFWD,0.5445,1,0.5,1.0.0,2026-07-29T15:06:59.847491+00:00,batch_20260729_150659_a047a5
1565-RHDJD,0.4749,0,0.5,1.0.0,2026-07-29T15:06:59.847491+00:00,batch_20260729_150659_a047a5
7137-RYLPP,0.566,1,0.5,1.0.0,2026-07-29T15:06:59.847491+00:00,batch_20260729_150659_a047a5
3765-JXVKY,0.6844,1,0.5,1.0.0,2026-07-29T15:06:59.847491+00:00,batch_20260729_150659_a047a5
5092-STPKP,0.0909,0,0.5,1.0.0,2026-07-29T15:06:59.847491+00:00,batch_20260729_150659_a047a5
7330-WZLNC,0.7503,1,0.5,1.0.0,2026-07-29T15:06:59.847491+00:00,batch_20260729_150659_a047a5
0114-PEGZZ,0.5662,1,0.5,1.0.0,2026-07-29T15:06:59.847491+00:00,batch_20260729_150659_a047a5
3359-DSRKA,0.0046,0,0.5,1.0.0,2026-07-29T15:06:59.847491+00:00,batch_20260729_150659_a047a5
8639-NHQEI,0.039,0,0.5,1.0.0,2026-07-29T15:06:59.847491+00:00,batch_20260729_150659_a047a5
7161-DFHUF,0.0029,0,0.5,1.0.0,2026-07-29T15:06:59.847491+00:00,batch_20260729_150659_a047a5
3957-LXOLK,0.6884,1,0.5,1.0.0,2026-07-29T15:06:59.847491+00:00,batch_20260729_150659_a047a5
3720-DBRWL,0.0229,0,0.5,1.0.0,2026-07-29T15:06:59.847491+00:00,batch_20260729_150659_a047a5
6635-MYYYZ,0.0561,0,0.5,1.0.0,2026-07-29T15:06:59.847491+00:00,batch_20260729_150659_a047a5
8565-WUXZU,0.0176,0,0.5,1.0.0,2026-07-29T15:06:59.847491+00:00,batch_20260729_150659_a047a5
5281-BUZGT,0.4895,0,0.5,1.0.0,2026-07-29T15:06:59.847491+00:00,batch_20260729_150659_a047a5
4994-OBRSZ,0.0309,0,0.5,1.0.0,2026-07-29T15:06:59.847491+00:00,batch_20260729_150659_a047a5
0562-FGDCR,0.0058,0,0.5,1.0.0,2026-07-29T15:06:59.847491+00:00,batch_20260729_150659_a047a5
2436-QBZFP,0.3124,0,0.5,1.0.0,2026-07-29T15:06:59.847491+00:00,batch_20260729_150659_a047a5
3420-YJLQT,0.6394,1,0.5,1.0.0,2026-07-29T15:06:59.847491+00:00,batch_20260729_150659_a047a5
6040-CGACY,0.1083,0,0.5,1.0.0,2026-07-29T15:06:59.847491+00:00,batch_20260729_150659_a047a5
6582-PLFUU,0.0042,0,0.5,1.0.0,2026-07-29T15:06:59.847491+00:00,batch_20260729_150659_a047a5
8242-PDSGJ,0.008,0,0.5,1.0.0,2026-07-29T15:06:59.847491+00:00,batch_20260729_150659_a047a5
0264-CNITK,0.0016,0,0.5,1.0.0,2026-07-29T15:06:59.847491+00:00,batch_20260729_150659_a047a5
0089-IIQKO,0.3736,0,0.5,1.0.0,2026-07-29T15:06:59.847491+00:00,batch_20260729_150659_a047a5
7839-NUIAA,0.0462,0,0.5,1.0.0,2026-07-29T15:06:59.847491+00:00,batch_20260729_150659_a047a5
6075-QMNRR,0.0658,0,0.5,1.0.0,2026-07-29T15:06:59.847491+00:00,batch_20260729_150659_a047a5
5378-IKEEG,0.7071,1,0.5,1.0.0,2026-07-29T15:06:59.847491+00:00,batch_20260729_150659_a047a5
5966-EMAZU,0.1291,0,0.5,1.0.0,2026-07-29T15:06:59.847491+00:00,batch_20260729_150659_a047a5
0440-EKDCF,0.0107,0,0.5,1.0.0,2026-07-29T15:06:59.847491+00:00,batch_20260729_150659_a047a5
4774-HHGGS,0.0145,0,0.5,1.0.0,2026-07-29T15:06:59.847491+00:00,batch_20260729_150659_a047a5
2718-GAXQD,0.3478,0,0.5,1.0.0,2026-07-29T15:06:59.847491+00:00,batch_20260729_150659_a047a5
2055-BFOCC,0.0304,0,0.5,1.0.0,2026-07-29T15:06:59.847491+00:00,batch_20260729_150659_a047a5
8180-AKMJV,0.4273,0,0.5,1.0.0,2026-07-29T15:06:59.847491+00:00,batch_20260729_150659_a047a5
4298-OYIFC,0.6952,1,0.5,1.0.0,2026-07-29T15:06:59.847491+00:00,batch_20260729_150659_a047a5
5566-SOEZD,0.1411,0,0.5,1.0.0,2026-07-29T15:06:59.847491+00:00,batch_20260729_150659_a047a5
9842-EFSYY,0.476,0,0.5,1.0.0,2026-07-29T15:06:59.847491+00:00,batch_20260729_150659_a047a5
2272-WUSPA,0.1031,0,0.5,1.0.0,2026-07-29T15:06:59.847491+00:00,batch_20260729_150659_a047a5
4584-LBNMK,0.0174,0,0.5,1.0.0,2026-07-29T15:06:59.847491+00:00,batch_20260729_150659_a047a5
3898-GUYTS,0.3065,0,0.5,1.0.0,2026-07-29T15:06:59.847491+00:00,batch_20260729_150659_a047a5
0930-EHUZA,0.0521,0,0.5,1.0.0,2026-07-29T15:06:59.847491+00:00,batch_20260729_150659_a047a5
6413-XKKPU,0.5235,1,0.5,1.0.0,2026-07-29T15:06:59.847491+00:00,batch_20260729_150659_a047a5
9975-SKRNR,0.1881,0,0.5,1.0.0,2026-07-29T15:06:59.847491+00:00,batch_20260729_150659_a047a5
3703-KBKZP,0.5709,1,0.5,1.0.0,2026-07-29T15:06:59.847491+00:00,batch_20260729_150659_a047a5
1449-XQEMT,0.2393,0,0.5,1.0.0,2026-07-29T15:06:59.847491+00:00,batch_20260729_150659_a047a5
2626-URJFX,0.5,1,0.5,1.0.0,2026-07-29T15:06:59.847491+00:00,batch_20260729_150659_a047a5
4973-MGTON,0.0123,0,0.5,1.0.0,2026-07-29T15:06:59.847491+00:00,batch_20260729_150659_a047a5
3682-YEUWS,0.1868,0,0.5,1.0.0,2026-07-29T15:06:59.847491+00:00,batch_20260729_150659_a047a5
1223-UNPKS,0.018,0,0.5,1.0.0,2026-07-29T15:06:59.847491+00:00,batch_20260729_150659_a047a5
2612-RRIDN,0.7424,1,0.5,1.0.0,2026-07-29T15:06:59.847491+00:00,batch_20260729_150659_a047a5
4735-ASGMA,0.7085,1,0.5,1.0.0,2026-07-29T15:06:59.847491+00:00,batch_20260729_150659_a047a5
3446-QDSZF,0.3586,0,0.5,1.0.0,2026-07-29T15:06:59.847491+00:00,batch_20260729_150659_a047a5
3669-LVWZB,0.6167,1,0.5,1.0.0,2026-07-29T15:06:59.847491+00:00,batch_20260729_150659_a047a5
6892-EZDTG,0.7591,1,0.5,1.0.0,2026-07-29T15:06:59.847491+00:00,batch_20260729_150659_a047a5
5117-IFGPS,0.622,1,0.5,1.0.0,2026-07-29T15:06:59.847491+00:00,batch_20260729_150659_a047a5
7379-FNIUJ,0.6107,1,0.5,1.0.0,2026-07-29T15:06:59.847491+00:00,batch_20260729_150659_a047a5
1627-AFWVJ,0.0148,0,0.5,1.0.0,2026-07-29T15:06:59.847491+00:00,batch_20260729_150659_a047a5
9725-SCPZG,0.7587,1,0.5,1.0.0,2026-07-29T15:06:59.847491+00:00,batch_20260729_150659_a047a5
5884-GCYMI,0.5493,1,0.5,1.0.0,2026-07-29T15:06:59.847491+00:00,batch_20260729_150659_a047a5
3217-FZDMN,0.686,1,0.5,1.0.0,2026-07-29T15:06:59.847491+00:00,batch_20260729_150659_a047a5
4486-EFAEB,0.2174,0,0.5,1.0.0,2026-07-29T15:06:59.847491+00:00,batch_20260729_150659_a047a5
0060-FUALY,0.3078,0,0.5,1.0.0,2026-07-29T15:06:59.847491+00:00,batch_20260729_150659_a047a5
7853-GVUDZ,0.2067,0,0.5,1.0.0,2026-07-29T15:06:59.847491+00:00,batch_20260729_150659_a047a5
7480-QNVZJ,0.5504,1,0.5,1.0.0,2026-07-29T15:06:59.847491+00:00,batch_20260729_150659_a047a5
6954-OOYZZ,0.2755,0,0.5,1.0.0,2026-07-29T15:06:59.847491+00:00,batch_20260729_150659_a047a5
7088-FBAWU,0.1871,0,0.5,1.0.0,2026-07-29T15:06:59.847491+00:00,batch_20260729_150659_a047a5
8313-AFGBW,0.0488,0,0.5,1.0.0,2026-07-29T15:06:59.847491+00:00,batch_20260729_150659_a047a5
3943-KDREE,0.4777,0,0.5,1.0.0,2026-07-29T15:06:59.847491+00:00,batch_20260729_150659_a047a5
9239-ZBZZV,0.7131,1,0.5,1.0.0,2026-07-29T15:06:59.847491+00:00,batch_20260729_150659_a047a5
3097-IDVPU,0.1977,0,0.5,1.0.0,2026-07-29T15:06:59.847491+00:00,batch_20260729_150659_a047a5
4398-HSCJH,0.5112,1,0.5,1.0.0,2026-07-29T15:06:59.847491+00:00,batch_20260729_150659_a047a5
2197-OMWGI,0.0357,0,0.5,1.0.0,2026-07-29T15:06:59.847491+00:00,batch_20260729_150659_a047a5
2303-PJYHN,0.1779,0,0.5,1.0.0,2026-07-29T15:06:59.847491+00:00,batch_20260729_150659_a047a5
9795-VOWON,0.3115,0,0.5,1.0.0,2026-07-29T15:06:59.847491+00:00,batch_20260729_150659_a047a5
1237-WIYYZ,0.1362,0,0.5,1.0.0,2026-07-29T15:06:59.847491+00:00,batch_20260729_150659_a047a5
1987-AUELQ,0.0029,0,0.5,1.0.0,2026-07-29T15:06:59.847491+00:00,batch_20260729_150659_a047a5
7852-LECYP,0.4401,0,0.5,1.0.0,2026-07-29T15:06:59.847491+00:00,batch_20260729_150659_a047a5
4430-UZIPO,0.4219,0,0.5,1.0.0,2026-07-29T15:06:59.847491+00:00,batch_20260729_150659_a047a5
4822-LPTYJ,0.0912,0,0.5,1.0.0,2026-07-29T15:06:59.847491+00:00,batch_20260729_150659_a047a5
8165-CBKXO,0.0278,0,0.5,1.0.0,2026-07-29T15:06:59.847491+00:00,batch_20260729_150659_a047a5
6527-PZFPV,0.0395,0,0.5,1.0.0,2026-07-29T15:06:59.847491+00:00,batch_20260729_150659_a047a5
4855-SNKMY,0.525,1,0.5,1.0.0,2026-07-29T15:06:59.847491+00:00,batch_20260729_150659_a047a5
9593-CVZKR,0.0068,0,0.5,1.0.0,2026-07-29T15:06:59.847491+00:00,batch_20260729_150659_a047a5
8595-SIZNC,0.048,0,0.5,1.0.0,2026-07-29T15:06:59.847491+00:00,batch_20260729_150659_a047a5
8008-HAWED,0.6487,1,0.5,1.0.0,2026-07-29T15:06:59.847491+00:00,batch_20260729_150659_a047a5
7124-UGSUR,0.2119,0,0.5,1.0.0,2026-07-29T15:06:59.847491+00:00,batch_20260729_150659_a047a5
1862-SKORY,0.2904,0,0.5,1.0.0,2026-07-29T15:06:59.847491+00:00,batch_20260729_150659_a047a5
5236-XMZJY,0.0637,0,0.5,1.0.0,2026-07-29T15:06:59.847491+00:00,batch_20260729_150659_a047a5
4827-DPADN,0.0138,0,0.5,1.0.0,2026-07-29T15:06:59.847491+00:00,batch_20260729_150659_a047a5
2694-CIUMO,0.4983,0,0.5,1.0.0,2026-07-29T15:06:59.847491+00:00,batch_20260729_150659_a047a5
5846-ABOBJ,0.0028,0,0.5,1.0.0,2026-07-29T15:06:59.847491+00:00,batch_20260729_150659_a047a5
1439-LCGVL,0.0322,0,0.5,1.0.0,2026-07-29T15:06:59.847491+00:00,batch_20260729_150659_a047a5
0909-SDHNU,0.2845,0,0.5,1.0.0,2026-07-29T15:06:59.847491+00:00,batch_20260729_150659_a047a5
4647-XXZAM,0.2596,0,0.5,1.0.0,2026-07-29T15:06:59.847491+00:00,batch_20260729_150659_a047a5
1502-XFCVR,0.1976,0,0.5,1.0.0,2026-07-29T15:06:59.847491+00:00,batch_20260729_150659_a047a5
7740-KKCXF,0.111,0,0.5,1.0.0,2026-07-29T15:06:59.847491+00:00,batch_20260729_150659_a047a5
5360-XGYAZ,0.0122,0,0.5,1.0.0,2026-07-29T15:06:59.847491+00:00,batch_20260729_150659_a047a5
9692-TUSXH,0.6336,1,0.5,1.0.0,2026-07-29T15:06:59.847491+00:00,batch_20260729_150659_a047a5
7912-SYRQT,0.6421,1,0.5,1.0.0,2026-07-29T15:06:59.847491+00:00,batch_20260729_150659_a047a5
3557-HTYWR,0.0167,0,0.5,1.0.0,2026-07-29T15:06:59.847491+00:00,batch_20260729_150659_a047a5
4816-JBHOV,0.5161,1,0.5,1.0.0,2026-07-29T15:06:59.847491+00:00,batch_20260729_150659_a047a5
8920-NAVAY,0.1659,0,0.5,1.0.0,2026-07-29T15:06:59.847491+00:00,batch_20260729_150659_a047a5
1699-TLDLZ,0.0215,0,0.5,1.0.0,2026-07-29T15:06:59.847491+00:00,batch_20260729_150659_a047a5
5600-PDUJF,0.2896,0,0.5,1.0.0,2026-07-29T15:06:59.847491+00:00,batch_20260729_150659_a047a5
8292-TYSPY,0.2011,0,0.5,1.0.0,2026-07-29T15:06:59.847491+00:00,batch_20260729_150659_a047a5
0567-XRHCU,0.0134,0,0.5,1.0.0,2026-07-29T15:06:59.847491+00:00,batch_20260729_150659_a047a5
1867-BDVFH,0.6447,1,0.5,1.0.0,2026-07-29T15:06:59.847491+00:00,batch_20260729_150659_a047a5
2067-QYTCF,0.3626,0,0.5,1.0.0,2026-07-29T15:06:59.847491+00:00,batch_20260729_150659_a047a5
2359-QWQUL,0.1757,0,0.5,1.0.0,2026-07-29T15:06:59.847491+00:00,batch_20260729_150659_a047a5
9103-TCIHJ,0.2952,0,0.5,1.0.0,2026-07-29T15:06:59.847491+00:00,batch_20260729_150659_a047a5
7407-SUJIZ,0.072,0,0.5,1.0.0,2026-07-29T15:06:59.847491+00:00,batch_20260729_150659_a047a5
9150-KPBJQ,0.0399,0,0.5,1.0.0,2026-07-29T15:06:59.847491+00:00,batch_20260729_150659_a047a5
0052-DCKON,0.0874,0,0.5,1.0.0,2026-07-29T15:06:59.847491+00:00,batch_20260729_150659_a047a5
3654-ARMGP,0.0212,0,0.5,1.0.0,2026-07-29T15:06:59.847491+00:00,batch_20260729_150659_a047a5
9699-UBQFS,0.4185,0,0.5,1.0.0,2026-07-29T15:06:59.847491+00:00,batch_20260729_150659_a047a5
9367-TCUYN,0.1225,0,0.5,1.0.0,2026-07-29T15:06:59.847491+00:00,batch_20260729_150659_a047a5
1261-FWTTE,0.3922,0,0.5,1.0.0,2026-07-29T15:06:59.847491+00:00,batch_20260729_150659_a047a5
3528-HFRIQ,0.1056,0,0.5,1.0.0,2026-07-29T15:06:59.847491+00:00,batch_20260729_150659_a047a5
0708-SJDIS,0.1423,0,0.5,1.0.0,2026-07-29T15:06:59.847491+00:00,batch_20260729_150659_a047a5
4140-WJAWW,0.1547,0,0.5,1.0.0,2026-07-29T15:06:59.847491+00:00,batch_20260729_150659_a047a5
2073-QBVBI,0.042,0,0.5,1.0.0,2026-07-29T15:06:59.847491+00:00,batch_20260729_150659_a047a5
6928-ONTRW,0.0015,0,0.5,1.0.0,2026-07-29T15:06:59.847491+00:00,batch_20260729_150659_a047a5
3320-VEOYC,0.7717,1,0.5,1.0.0,2026-07-29T15:06:59.847491+00:00,batch_20260729_150659_a047a5
5231-FIQPA,0.0127,0,0.5,1.0.0,2026-07-29T15:06:59.847491+00:00,batch_20260729_150659_a047a5
6617-WLBQC,0.1549,0,0.5,1.0.0,2026-07-29T15:06:59.847491+00:00,batch_20260729_150659_a047a5
2599-CIPQE,0.0224,0,0.5,1.0.0,2026-07-29T15:06:59.847491+00:00,batch_20260729_150659_a047a5
6653-CBBOM,0.7181,1,0.5,1.0.0,2026-07-29T15:06:59.847491+00:00,batch_20260729_150659_a047a5
8774-GSBUN,0.0028,0,0.5,1.0.0,2026-07-29T15:06:59.847491+00:00,batch_20260729_150659_a047a5
7326-RIGQZ,0.6277,1,0.5,1.0.0,2026-07-29T15:06:59.847491+00:00,batch_20260729_150659_a047a5
1401-FTHFQ,0.0411,0,0.5,1.0.0,2026-07-29T15:06:59.847491+00:00,batch_20260729_150659_a047a5
3247-ZVOUO,0.6755,1,0.5,1.0.0,2026-07-29T15:06:59.847491+00:00,batch_20260729_150659_a047a5
0254-FNMCI,0.0548,0,0.5,1.0.0,2026-07-29T15:06:59.847491+00:00,batch_20260729_150659_a047a5
1848-LBZHY,0.3001,0,0.5,1.0.0,2026-07-29T15:06:59.847491+00:00,batch_20260729_150659_a047a5
6101-IMRMM,0.5674,1,0.5,1.0.0,2026-07-29T15:06:59.847491+00:00,batch_20260729_150659_a047a5
8118-TJAFG,0.5921,1,0.5,1.0.0,2026-07-29T15:06:59.847491+00:00,batch_20260729_150659_a047a5
5429-LWCMV,0.7097,1,0.5,1.0.0,2026-07-29T15:06:59.847491+00:00,batch_20260729_150659_a047a5
7298-IZWLY,0.2561,0,0.5,1.0.0,2026-07-29T15:06:59.847491+00:00,batch_20260729_150659_a047a5
9758-MFWGD,0.0336,0,0.5,1.0.0,2026-07-29T15:06:59.847491+00:00,batch_20260729_150659_a047a5
3955-JBZZM,0.534,1,0.5,1.0.0,2026-07-29T15:06:59.847491+00:00,batch_20260729_150659_a047a5
1268-ASBGA,0.6329,1,0.5,1.0.0,2026-07-29T15:06:59.847491+00:00,batch_20260729_150659_a047a5
8943-URTMR,0.6836,1,0.5,1.0.0,2026-07-29T15:06:59.847491+00:00,batch_20260729_150659_a047a5
4815-TUMEQ,0.0938,0,0.5,1.0.0,2026-07-29T15:06:59.847491+00:00,batch_20260729_150659_a047a5
4713-LZDRV,0.7575,1,0.5,1.0.0,2026-07-29T15:06:59.847491+00:00,batch_20260729_150659_a047a5
9909-IDLEK,0.3295,0,0.5,1.0.0,2026-07-29T15:06:59.847491+00:00,batch_20260729_150659_a047a5
4092-OFQZS,0.0432,0,0.5,1.0.0,2026-07-29T15:06:59.847491+00:00,batch_20260729_150659_a047a5
1561-BWHIN,0.0353,0,0.5,1.0.0,2026-07-29T15:06:59.847491+00:00,batch_20260729_150659_a047a5
4325-NFSKC,0.6155,1,0.5,1.0.0,2026-07-29T15:06:59.847491+00:00,batch_20260729_150659_a047a5
9927-DSWDF,0.4698,0,0.5,1.0.0,2026-07-29T15:06:59.847491+00:00,batch_20260729_150659_a047a5
9500-LTVBP,0.2431,0,0.5,1.0.0,2026-07-29T15:06:59.847491+00:00,batch_20260729_150659_a047a5
7252-NTGSS,0.3487,0,0.5,1.0.0,2026-07-29T15:06:59.847491+00:00,batch_20260729_150659_a047a5
8149-AIQCG,0.361,0,0.5,1.0.0,2026-07-29T15:06:59.847491+00:00,batch_20260729_150659_a047a5
1360-JYXKQ,0.22,0,0.5,1.0.0,2026-07-29T15:06:59.847491+00:00,batch_20260729_150659_a047a5
2955-PSXOE,0.2491,0,0.5,1.0.0,2026-07-29T15:06:59.847491+00:00,batch_20260729_150659_a047a5
7762-URZQH,0.0935,0,0.5,1.0.0,2026-07-29T15:06:59.847491+00:00,batch_20260729_150659_a047a5
0899-WZRSD,0.2728,0,0.5,1.0.0,2026-07-29T15:06:59.847491+00:00,batch_20260729_150659_a047a5
3255-GRXMG,0.2264,0,0.5,1.0.0,2026-07-29T15:06:59.847491+00:00,batch_20260729_150659_a047a5
4828-FAZPK,0.4728,0,0.5,1.0.0,2026-07-29T15:06:59.847491+00:00,batch_20260729_150659_a047a5
6094-ZIVKX,0.0181,0,0.5,1.0.0,2026-07-29T15:06:59.847491+00:00,batch_20260729_150659_a047a5
6925-BAYGL,0.0062,0,0.5,1.0.0,2026-07-29T15:06:59.847491+00:00,batch_20260729_150659_a047a5
3262-EIDHV,0.009,0,0.5,1.0.0,2026-07-29T15:06:59.847491+00:00,batch_20260729_150659_a047a5
7354-OIJLX,0.7125,1,0.5,1.0.0,2026-07-29T15:06:59.847491+00:00,batch_20260729_150659_a047a5
1376-HHBDV,0.1512,0,0.5,1.0.0,2026-07-29T15:06:59.847491+00:00,batch_20260729_150659_a047a5
6907-NZZIJ,0.6156,1,0.5,1.0.0,2026-07-29T15:06:59.847491+00:00,batch_20260729_150659_a047a5
6133-OZILE,0.3846,0,0.5,1.0.0,2026-07-29T15:06:59.847491+00:00,batch_20260729_150659_a047a5
4135-FRWKJ,0.032,0,0.5,1.0.0,2026-07-29T15:06:59.847491+00:00,batch_20260729_150659_a047a5
2911-UREFD,0.2586,0,0.5,1.0.0,2026-07-29T15:06:59.847491+00:00,batch_20260729_150659_a047a5
3744-ZRRDZ,0.6004,1,0.5,1.0.0,2026-07-29T15:06:59.847491+00:00,batch_20260729_150659_a047a5
5673-TIYIB,0.4185,0,0.5,1.0.0,2026-07-29T15:06:59.847491+00:00,batch_20260729_150659_a047a5
6551-ZCOTS,0.043,0,0.5,1.0.0,2026-07-29T15:06:59.847491+00:00,batch_20260729_150659_a047a5
7191-ADRGF,0.0526,0,0.5,1.0.0,2026-07-29T15:06:59.847491+00:00,batch_20260729_150659_a047a5
5018-LXQQG,0.0785,0,0.5,1.0.0,2026-07-29T15:06:59.847491+00:00,batch_20260729_150659_a047a5
6892-BOGQE,0.0032,0,0.5,1.0.0,2026-07-29T15:06:59.847491+00:00,batch_20260729_150659_a047a5
1602-IJQQE,0.663,1,0.5,1.0.0,2026-07-29T15:06:59.847491+00:00,batch_20260729_150659_a047a5
4628-WQCQQ,0.2858,0,0.5,1.0.0,2026-07-29T15:06:59.847491+00:00,batch_20260729_150659_a047a5
1746-TGTWV,0.5418,1,0.5,1.0.0,2026-07-29T15:06:59.847491+00:00,batch_20260729_150659_a047a5
5995-SNNEW,0.6953,1,0.5,1.0.0,2026-07-29T15:06:59.847491+00:00,batch_20260729_150659_a047a5
8050-WYBND,0.2418,0,0.5,1.0.0,2026-07-29T15:06:59.847491+00:00,batch_20260729_150659_a047a5
2821-WARNZ,0.0084,0,0.5,1.0.0,2026-07-29T15:06:59.847491+00:00,batch_20260729_150659_a047a5
4879-GZLFH,0.4819,0,0.5,1.0.0,2026-07-29T15:06:59.847491+00:00,batch_20260729_150659_a047a5
1644-IRKSF,0.3641,0,0.5,1.0.0,2026-07-29T15:06:59.847491+00:00,batch_20260729_150659_a047a5
8314-HTWVE,0.0325,0,0.5,1.0.0,2026-07-29T15:06:59.847491+00:00,batch_20260729_150659_a047a5
9402-ROUMJ,0.0701,0,0.5,1.0.0,2026-07-29T15:06:59.847491+00:00,batch_20260729_150659_a047a5
2507-QZPQS,0.5091,1,0.5,1.0.0,2026-07-29T15:06:59.847491+00:00,batch_20260729_150659_a047a5
7159-NOKYQ,0.1088,0,0.5,1.0.0,2026-07-29T15:06:59.847491+00:00,batch_20260729_150659_a047a5
5707-ZMDJP,0.0121,0,0.5,1.0.0,2026-07-29T15:06:59.847491+00:00,batch_20260729_150659_a047a5
8779-YIQQA,0.0321,0,0.5,1.0.0,2026-07-29T15:06:59.847491+00:00,batch_20260729_150659_a047a5
7136-IHZJA,0.0772,0,0.5,1.0.0,2026-07-29T15:06:59.847491+00:00,batch_20260729_150659_a047a5
8966-OIQHG,0.0301,0,0.5,1.0.0,2026-07-29T15:06:59.847491+00:00,batch_20260729_150659_a047a5
7074-STDCN,0.2476,0,0.5,1.0.0,2026-07-29T15:06:59.847491+00:00,batch_20260729_150659_a047a5
3705-PSNGL,0.0283,0,0.5,1.0.0,2026-07-29T15:06:59.847491+00:00,batch_20260729_150659_a047a5
8739-QOTTN,0.1843,0,0.5,1.0.0,2026-07-29T15:06:59.847491+00:00,batch_20260729_150659_a047a5
1399-OUPJN,0.0032,0,0.5,1.0.0,2026-07-29T15:06:59.847491+00:00,batch_20260729_150659_a047a5
0277-BKSQP,0.4572,0,0.5,1.0.0,2026-07-29T15:06:59.847491+00:00,batch_20260729_150659_a047a5
6502-HCJTI,0.5813,1,0.5,1.0.0,2026-07-29T15:06:59.847491+00:00,batch_20260729_150659_a047a5
2606-RMDHZ,0.4753,0,0.5,1.0.0,2026-07-29T15:06:59.847491+00:00,batch_20260729_150659_a047a5
5774-XZTQC,0.124,0,0.5,1.0.0,2026-07-29T15:06:59.847491+00:00,batch_20260729_150659_a047a5
2676-SSLTO,0.0324,0,0.5,1.0.0,2026-07-29T15:06:59.847491+00:00,batch_20260729_150659_a047a5
6266-QHOJZ,0.0778,0,0.5,1.0.0,2026-07-29T15:06:59.847491+00:00,batch_20260729_150659_a047a5
7269-JISCY,0.0255,0,0.5,1.0.0,2026-07-29T15:06:59.847491+00:00,batch_20260729_150659_a047a5
0363-SVHYR,0.0088,0,0.5,1.0.0,2026-07-29T15:06:59.847491+00:00,batch_20260729_150659_a047a5
8547-NSBBO,0.2603,0,0.5,1.0.0,2026-07-29T15:06:59.847491+00:00,batch_20260729_150659_a047a5
8258-GSTJK,0.7517,1,0.5,1.0.0,2026-07-29T15:06:59.847491+00:00,batch_20260729_150659_a047a5
6861-OKBCE,0.0985,0,0.5,1.0.0,2026-07-29T15:06:59.847491+00:00,batch_20260729_150659_a047a5
9940-RHLFB,0.6344,1,0.5,1.0.0,2026-07-29T15:06:59.847491+00:00,batch_20260729_150659_a047a5
6591-QGOYB,0.4109,0,0.5,1.0.0,2026-07-29T15:06:59.847491+00:00,batch_20260729_150659_a047a5
9070-BCKQP,0.0581,0,0.5,1.0.0,2026-07-29T15:06:59.847491+00:00,batch_20260729_150659_a047a5
6421-SZVEM,0.1908,0,0.5,1.0.0,2026-07-29T15:06:59.847491+00:00,batch_20260729_150659_a047a5
1328-EUZHC,0.025,0,0.5,1.0.0,2026-07-29T15:06:59.847491+00:00,batch_20260729_150659_a047a5
2995-UPRYS,0.1929,0,0.5,1.0.0,2026-07-29T15:06:59.847491+00:00,batch_20260729_150659_a047a5
8878-RYUKI,0.1727,0,0.5,1.0.0,2026-07-29T15:06:59.847491+00:00,batch_20260729_150659_a047a5
9633-DENPU,0.1248,0,0.5,1.0.0,2026-07-29T15:06:59.847491+00:00,batch_20260729_150659_a047a5
7811-JIVPF,0.1737,0,0.5,1.0.0,2026-07-29T15:06:59.847491+00:00,batch_20260729_150659_a047a5
7113-HIPFI,0.0038,0,0.5,1.0.0,2026-07-29T15:06:59.847491+00:00,batch_20260729_150659_a047a5
8541-QVFKM,0.7156,1,0.5,1.0.0,2026-07-29T15:06:59.847491+00:00,batch_20260729_150659_a047a5
6686-YPGHK,0.2069,0,0.5,1.0.0,2026-07-29T15:06:59.847491+00:00,batch_20260729_150659_a047a5
1383-EZRWL,0.1508,0,0.5,1.0.0,2026-07-29T15:06:59.847491+00:00,batch_20260729_150659_a047a5
9258-CNWAC,0.0303,0,0.5,1.0.0,2026-07-29T15:06:59.847491+00:00,batch_20260729_150659_a047a5
5371-VYLSX,0.2841,0,0.5,1.0.0,2026-07-29T15:06:59.847491+00:00,batch_20260729_150659_a047a5
6374-AFWOX,0.0104,0,0.5,1.0.0,2026-07-29T15:06:59.847491+00:00,batch_20260729_150659_a047a5
4759-TRPLW,0.6323,1,0.5,1.0.0,2026-07-29T15:06:59.847491+00:00,batch_20260729_150659_a047a5
5317-FLPJF,0.0217,0,0.5,1.0.0,2026-07-29T15:06:59.847491+00:00,batch_20260729_150659_a047a5
7621-VPNET,0.2958,0,0.5,1.0.0,2026-07-29T15:06:59.847491+00:00,batch_20260729_150659_a047a5
6034-YMTOB,0.5149,1,0.5,1.0.0,2026-07-29T15:06:59.847491+00:00,batch_20260729_150659_a047a5
8563-IIOXK,0.1834,0,0.5,1.0.0,2026-07-29T15:06:59.847491+00:00,batch_20260729_150659_a047a5
4903-CNOZC,0.1056,0,0.5,1.0.0,2026-07-29T15:06:59.847491+00:00,batch_20260729_150659_a047a5
4353-HYOJD,0.1152,0,0.5,1.0.0,2026-07-29T15:06:59.847491+00:00,batch_20260729_150659_a047a5
8020-BWHYL,0.479,0,0.5,1.0.0,2026-07-29T15:06:59.847491+00:00,batch_20260729_150659_a047a5
7267-FRMJW,0.0143,0,0.5,1.0.0,2026-07-29T15:06:59.847491+00:00,batch_20260729_150659_a047a5
2982-VPSGI,0.7906,1,0.5,1.0.0,2026-07-29T15:06:59.847491+00:00,batch_20260729_150659_a047a5
4188-FRABG,0.2601,0,0.5,1.0.0,2026-07-29T15:06:59.847491+00:00,batch_20260729_150659_a047a5
8199-ZLLSA,0.1159,0,0.5,1.0.0,2026-07-29T15:06:59.847491+00:00,batch_20260729_150659_a047a5
4128-ETESU,0.49,0,0.5,1.0.0,2026-07-29T15:06:59.847491+00:00,batch_20260729_150659_a047a5
0620-DLSLK,0.6048,1,0.5,1.0.0,2026-07-29T15:06:59.847491+00:00,batch_20260729_150659_a047a5
4625-EWPTF,0.5013,1,0.5,1.0.0,2026-07-29T15:06:59.847491+00:00,batch_20260729_150659_a047a5
5980-NOPLP,0.603,1,0.5,1.0.0,2026-07-29T15:06:59.847491+00:00,batch_20260729_150659_a047a5
3850-OKINF,0.0354,0,0.5,1.0.0,2026-07-29T15:06:59.847491+00:00,batch_20260729_150659_a047a5
6892-XPFPU,0.6965,1,0.5,1.0.0,2026-07-29T15:06:59.847491+00:00,batch_20260729_150659_a047a5
8010-EZLOU,0.6349,1,0.5,1.0.0,2026-07-29T15:06:59.847491+00:00,batch_20260729_150659_a047a5
1156-ZFYDO,0.2462,0,0.5,1.0.0,2026-07-29T15:06:59.847491+00:00,batch_20260729_150659_a047a5
3295-YVUSR,0.6846,1,0.5,1.0.0,2026-07-29T15:06:59.847491+00:00,batch_20260729_150659_a047a5
8016-NCFVO,0.3548,0,0.5,1.0.0,2026-07-29T15:06:59.847491+00:00,batch_20260729_150659_a047a5
4119-ZYPZY,0.0983,0,0.5,1.0.0,2026-07-29T15:06:59.847491+00:00,batch_20260729_150659_a047a5
5549-ZGHFB,0.006,0,0.5,1.0.0,2026-07-29T15:06:59.847491+00:00,batch_20260729_150659_a047a5
7577-SWIFR,0.7979,1,0.5,1.0.0,2026-07-29T15:06:59.847491+00:00,batch_20260729_150659_a047a5
0303-WMMRN,0.2217,0,0.5,1.0.0,2026-07-29T15:06:59.847491+00:00,batch_20260729_150659_a047a5
6408-OTUBZ,0.0779,0,0.5,1.0.0,2026-07-29T15:06:59.847491+00:00,batch_20260729_150659_a047a5
5204-HMGYF,0.041,0,0.5,1.0.0,2026-07-29T15:06:59.847491+00:00,batch_20260729_150659_a047a5
1078-TDCRN,0.6068,1,0.5,1.0.0,2026-07-29T15:06:59.847491+00:00,batch_20260729_150659_a047a5
3727-OVPRY,0.008,0,0.5,1.0.0,2026-07-29T15:06:59.847491+00:00,batch_20260729_150659_a047a5
3797-FKOGQ,0.6097,1,0.5,1.0.0,2026-07-29T15:06:59.847491+00:00,batch_20260729_150659_a047a5
7622-NXQZR,0.2078,0,0.5,1.0.0,2026-07-29T15:06:59.847491+00:00,batch_20260729_150659_a047a5
6196-HBOBZ,0.0854,0,0.5,1.0.0,2026-07-29T15:06:59.847491+00:00,batch_20260729_150659_a047a5
3970-XGJDU,0.0044,0,0.5,1.0.0,2026-07-29T15:06:59.847491+00:00,batch_20260729_150659_a047a5
7017-VFULY,0.1778,0,0.5,1.0.0,2026-07-29T15:06:59.847491+00:00,batch_20260729_150659_a047a5
5562-YJQGT,0.1738,0,0.5,1.0.0,2026-07-29T15:06:59.847491+00:00,batch_20260729_150659_a047a5
8807-OPMBM,0.0068,0,0.5,1.0.0,2026-07-29T15:06:59.847491+00:00,batch_20260729_150659_a047a5
5439-WIKXB,0.5147,1,0.5,1.0.0,2026-07-29T15:06:59.847491+00:00,batch_20260729_150659_a047a5
9874-QLCLH,0.6449,1,0.5,1.0.0,2026-07-29T15:06:59.847491+00:00,batch_20260729_150659_a047a5
8294-UIMBA,0.2519,0,0.5,1.0.0,2026-07-29T15:06:59.847491+00:00,batch_20260729_150659_a047a5
8109-YUOHE,0.0747,0,0.5,1.0.0,2026-07-29T15:06:59.847491+00:00,batch_20260729_150659_a047a5
5840-NVDCG,0.028,0,0.5,1.0.0,2026-07-29T15:06:59.847491+00:00,batch_20260729_150659_a047a5
8092-NLTGF,0.0027,0,0.5,1.0.0,2026-07-29T15:06:59.847491+00:00,batch_20260729_150659_a047a5
5928-QLDHB,0.7111,1,0.5,1.0.0,2026-07-29T15:06:59.847491+00:00,batch_20260729_150659_a047a5
9840-EFJQB,0.5935,1,0.5,1.0.0,2026-07-29T15:06:59.847491+00:00,batch_20260729_150659_a047a5
0696-UKTOX,0.1268,0,0.5,1.0.0,2026-07-29T15:06:59.847491+00:00,batch_20260729_150659_a047a5
4801-KFYKL,0.1126,0,0.5,1.0.0,2026-07-29T15:06:59.847491+00:00,batch_20260729_150659_a047a5
3472-OAOOR,0.2328,0,0.5,1.0.0,2026-07-29T15:06:59.847491+00:00,batch_20260729_150659_a047a5
6135-OZQVA,0.4376,0,0.5,1.0.0,2026-07-29T15:06:59.847491+00:00,batch_20260729_150659_a047a5
8062-YBDOE,0.7172,1,0.5,1.0.0,2026-07-29T15:06:59.847491+00:00,batch_20260729_150659_a047a5
2252-JHJGE,0.1782,0,0.5,1.0.0,2026-07-29T15:06:59.847491+00:00,batch_20260729_150659_a047a5
4188-PCPIG,0.0129,0,0.5,1.0.0,2026-07-29T15:06:59.847491+00:00,batch_20260729_150659_a047a5
6000-APYLU,0.7128,1,0.5,1.0.0,2026-07-29T15:06:59.847491+00:00,batch_20260729_150659_a047a5
7105-BENQF,0.0943,0,0.5,1.0.0,2026-07-29T15:06:59.847491+00:00,batch_20260729_150659_a047a5
7721-DVEKZ,0.1888,0,0.5,1.0.0,2026-07-29T15:06:59.847491+00:00,batch_20260729_150659_a047a5
3566-VVORZ,0.2487,0,0.5,1.0.0,2026-07-29T15:06:59.847491+00:00,batch_20260729_150659_a047a5
9507-HSMMZ,0.0048,0,0.5,1.0.0,2026-07-29T15:06:59.847491+00:00,batch_20260729_150659_a047a5
2480-SQIOB,0.3455,0,0.5,1.0.0,2026-07-29T15:06:59.847491+00:00,batch_20260729_150659_a047a5
0947-IDHRQ,0.647,1,0.5,1.0.0,2026-07-29T15:06:59.847491+00:00,batch_20260729_150659_a047a5
7813-TKCVO,0.0429,0,0.5,1.0.0,2026-07-29T15:06:59.847491+00:00,batch_20260729_150659_a047a5
0128-MKWSG,0.1361,0,0.5,1.0.0,2026-07-29T15:06:59.847491+00:00,batch_20260729_150659_a047a5
3672-YITQD,0.5729,1,0.5,1.0.0,2026-07-29T15:06:59.847491+00:00,batch_20260729_150659_a047a5
4350-ZTLPI,0.1879,0,0.5,1.0.0,2026-07-29T15:06:59.847491+00:00,batch_20260729_150659_a047a5
9048-JVYVF,0.5156,1,0.5,1.0.0,2026-07-29T15:06:59.847491+00:00,batch_20260729_150659_a047a5
0361-HJRDX,0.012,0,0.5,1.0.0,2026-07-29T15:06:59.847491+00:00,batch_20260729_150659_a047a5
5727-MYATE,0.0128,0,0.5,1.0.0,2026-07-29T15:06:59.847491+00:00,batch_20260729_150659_a047a5
3823-KYNQY,0.0711,0,0.5,1.0.0,2026-07-29T15:06:59.847491+00:00,batch_20260729_150659_a047a5
8988-ECPJR,0.3461,0,0.5,1.0.0,2026-07-29T15:06:59.847491+00:00,batch_20260729_150659_a047a5
7570-WELNY,0.0367,0,0.5,1.0.0,2026-07-29T15:06:59.847491+00:00,batch_20260729_150659_a047a5
3021-VLNRJ,0.0278,0,0.5,1.0.0,2026-07-29T15:06:59.847491+00:00,batch_20260729_150659_a047a5
3776-EKTKM,0.708,1,0.5,1.0.0,2026-07-29T15:06:59.847491+00:00,batch_20260729_150659_a047a5
2080-CAZNM,0.5856,1,0.5,1.0.0,2026-07-29T15:06:59.847491+00:00,batch_20260729_150659_a047a5
1028-FFNJK,0.5959,1,0.5,1.0.0,2026-07-29T15:06:59.847491+00:00,batch_20260729_150659_a047a5
6907-FLBER,0.4448,0,0.5,1.0.0,2026-07-29T15:06:59.847491+00:00,batch_20260729_150659_a047a5
3001-UNBTL,0.6564,1,0.5,1.0.0,2026-07-29T15:06:59.847491+00:00,batch_20260729_150659_a047a5
5982-PSMKW,0.0566,0,0.5,1.0.0,2026-07-29T15:06:59.847491+00:00,batch_20260729_150659_a047a5
3507-GASNP,0.0028,0,0.5,1.0.0,2026-07-29T15:06:59.847491+00:00,batch_20260729_150659_a047a5
7096-ZNBZI,0.0028,0,0.5,1.0.0,2026-07-29T15:06:59.847491+00:00,batch_20260729_150659_a047a5
1902-XBTFB,0.5317,1,0.5,1.0.0,2026-07-29T15:06:59.847491+00:00,batch_20260729_150659_a047a5
1676-MQAOA,0.0081,0,0.5,1.0.0,2026-07-29T15:06:59.847491+00:00,batch_20260729_150659_a047a5
0786-IVLAW,0.1489,0,0.5,1.0.0,2026-07-29T15:06:59.847491+00:00,batch_20260729_150659_a047a5
7566-DSRLQ,0.1025,0,0.5,1.0.0,2026-07-29T15:06:59.847491+00:00,batch_20260729_150659_a047a5
0643-OKLRP,0.2593,0,0.5,1.0.0,2026-07-29T15:06:59.847491+00:00,batch_20260729_150659_a047a5
7245-JMTTQ,0.2727,0,0.5,1.0.0,2026-07-29T15:06:59.847491+00:00,batch_20260729_150659_a047a5
6050-IJRHS,0.2022,0,0.5,1.0.0,2026-07-29T15:06:59.847491+00:00,batch_20260729_150659_a047a5
6202-JVYEU,0.1323,0,0.5,1.0.0,2026-07-29T15:06:59.847491+00:00,batch_20260729_150659_a047a5
8591-TKMZH,0.0589,0,0.5,1.0.0,2026-07-29T15:06:59.847491+00:00,batch_20260729_150659_a047a5
0734-OXWBT,0.291,0,0.5,1.0.0,2026-07-29T15:06:59.847491+00:00,batch_20260729_150659_a047a5
4282-ACRXS,0.2695,0,0.5,1.0.0,2026-07-29T15:06:59.847491+00:00,batch_20260729_150659_a047a5
0365-TRTPY,0.2352,0,0.5,1.0.0,2026-07-29T15:06:59.847491+00:00,batch_20260729_150659_a047a5
7349-ALMUX,0.0131,0,0.5,1.0.0,2026-07-29T15:06:59.847491+00:00,batch_20260729_150659_a047a5
9381-NDKME,0.3918,0,0.5,1.0.0,2026-07-29T15:06:59.847491+00:00,batch_20260729_150659_a047a5
6502-KUGLL,0.0902,0,0.5,1.0.0,2026-07-29T15:06:59.847491+00:00,batch_20260729_150659_a047a5
1841-YSJGV,0.0492,0,0.5,1.0.0,2026-07-29T15:06:59.847491+00:00,batch_20260729_150659_a047a5
2794-XIMMO,0.1048,0,0.5,1.0.0,2026-07-29T15:06:59.847491+00:00,batch_20260729_150659_a047a5
8382-SHQEH,0.7694,1,0.5,1.0.0,2026-07-29T15:06:59.847491+00:00,batch_20260729_150659_a047a5
3511-BFTJW,0.005,0,0.5,1.0.0,2026-07-29T15:06:59.847491+00:00,batch_20260729_150659_a047a5
7668-XCFYV,0.7572,1,0.5,1.0.0,2026-07-29T15:06:59.847491+00:00,batch_20260729_150659_a047a5
2983-ZANRP,0.5315,1,0.5,1.0.0,2026-07-29T15:06:59.847491+00:00,batch_20260729_150659_a047a5
7845-URHJN,0.1405,0,0.5,1.0.0,2026-07-29T15:06:59.847491+00:00,batch_20260729_150659_a047a5
3034-ZBEQN,0.0465,0,0.5,1.0.0,2026-07-29T15:06:59.847491+00:00,batch_20260729_150659_a047a5
5018-HEKFO,0.2243,0,0.5,1.0.0,2026-07-29T15:06:59.847491+00:00,batch_20260729_150659_a047a5
2923-ARZLG,0.1545,0,0.5,1.0.0,2026-07-29T15:06:59.847491+00:00,batch_20260729_150659_a047a5
3976-NLDEZ,0.1897,0,0.5,1.0.0,2026-07-29T15:06:59.847491+00:00,batch_20260729_150659_a047a5
2282-YGNOR,0.0367,0,0.5,1.0.0,2026-07-29T15:06:59.847491+00:00,batch_20260729_150659_a047a5
5336-UFNZP,0.2328,0,0.5,1.0.0,2026-07-29T15:06:59.847491+00:00,batch_20260729_150659_a047a5
6854-EXGSF,0.3139,0,0.5,1.0.0,2026-07-29T15:06:59.847491+00:00,batch_20260729_150659_a047a5
1241-EZFMJ,0.0045,0,0.5,1.0.0,2026-07-29T15:06:59.847491+00:00,batch_20260729_150659_a047a5
9233-PSYHO,0.3139,0,0.5,1.0.0,2026-07-29T15:06:59.847491+00:00,batch_20260729_150659_a047a5
5376-PCKNB,0.1338,0,0.5,1.0.0,2026-07-29T15:06:59.847491+00:00,batch_20260729_150659_a047a5
8044-BGWPI,0.1918,0,0.5,1.0.0,2026-07-29T15:06:59.847491+00:00,batch_20260729_150659_a047a5
4060-LDNLU,0.7386,1,0.5,1.0.0,2026-07-29T15:06:59.847491+00:00,batch_20260729_150659_a047a5
3589-PPVKW,0.3603,0,0.5,1.0.0,2026-07-29T15:06:59.847491+00:00,batch_20260729_150659_a047a5
8327-LZKAS,0.3392,0,0.5,1.0.0,2026-07-29T15:06:59.847491+00:00,batch_20260729_150659_a047a5
5887-IKKYO,0.0436,0,0.5,1.0.0,2026-07-29T15:06:59.847491+00:00,batch_20260729_150659_a047a5
1075-BGWOH,0.7682,1,0.5,1.0.0,2026-07-29T15:06:59.847491+00:00,batch_20260729_150659_a047a5
1755-RMCXH,0.1511,0,0.5,1.0.0,2026-07-29T15:06:59.847491+00:00,batch_20260729_150659_a047a5
0302-JOIVN,0.6617,1,0.5,1.0.0,2026-07-29T15:06:59.847491+00:00,batch_20260729_150659_a047a5
3858-XHYJO,0.2126,0,0.5,1.0.0,2026-07-29T15:06:59.847491+00:00,batch_20260729_150659_a047a5
4299-SIMNS,0.6392,1,0.5,1.0.0,2026-07-29T15:06:59.847491+00:00,batch_20260729_150659_a047a5
7025-IWFHT,0.1971,0,0.5,1.0.0,2026-07-29T15:06:59.847491+00:00,batch_20260729_150659_a047a5
6261-LHRTG,0.1975,0,0.5,1.0.0,2026-07-29T15:06:59.847491+00:00,batch_20260729_150659_a047a5
7841-FCRQD,0.0547,0,0.5,1.0.0,2026-07-29T15:06:59.847491+00:00,batch_20260729_150659_a047a5
2056-EVGZL,0.0619,0,0.5,1.0.0,2026-07-29T15:06:59.847491+00:00,batch_20260729_150659_a047a5
8777-MBMTS,0.0615,0,0.5,1.0.0,2026-07-29T15:06:59.847491+00:00,batch_20260729_150659_a047a5
7753-USQYQ,0.05,0,0.5,1.0.0,2026-07-29T15:06:59.847491+00:00,batch_20260729_150659_a047a5
5366-IJEQJ,0.6881,1,0.5,1.0.0,2026-07-29T15:06:59.847491+00:00,batch_20260729_150659_a047a5
7661-CPURM,0.2803,0,0.5,1.0.0,2026-07-29T15:06:59.847491+00:00,batch_20260729_150659_a047a5
6233-HXJMX,0.4274,0,0.5,1.0.0,2026-07-29T15:06:59.847491+00:00,batch_20260729_150659_a047a5
5902-WBLSE,0.0025,0,0.5,1.0.0,2026-07-29T15:06:59.847491+00:00,batch_20260729_150659_a047a5
1981-INRFU,0.7525,1,0.5,1.0.0,2026-07-29T15:06:59.847491+00:00,batch_20260729_150659_a047a5
4971-PUYQO,0.6333,1,0.5,1.0.0,2026-07-29T15:06:59.847491+00:00,batch_20260729_150659_a047a5
3239-TPHPZ,0.066,0,0.5,1.0.0,2026-07-29T15:06:59.847491+00:00,batch_20260729_150659_a047a5
5115-GZDEL,0.0081,0,0.5,1.0.0,2026-07-29T15:06:59.847491+00:00,batch_20260729_150659_a047a5
3338-CVVEH,0.7104,1,0.5,1.0.0,2026-07-29T15:06:59.847491+00:00,batch_20260729_150659_a047a5
8485-GJCDN,0.6089,1,0.5,1.0.0,2026-07-29T15:06:59.847491+00:00,batch_20260729_150659_a047a5
2615-YVMYX,0.3303,0,0.5,1.0.0,2026-07-29T15:06:59.847491+00:00,batch_20260729_150659_a047a5
2851-STERV,0.1391,0,0.5,1.0.0,2026-07-29T15:06:59.847491+00:00,batch_20260729_150659_a047a5
4393-GEADV,0.0298,0,0.5,1.0.0,2026-07-29T15:06:59.847491+00:00,batch_20260729_150659_a047a5
8486-AYEQH,0.5335,1,0.5,1.0.0,2026-07-29T15:06:59.847491+00:00,batch_20260729_150659_a047a5
1527-SXDPN,0.0752,0,0.5,1.0.0,2026-07-29T15:06:59.847491+00:00,batch_20260729_150659_a047a5
6029-WTIPC,0.652,1,0.5,1.0.0,2026-07-29T15:06:59.847491+00:00,batch_20260729_150659_a047a5
8634-CILSZ,0.1248,0,0.5,1.0.0,2026-07-29T15:06:59.847491+00:00,batch_20260729_150659_a047a5
5419-JKZNQ,0.3788,0,0.5,1.0.0,2026-07-29T15:06:59.847491+00:00,batch_20260729_150659_a047a5
2495-KZNFB,0.5213,1,0.5,1.0.0,2026-07-29T15:06:59.847491+00:00,batch_20260729_150659_a047a5
1409-PHXTF,0.1552,0,0.5,1.0.0,2026-07-29T15:06:59.847491+00:00,batch_20260729_150659_a047a5
4560-WQAQW,0.0221,0,0.5,1.0.0,2026-07-29T15:06:59.847491+00:00,batch_20260729_150659_a047a5
9591-YVTEB,0.139,0,0.5,1.0.0,2026-07-29T15:06:59.847491+00:00,batch_20260729_150659_a047a5
9309-BZGNT,0.03,0,0.5,1.0.0,2026-07-29T15:06:59.847491+00:00,batch_20260729_150659_a047a5
4274-DRSQT,0.1299,0,0.5,1.0.0,2026-07-29T15:06:59.847491+00:00,batch_20260729_150659_a047a5
2027-DNKIV,0.0343,0,0.5,1.0.0,2026-07-29T15:06:59.847491+00:00,batch_20260729_150659_a047a5
8075-GXIUB,0.0658,0,0.5,1.0.0,2026-07-29T15:06:59.847491+00:00,batch_20260729_150659_a047a5
2885-HIJDH,0.0115,0,0.5,1.0.0,2026-07-29T15:06:59.847491+00:00,batch_20260729_150659_a047a5
5424-RLQLC,0.3764,0,0.5,1.0.0,2026-07-29T15:06:59.847491+00:00,batch_20260729_150659_a047a5
6682-QJDGB,0.077,0,0.5,1.0.0,2026-07-29T15:06:59.847491+00:00,batch_20260729_150659_a047a5
6507-DTJZV,0.2886,0,0.5,1.0.0,2026-07-29T15:06:59.847491+00:00,batch_20260729_150659_a047a5
8780-IXSTS,0.7427,1,0.5,1.0.0,2026-07-29T15:06:59.847491+00:00,batch_20260729_150659_a047a5
7673-BQGKU,0.0018,0,0.5,1.0.0,2026-07-29T15:06:59.847491+00:00,batch_20260729_150659_a047a5
6723-WSNTY,0.1409,0,0.5,1.0.0,2026-07-29T15:06:59.847491+00:00,batch_20260729_150659_a047a5
9530-EHPOH,0.3916,0,0.5,1.0.0,2026-07-29T15:06:59.847491+00:00,batch_20260729_150659_a047a5
2725-IWWBA,0.016,0,0.5,1.0.0,2026-07-29T15:06:59.847491+00:00,batch_20260729_150659_a047a5
0345-HKJVM,0.6981,1,0.5,1.0.0,2026-07-29T15:06:59.847491+00:00,batch_20260729_150659_a047a5
1061-PNTHC,0.2376,0,0.5,1.0.0,2026-07-29T15:06:59.847491+00:00,batch_20260729_150659_a047a5
0394-YONDK,0.0023,0,0.5,1.0.0,2026-07-29T15:06:59.847491+00:00,batch_20260729_150659_a047a5
6574-MCOEH,0.1545,0,0.5,1.0.0,2026-07-29T15:06:59.847491+00:00,batch_20260729_150659_a047a5
7399-QHBJS,0.0038,0,0.5,1.0.0,2026-07-29T15:06:59.847491+00:00,batch_20260729_150659_a047a5
3049-SOLAY,0.8266,1,0.5,1.0.0,2026-07-29T15:06:59.847491+00:00,batch_20260729_150659_a047a5
0997-YTLNY,0.1202,0,0.5,1.0.0,2026-07-29T15:06:59.847491+00:00,batch_20260729_150659_a047a5
3317-HRTNN,0.6345,1,0.5,1.0.0,2026-07-29T15:06:59.847491+00:00,batch_20260729_150659_a047a5
9479-HYNYL,0.0165,0,0.5,1.0.0,2026-07-29T15:06:59.847491+00:00,batch_20260729_150659_a047a5
3235-ETOOB,0.5886,1,0.5,1.0.0,2026-07-29T15:06:59.847491+00:00,batch_20260729_150659_a047a5
9708-KFDBY,0.181,0,0.5,1.0.0,2026-07-29T15:06:59.847491+00:00,batch_20260729_150659_a047a5
8058-INTPH,0.7582,1,0.5,1.0.0,2026-07-29T15:06:59.847491+00:00,batch_20260729_150659_a047a5
3642-GKTCT,0.1312,0,0.5,1.0.0,2026-07-29T15:06:59.847491+00:00,batch_20260729_150659_a047a5
0774-RMNUW,0.0076,0,0.5,1.0.0,2026-07-29T15:06:59.847491+00:00,batch_20260729_150659_a047a5
1334-PDUKM,0.0665,0,0.5,1.0.0,2026-07-29T15:06:59.847491+00:00,batch_20260729_150659_a047a5
0756-MPZRL,0.0369,0,0.5,1.0.0,2026-07-29T15:06:59.847491+00:00,batch_20260729_150659_a047a5
2242-MFOTG,0.1427,0,0.5,1.0.0,2026-07-29T15:06:59.847491+00:00,batch_20260729_150659_a047a5
2927-CVULT,0.0498,0,0.5,1.0.0,2026-07-29T15:06:59.847491+00:00,batch_20260729_150659_a047a5
2144-BFDSO,0.2829,0,0.5,1.0.0,2026-07-29T15:06:59.847491+00:00,batch_20260729_150659_a047a5
8745-PVESG,0.0266,0,0.5,1.0.0,2026-07-29T15:06:59.847491+00:00,batch_20260729_150659_a047a5
7647-GYYKX,0.0054,0,0.5,1.0.0,2026-07-29T15:06:59.847491+00:00,batch_20260729_150659_a047a5
5647-FXOTP,0.4806,0,0.5,1.0.0,2026-07-29T15:06:59.847491+00:00,batch_20260729_150659_a047a5
5569-OUICF,0.5173,1,0.5,1.0.0,2026-07-29T15:06:59.847491+00:00,batch_20260729_150659_a047a5
8821-XNHVZ,0.6414,1,0.5,1.0.0,2026-07-29T15:06:59.847491+00:00,batch_20260729_150659_a047a5
2082-OJVTK,0.586,1,0.5,1.0.0,2026-07-29T15:06:59.847491+00:00,batch_20260729_150659_a047a5
9700-ISPUP,0.3137,0,0.5,1.0.0,2026-07-29T15:06:59.847491+00:00,batch_20260729_150659_a047a5
9839-ETQOE,0.1446,0,0.5,1.0.0,2026-07-29T15:06:59.847491+00:00,batch_20260729_150659_a047a5
6078-VESFR,0.4357,0,0.5,1.0.0,2026-07-29T15:06:59.847491+00:00,batch_20260729_150659_a047a5
9027-TMATR,0.0479,0,0.5,1.0.0,2026-07-29T15:06:59.847491+00:00,batch_20260729_150659_a047a5
5940-NFXKV,0.6366,1,0.5,1.0.0,2026-07-29T15:06:59.847491+00:00,batch_20260729_150659_a047a5
1941-HOSAM,0.76,1,0.5,1.0.0,2026-07-29T15:06:59.847491+00:00,batch_20260729_150659_a047a5
9110-HSGTV,0.0145,0,0.5,1.0.0,2026-07-29T15:06:59.847491+00:00,batch_20260729_150659_a047a5
0704-VCUMB,0.0033,0,0.5,1.0.0,2026-07-29T15:06:59.847491+00:00,batch_20260729_150659_a047a5
6171-ZTVYB,0.056,0,0.5,1.0.0,2026-07-29T15:06:59.847491+00:00,batch_20260729_150659_a047a5
8053-WWDRO,0.1525,0,0.5,1.0.0,2026-07-29T15:06:59.847491+00:00,batch_20260729_150659_a047a5
9564-KCLHR,0.2634,0,0.5,1.0.0,2026-07-29T15:06:59.847491+00:00,batch_20260729_150659_a047a5
1935-IMVBB,0.2643,0,0.5,1.0.0,2026-07-29T15:06:59.847491+00:00,batch_20260729_150659_a047a5
2535-PBCGC,0.0111,0,0.5,1.0.0,2026-07-29T15:06:59.847491+00:00,batch_20260729_150659_a047a5
2082-CEFLT,0.5274,1,0.5,1.0.0,2026-07-29T15:06:59.847491+00:00,batch_20260729_150659_a047a5
1470-PSXNM,0.2288,0,0.5,1.0.0,2026-07-29T15:06:59.847491+00:00,batch_20260729_150659_a047a5
1213-NGCUN,0.2907,0,0.5,1.0.0,2026-07-29T15:06:59.847491+00:00,batch_20260729_150659_a047a5
2498-XLDZR,0.0174,0,0.5,1.0.0,2026-07-29T15:06:59.847491+00:00,batch_20260729_150659_a047a5
9866-OCCKE,0.0638,0,0.5,1.0.0,2026-07-29T15:06:59.847491+00:00,batch_20260729_150659_a047a5
5338-YHWYT,0.0101,0,0.5,1.0.0,2026-07-29T15:06:59.847491+00:00,batch_20260729_150659_a047a5
7718-UPSKJ,0.0751,0,0.5,1.0.0,2026-07-29T15:06:59.847491+00:00,batch_20260729_150659_a047a5
8731-WBBMB,0.1721,0,0.5,1.0.0,2026-07-29T15:06:59.847491+00:00,batch_20260729_150659_a047a5
1448-CYWKC,0.1923,0,0.5,1.0.0,2026-07-29T15:06:59.847491+00:00,batch_20260729_150659_a047a5
7901-IIDQV,0.0735,0,0.5,1.0.0,2026-07-29T15:06:59.847491+00:00,batch_20260729_150659_a047a5
2690-DVRVK,0.0906,0,0.5,1.0.0,2026-07-29T15:06:59.847491+00:00,batch_20260729_150659_a047a5
5688-KZTSN,0.1676,0,0.5,1.0.0,2026-07-29T15:06:59.847491+00:00,batch_20260729_150659_a047a5
1270-XKUCC,0.0114,0,0.5,1.0.0,2026-07-29T15:06:59.847491+00:00,batch_20260729_150659_a047a5
0334-ZFJSR,0.0238,0,0.5,1.0.0,2026-07-29T15:06:59.847491+00:00,batch_20260729_150659_a047a5
2894-QOJRX,0.3696,0,0.5,1.0.0,2026-07-29T15:06:59.847491+00:00,batch_20260729_150659_a047a5
5747-PMBSQ,0.4952,0,0.5,1.0.0,2026-07-29T15:06:59.847491+00:00,batch_20260729_150659_a047a5
5583-EJXRD,0.0235,0,0.5,1.0.0,2026-07-29T15:06:59.847491+00:00,batch_20260729_150659_a047a5
4565-EVZMJ,0.0254,0,0.5,1.0.0,2026-07-29T15:06:59.847491+00:00,batch_20260729_150659_a047a5
3143-JQEGI,0.5984,1,0.5,1.0.0,2026-07-29T15:06:59.847491+00:00,batch_20260729_150659_a047a5
6386-SZZKH,0.095,0,0.5,1.0.0,2026-07-29T15:06:59.847491+00:00,batch_20260729_150659_a047a5
3327-YBAKM,0.0924,0,0.5,1.0.0,2026-07-29T15:06:59.847491+00:00,batch_20260729_150659_a047a5
9441-QHEVC,0.1883,0,0.5,1.0.0,2026-07-29T15:06:59.847491+00:00,batch_20260729_150659_a047a5
6705-LNMDD,0.1437,0,0.5,1.0.0,2026-07-29T15:06:59.847491+00:00,batch_20260729_150659_a047a5
2580-ASVVY,0.0401,0,0.5,1.0.0,2026-07-29T15:06:59.847491+00:00,batch_20260729_150659_a047a5
3370-GQEAL,0.4594,0,0.5,1.0.0,2026-07-29T15:06:59.847491+00:00,batch_20260729_150659_a047a5
5032-USPKF,0.0794,0,0.5,1.0.0,2026-07-29T15:06:59.847491+00:00,batch_20260729_150659_a047a5
2982-IHMFT,0.6939,1,0.5,1.0.0,2026-07-29T15:06:59.847491+00:00,batch_20260729_150659_a047a5
3521-SYVOR,0.3187,0,0.5,1.0.0,2026-07-29T15:06:59.847491+00:00,batch_20260729_150659_a047a5
4254-QPEDE,0.0209,0,0.5,1.0.0,2026-07-29T15:06:59.847491+00:00,batch_20260729_150659_a047a5
6283-GITPX,0.007,0,0.5,1.0.0,2026-07-29T15:06:59.847491+00:00,batch_20260729_150659_a047a5
9526-JAWYF,0.4618,0,0.5,1.0.0,2026-07-29T15:06:59.847491+00:00,batch_20260729_150659_a047a5
0771-CHWSK,0.0182,0,0.5,1.0.0,2026-07-29T15:06:59.847491+00:00,batch_20260729_150659_a047a5
9788-HNGUT,0.0591,0,0.5,1.0.0,2026-07-29T15:06:59.847491+00:00,batch_20260729_150659_a047a5
9495-REDIY,0.1309,0,0.5,1.0.0,2026-07-29T15:06:59.847491+00:00,batch_20260729_150659_a047a5
5375-XLDOF,0.0444,0,0.5,1.0.0,2026-07-29T15:06:59.847491+00:00,batch_20260729_150659_a047a5
1172-VIYBP,0.0149,0,0.5,1.0.0,2026-07-29T15:06:59.847491+00:00,batch_20260729_150659_a047a5
5649-VUKMC,0.3901,0,0.5,1.0.0,2026-07-29T15:06:59.847491+00:00,batch_20260729_150659_a047a5
6559-PDZLR,0.564,1,0.5,1.0.0,2026-07-29T15:06:59.847491+00:00,batch_20260729_150659_a047a5
8992-OBVDG,0.2526,0,0.5,1.0.0,2026-07-29T15:06:59.847491+00:00,batch_20260729_150659_a047a5
4273-MBHYA,0.757,1,0.5,1.0.0,2026-07-29T15:06:59.847491+00:00,batch_20260729_150659_a047a5
4724-WXVWF,0.3195,0,0.5,1.0.0,2026-07-29T15:06:59.847491+00:00,batch_20260729_150659_a047a5
5701-GUXDC,0.092,0,0.5,1.0.0,2026-07-29T15:06:59.847491+00:00,batch_20260729_150659_a047a5
1460-UZPRJ,0.0037,0,0.5,1.0.0,2026-07-29T15:06:59.847491+00:00,batch_20260729_150659_a047a5
6082-GLJIX,0.0949,0,0.5,1.0.0,2026-07-29T15:06:59.847491+00:00,batch_20260729_150659_a047a5
5143-EGQFK,0.4634,0,0.5,1.0.0,2026-07-29T15:06:59.847491+00:00,batch_20260729_150659_a047a5
4919-IKATY,0.6158,1,0.5,1.0.0,2026-07-29T15:06:59.847491+00:00,batch_20260729_150659_a047a5
2495-TTHBQ,0.0983,0,0.5,1.0.0,2026-07-29T15:06:59.847491+00:00,batch_20260729_150659_a047a5
0485-ZBSLN,0.003,0,0.5,1.0.0,2026-07-29T15:06:59.847491+00:00,batch_20260729_150659_a047a5
3810-PJUHR,0.0024,0,0.5,1.0.0,2026-07-29T15:06:59.847491+00:00,batch_20260729_150659_a047a5
9050-QLROH,0.6207,1,0.5,1.0.0,2026-07-29T15:06:59.847491+00:00,batch_20260729_150659_a047a5
0847-HGRML,0.0025,0,0.5,1.0.0,2026-07-29T15:06:59.847491+00:00,batch_20260729_150659_a047a5
8232-CTLKO,0.0163,0,0.5,1.0.0,2026-07-29T15:06:59.847491+00:00,batch_20260729_150659_a047a5
9227-YBAXE,0.0137,0,0.5,1.0.0,2026-07-29T15:06:59.847491+00:00,batch_20260729_150659_a047a5
6168-WFVVF,0.705,1,0.5,1.0.0,2026-07-29T15:06:59.847491+00:00,batch_20260729_150659_a047a5
9860-LISIZ,0.048,0,0.5,1.0.0,2026-07-29T15:06:59.847491+00:00,batch_20260729_150659_a047a5
0112-QAWRZ,0.5812,1,0.5,1.0.0,2026-07-29T15:06:59.847491+00:00,batch_20260729_150659_a047a5
0877-SDMBN,0.2097,0,0.5,1.0.0,2026-07-29T15:06:59.847491+00:00,batch_20260729_150659_a047a5
2786-GCDPI,0.4722,0,0.5,1.0.0,2026-07-29T15:06:59.847491+00:00,batch_20260729_150659_a047a5
4043-MKDTV,0.0753,0,0.5,1.0.0,2026-07-29T15:06:59.847491+00:00,batch_20260729_150659_a047a5
8065-YKXKD,0.7041,1,0.5,1.0.0,2026-07-29T15:06:59.847491+00:00,batch_20260729_150659_a047a5
9637-EIHEQ,0.4257,0,0.5,1.0.0,2026-07-29T15:06:59.847491+00:00,batch_20260729_150659_a047a5
9229-RQABD,0.0577,0,0.5,1.0.0,2026-07-29T15:06:59.847491+00:00,batch_20260729_150659_a047a5
8313-KTIHG,0.4517,0,0.5,1.0.0,2026-07-29T15:06:59.847491+00:00,batch_20260729_150659_a047a5
5320-BRKGK,0.011,0,0.5,1.0.0,2026-07-29T15:06:59.847491+00:00,batch_20260729_150659_a047a5
6284-KMNUF,0.2432,0,0.5,1.0.0,2026-07-29T15:06:59.847491+00:00,batch_20260729_150659_a047a5
9689-PTNPG,0.7522,1,0.5,1.0.0,2026-07-29T15:06:59.847491+00:00,batch_20260729_150659_a047a5
9465-RWMXL,0.5352,1,0.5,1.0.0,2026-07-29T15:06:59.847491+00:00,batch_20260729_150659_a047a5
6229-UOLQL,0.0286,0,0.5,1.0.0,2026-07-29T15:06:59.847491+00:00,batch_20260729_150659_a047a5
2362-IBOOY,0.5725,1,0.5,1.0.0,2026-07-29T15:06:59.847491+00:00,batch_20260729_150659_a047a5
3137-LUPIX,0.4215,0,0.5,1.0.0,2026-07-29T15:06:59.847491+00:00,batch_20260729_150659_a047a5
0843-WTBXE,0.2638,0,0.5,1.0.0,2026-07-29T15:06:59.847491+00:00,batch_20260729_150659_a047a5
6143-JQKEA,0.3421,0,0.5,1.0.0,2026-07-29T15:06:59.847491+00:00,batch_20260729_150659_a047a5
8676-OOQEJ,0.4332,0,0.5,1.0.0,2026-07-29T15:06:59.847491+00:00,batch_20260729_150659_a047a5
5515-IDEJJ,0.1568,0,0.5,1.0.0,2026-07-29T15:06:59.847491+00:00,batch_20260729_150659_a047a5
9701-CDXHR,0.1803,0,0.5,1.0.0,2026-07-29T15:06:59.847491+00:00,batch_20260729_150659_a047a5
7450-NWRTR,0.7866,1,0.5,1.0.0,2026-07-29T15:06:59.847491+00:00,batch_20260729_150659_a047a5
8124-NZVGJ,0.3471,0,0.5,1.0.0,2026-07-29T15:06:59.847491+00:00,batch_20260729_150659_a047a5
2162-FRZAA,0.007,0,0.5,1.0.0,2026-07-29T15:06:59.847491+00:00,batch_20260729_150659_a047a5
5376-DEQCP,0.7184,1,0.5,1.0.0,2026-07-29T15:06:59.847491+00:00,batch_20260729_150659_a047a5
5118-MUEYH,0.3564,0,0.5,1.0.0,2026-07-29T15:06:59.847491+00:00,batch_20260729_150659_a047a5
9095-HFAFX,0.6509,1,0.5,1.0.0,2026-07-29T15:06:59.847491+00:00,batch_20260729_150659_a047a5
5627-TVBPP,0.0235,0,0.5,1.0.0,2026-07-29T15:06:59.847491+00:00,batch_20260729_150659_a047a5
2379-ENZGV,0.6971,1,0.5,1.0.0,2026-07-29T15:06:59.847491+00:00,batch_20260729_150659_a047a5
3936-QQFLL,0.1819,0,0.5,1.0.0,2026-07-29T15:06:59.847491+00:00,batch_20260729_150659_a047a5
2589-AYCRP,0.0104,0,0.5,1.0.0,2026-07-29T15:06:59.847491+00:00,batch_20260729_150659_a047a5
4067-HLYQI,0.3688,0,0.5,1.0.0,2026-07-29T15:06:59.847491+00:00,batch_20260729_150659_a047a5
5124-EOGYE,0.0137,0,0.5,1.0.0,2026-07-29T15:06:59.847491+00:00,batch_20260729_150659_a047a5
5057-RKGLH,0.0298,0,0.5,1.0.0,2026-07-29T15:06:59.847491+00:00,batch_20260729_150659_a047a5
0292-WEGCH,0.1577,0,0.5,1.0.0,2026-07-29T15:06:59.847491+00:00,batch_20260729_150659_a047a5
8910-ICHIU,0.1463,0,0.5,1.0.0,2026-07-29T15:06:59.847491+00:00,batch_20260729_150659_a047a5
4097-YODCF,0.3031,0,0.5,1.0.0,2026-07-29T15:06:59.847491+00:00,batch_20260729_150659_a047a5
9715-WZCLW,0.0819,0,0.5,1.0.0,2026-07-29T15:06:59.847491+00:00,batch_20260729_150659_a047a5
9786-YWNHU,0.0043,0,0.5,1.0.0,2026-07-29T15:06:59.847491+00:00,batch_20260729_150659_a047a5
6407-GSJNL,0.0069,0,0.5,1.0.0,2026-07-29T15:06:59.847491+00:00,batch_20260729_150659_a047a5
6005-OBZPH,0.6084,1,0.5,1.0.0,2026-07-29T15:06:59.847491+00:00,batch_20260729_150659_a047a5
4049-ZPALD,0.0736,0,0.5,1.0.0,2026-07-29T15:06:59.847491+00:00,batch_20260729_150659_a047a5
7932-WPTDS,0.6627,1,0.5,1.0.0,2026-07-29T15:06:59.847491+00:00,batch_20260729_150659_a047a5
3733-UOCWF,0.0817,0,0.5,1.0.0,2026-07-29T15:06:59.847491+00:00,batch_20260729_150659_a047a5
6833-JMZYP,0.6452,1,0.5,1.0.0,2026-07-29T15:06:59.847491+00:00,batch_20260729_150659_a047a5
2722-VOJQL,0.1449,0,0.5,1.0.0,2026-07-29T15:06:59.847491+00:00,batch_20260729_150659_a047a5
1310-QRITU,0.4175,0,0.5,1.0.0,2026-07-29T15:06:59.847491+00:00,batch_20260729_150659_a047a5
8961-QDZZJ,0.2005,0,0.5,1.0.0,2026-07-29T15:06:59.847491+00:00,batch_20260729_150659_a047a5
9715-SBVSU,0.0618,0,0.5,1.0.0,2026-07-29T15:06:59.847491+00:00,batch_20260729_150659_a047a5
8490-BXHEO,0.5129,1,0.5,1.0.0,2026-07-29T15:06:59.847491+00:00,batch_20260729_150659_a047a5
7173-TETGO,0.0232,0,0.5,1.0.0,2026-07-29T15:06:59.847491+00:00,batch_20260729_150659_a047a5
7929-SKFGK,0.0408,0,0.5,1.0.0,2026-07-29T15:06:59.847491+00:00,batch_20260729_150659_a047a5
2300-RQGOI,0.0098,0,0.5,1.0.0,2026-07-29T15:06:59.847491+00:00,batch_20260729_150659_a047a5
3563-SVYLG,0.0034,0,0.5,1.0.0,2026-07-29T15:06:59.847491+00:00,batch_20260729_150659_a047a5
5228-EXCET,0.6844,1,0.5,1.0.0,2026-07-29T15:06:59.847491+00:00,batch_20260729_150659_a047a5
6435-VWCCY,0.0535,0,0.5,1.0.0,2026-07-29T15:06:59.847491+00:00,batch_20260729_150659_a047a5
4998-IKFSE,0.6078,1,0.5,1.0.0,2026-07-29T15:06:59.847491+00:00,batch_20260729_150659_a047a5
8630-QSGXK,0.0431,0,0.5,1.0.0,2026-07-29T15:06:59.847491+00:00,batch_20260729_150659_a047a5
2455-USLMV,0.3721,0,0.5,1.0.0,2026-07-29T15:06:59.847491+00:00,batch_20260729_150659_a047a5
7394-FKDNK,0.6817,1,0.5,1.0.0,2026-07-29T15:06:59.847491+00:00,batch_20260729_150659_a047a5
9488-FVZCC,0.0089,0,0.5,1.0.0,2026-07-29T15:06:59.847491+00:00,batch_20260729_150659_a047a5
6331-LWDTQ,0.5259,1,0.5,1.0.0,2026-07-29T15:06:59.847491+00:00,batch_20260729_150659_a047a5
5995-WWKKG,0.0396,0,0.5,1.0.0,2026-07-29T15:06:59.847491+00:00,batch_20260729_150659_a047a5
1597-FZREH,0.4339,0,0.5,1.0.0,2026-07-29T15:06:59.847491+00:00,batch_20260729_150659_a047a5
7879-CGSFV,0.1498,0,0.5,1.0.0,2026-07-29T15:06:59.847491+00:00,batch_20260729_150659_a047a5
9921-EZKBY,0.3869,0,0.5,1.0.0,2026-07-29T15:06:59.847491+00:00,batch_20260729_150659_a047a5
7432-FFVAR,0.0874,0,0.5,1.0.0,2026-07-29T15:06:59.847491+00:00,batch_20260729_150659_a047a5
7246-ZGQDF,0.2161,0,0.5,1.0.0,2026-07-29T15:06:59.847491+00:00,batch_20260729_150659_a047a5
7000-WCEVQ,0.3836,0,0.5,1.0.0,2026-07-29T15:06:59.847491+00:00,batch_20260729_150659_a047a5
0727-IWKVK,0.6322,1,0.5,1.0.0,2026-07-29T15:06:59.847491+00:00,batch_20260729_150659_a047a5
5959-BELXA,0.5773,1,0.5,1.0.0,2026-07-29T15:06:59.847491+00:00,batch_20260729_150659_a047a5
4456-RHSNB,0.2313,0,0.5,1.0.0,2026-07-29T15:06:59.847491+00:00,batch_20260729_150659_a047a5
3512-IZIKN,0.0063,0,0.5,1.0.0,2026-07-29T15:06:59.847491+00:00,batch_20260729_150659_a047a5
2481-SBOYW,0.005,0,0.5,1.0.0,2026-07-29T15:06:59.847491+00:00,batch_20260729_150659_a047a5
7109-MFBYV,0.2166,0,0.5,1.0.0,2026-07-29T15:06:59.847491+00:00,batch_20260729_150659_a047a5
1833-TCXKK,0.4916,0,0.5,1.0.0,2026-07-29T15:06:59.847491+00:00,batch_20260729_150659_a047a5
1832-PEUTS,0.0718,0,0.5,1.0.0,2026-07-29T15:06:59.847491+00:00,batch_20260729_150659_a047a5
6141-OOXUQ,0.1888,0,0.5,1.0.0,2026-07-29T15:06:59.847491+00:00,batch_20260729_150659_a047a5
8660-BUETV,0.3306,0,0.5,1.0.0,2026-07-29T15:06:59.847491+00:00,batch_20260729_150659_a047a5
0580-PIQHM,0.163,0,0.5,1.0.0,2026-07-29T15:06:59.847491+00:00,batch_20260729_150659_a047a5
5696-CEIQJ,0.0317,0,0.5,1.0.0,2026-07-29T15:06:59.847491+00:00,batch_20260729_150659_a047a5
7503-ZGUZJ,0.7372,1,0.5,1.0.0,2026-07-29T15:06:59.847491+00:00,batch_20260729_150659_a047a5
1696-HXOWK,0.0667,0,0.5,1.0.0,2026-07-29T15:06:59.847491+00:00,batch_20260729_150659_a047a5
3026-ATZYV,0.0486,0,0.5,1.0.0,2026-07-29T15:06:59.847491+00:00,batch_20260729_150659_a047a5
4012-YCFAI,0.0089,0,0.5,1.0.0,2026-07-29T15:06:59.847491+00:00,batch_20260729_150659_a047a5
2506-TNFCO,0.7195,1,0.5,1.0.0,2026-07-29T15:06:59.847491+00:00,batch_20260729_150659_a047a5
9970-QBCDA,0.1487,0,0.5,1.0.0,2026-07-29T15:06:59.847491+00:00,batch_20260729_150659_a047a5
8718-PTMEZ,0.4937,0,0.5,1.0.0,2026-07-29T15:06:59.847491+00:00,batch_20260729_150659_a047a5
9496-IVVRP,0.1645,0,0.5,1.0.0,2026-07-29T15:06:59.847491+00:00,batch_20260729_150659_a047a5
2207-OBZNX,0.3074,0,0.5,1.0.0,2026-07-29T15:06:59.847491+00:00,batch_20260729_150659_a047a5
2657-VPXTA,0.7069,1,0.5,1.0.0,2026-07-29T15:06:59.847491+00:00,batch_20260729_150659_a047a5
6551-VLJMV,0.0114,0,0.5,1.0.0,2026-07-29T15:06:59.847491+00:00,batch_20260729_150659_a047a5
1221-GHZEP,0.0118,0,0.5,1.0.0,2026-07-29T15:06:59.847491+00:00,batch_20260729_150659_a047a5
9289-LBQVU,0.0355,0,0.5,1.0.0,2026-07-29T15:06:59.847491+00:00,batch_20260729_150659_a047a5
6142-VSJQO,0.3764,0,0.5,1.0.0,2026-07-29T15:06:59.847491+00:00,batch_20260729_150659_a047a5
3458-IDMFK,0.0265,0,0.5,1.0.0,2026-07-29T15:06:59.847491+00:00,batch_20260729_150659_a047a5
6933-FHBZC,0.1107,0,0.5,1.0.0,2026-07-29T15:06:59.847491+00:00,batch_20260729_150659_a047a5
0221-NAUXK,0.0733,0,0.5,1.0.0,2026-07-29T15:06:59.847491+00:00,batch_20260729_150659_a047a5
9770-KXGQU,0.1098,0,0.5,1.0.0,2026-07-29T15:06:59.847491+00:00,batch_20260729_150659_a047a5
6437-UKHMV,0.7219,1,0.5,1.0.0,2026-07-29T15:06:59.847491+00:00,batch_20260729_150659_a047a5
6538-POCHL,0.3383,0,0.5,1.0.0,2026-07-29T15:06:59.847491+00:00,batch_20260729_150659_a047a5
6726-NNFWD,0.0356,0,0.5,1.0.0,2026-07-29T15:06:59.847491+00:00,batch_20260729_150659_a047a5
3002-WQZWT,0.5425,1,0.5,1.0.0,2026-07-29T15:06:59.847491+00:00,batch_20260729_150659_a047a5
4277-UDIEF,0.1515,0,0.5,1.0.0,2026-07-29T15:06:59.847491+00:00,batch_20260729_150659_a047a5
1208-NBVFH,0.2939,0,0.5,1.0.0,2026-07-29T15:06:59.847491+00:00,batch_20260729_150659_a047a5
4912-PIGUY,0.7973,1,0.5,1.0.0,2026-07-29T15:06:59.847491+00:00,batch_20260729_150659_a047a5
1114-CENIM,0.0788,0,0.5,1.0.0,2026-07-29T15:06:59.847491+00:00,batch_20260729_150659_a047a5
6060-DRTNL,0.6655,1,0.5,1.0.0,2026-07-29T15:06:59.847491+00:00,batch_20260729_150659_a047a5
2725-TTRIQ,0.0137,0,0.5,1.0.0,2026-07-29T15:06:59.847491+00:00,batch_20260729_150659_a047a5
3374-TTZTK,0.0885,0,0.5,1.0.0,2026-07-29T15:06:59.847491+00:00,batch_20260729_150659_a047a5
8990-ZXLSU,0.5647,1,0.5,1.0.0,2026-07-29T15:06:59.847491+00:00,batch_20260729_150659_a047a5
2275-RBYQS,0.4428,0,0.5,1.0.0,2026-07-29T15:06:59.847491+00:00,batch_20260729_150659_a047a5
8473-VUVJN,0.7598,1,0.5,1.0.0,2026-07-29T15:06:59.847491+00:00,batch_20260729_150659_a047a5
6289-CPNLD,0.0915,0,0.5,1.0.0,2026-07-29T15:06:59.847491+00:00,batch_20260729_150659_a047a5
5536-SLHPM,0.3603,0,0.5,1.0.0,2026-07-29T15:06:59.847491+00:00,batch_20260729_150659_a047a5
4419-UJMUS,0.0852,0,0.5,1.0.0,2026-07-29T15:06:59.847491+00:00,batch_20260729_150659_a047a5
7794-JASDG,0.3594,0,0.5,1.0.0,2026-07-29T15:06:59.847491+00:00,batch_20260729_150659_a047a5
7609-YBPXG,0.022,0,0.5,1.0.0,2026-07-29T15:06:59.847491+00:00,batch_20260729_150659_a047a5
5519-TEEUH,0.0277,0,0.5,1.0.0,2026-07-29T15:06:59.847491+00:00,batch_20260729_150659_a047a5
7856-GANIL,0.1731,0,0.5,1.0.0,2026-07-29T15:06:59.847491+00:00,batch_20260729_150659_a047a5
0804-XBFBV,0.3996,0,0.5,1.0.0,2026-07-29T15:06:59.847491+00:00,batch_20260729_150659_a047a5
2676-OXPPQ,0.2753,0,0.5,1.0.0,2026-07-29T15:06:59.847491+00:00,batch_20260729_150659_a047a5
3703-TTEPD,0.1823,0,0.5,1.0.0,2026-07-29T15:06:59.847491+00:00,batch_20260729_150659_a047a5
2799-TSLAG,0.0045,0,0.5,1.0.0,2026-07-29T15:06:59.847491+00:00,batch_20260729_150659_a047a5
0196-VULGZ,0.7749,1,0.5,1.0.0,2026-07-29T15:06:59.847491+00:00,batch_20260729_150659_a047a5
8837-VVWLQ,0.5446,1,0.5,1.0.0,2026-07-29T15:06:59.847491+00:00,batch_20260729_150659_a047a5
2696-NARTR,0.5505,1,0.5,1.0.0,2026-07-29T15:06:59.847491+00:00,batch_20260729_150659_a047a5
2208-NKVVH,0.0082,0,0.5,1.0.0,2026-07-29T15:06:59.847491+00:00,batch_20260729_150659_a047a5
7614-QVWQL,0.0914,0,0.5,1.0.0,2026-07-29T15:06:59.847491+00:00,batch_20260729_150659_a047a5
1976-CFOCS,0.4331,0,0.5,1.0.0,2026-07-29T15:06:59.847491+00:00,batch_20260729_150659_a047a5
4631-OACRM,0.6676,1,0.5,1.0.0,2026-07-29T15:06:59.847491+00:00,batch_20260729_150659_a047a5
7139-JZFVG,0.0067,0,0.5,1.0.0,2026-07-29T15:06:59.847491+00:00,batch_20260729_150659_a047a5
4987-GQWPO,0.2978,0,0.5,1.0.0,2026-07-29T15:06:59.847491+00:00,batch_20260729_150659_a047a5
3755-JBMNH,0.5159,1,0.5,1.0.0,2026-07-29T15:06:59.847491+00:00,batch_20260729_150659_a047a5
1757-TCATG,0.0168,0,0.5,1.0.0,2026-07-29T15:06:59.847491+00:00,batch_20260729_150659_a047a5
6345-ULYRW,0.1704,0,0.5,1.0.0,2026-07-29T15:06:59.847491+00:00,batch_20260729_150659_a047a5
4776-XSKYQ,0.1168,0,0.5,1.0.0,2026-07-29T15:06:59.847491+00:00,batch_20260729_150659_a047a5
8048-DSDFQ,0.1893,0,0.5,1.0.0,2026-07-29T15:06:59.847491+00:00,batch_20260729_150659_a047a5
5753-QQWPW,0.069,0,0.5,1.0.0,2026-07-29T15:06:59.847491+00:00,batch_20260729_150659_a047a5
6010-DDPPW,0.0031,0,0.5,1.0.0,2026-07-29T15:06:59.847491+00:00,batch_20260729_150659_a047a5
1809-DMJHQ,0.2649,0,0.5,1.0.0,2026-07-29T15:06:59.847491+00:00,batch_20260729_150659_a047a5
6693-FRIRW,0.4935,0,0.5,1.0.0,2026-07-29T15:06:59.847491+00:00,batch_20260729_150659_a047a5
6586-MYGKD,0.0158,0,0.5,1.0.0,2026-07-29T15:06:59.847491+00:00,batch_20260729_150659_a047a5
3173-NVMPX,0.3338,0,0.5,1.0.0,2026-07-29T15:06:59.847491+00:00,batch_20260729_150659_a047a5
0248-PGHBZ,0.0274,0,0.5,1.0.0,2026-07-29T15:06:59.847491+00:00,batch_20260729_150659_a047a5
0623-GDISB,0.3464,0,0.5,1.0.0,2026-07-29T15:06:59.847491+00:00,batch_20260729_150659_a047a5
2892-GESUL,0.0195,0,0.5,1.0.0,2026-07-29T15:06:59.847491+00:00,batch_20260729_150659_a047a5
6923-EFPNL,0.3627,0,0.5,1.0.0,2026-07-29T15:06:59.847491+00:00,batch_20260729_150659_a047a5
7472-EQOAV,0.043,0,0.5,1.0.0,2026-07-29T15:06:59.847491+00:00,batch_20260729_150659_a047a5
9574-RKJIF,0.4479,0,0.5,1.0.0,2026-07-29T15:06:59.847491+00:00,batch_20260729_150659_a047a5
2043-WVTQJ,0.2789,0,0.5,1.0.0,2026-07-29T15:06:59.847491+00:00,batch_20260729_150659_a047a5
8034-RYTVV,0.1116,0,0.5,1.0.0,2026-07-29T15:06:59.847491+00:00,batch_20260729_150659_a047a5
3863-QSTYI,0.1002,0,0.5,1.0.0,2026-07-29T15:06:59.847491+00:00,batch_20260729_150659_a047a5
2619-WFQWU,0.6447,1,0.5,1.0.0,2026-07-29T15:06:59.847491+00:00,batch_20260729_150659_a047a5
5044-LRQAQ,0.586,1,0.5,1.0.0,2026-07-29T15:06:59.847491+00:00,batch_20260729_150659_a047a5
1716-LSAMB,0.0085,0,0.5,1.0.0,2026-07-29T15:06:59.847491+00:00,batch_20260729_150659_a047a5
1333-PBMXB,0.0136,0,0.5,1.0.0,2026-07-29T15:06:59.847491+00:00,batch_20260729_150659_a047a5
6546-OPBBH,0.0159,0,0.5,1.0.0,2026-07-29T15:06:59.847491+00:00,batch_20260729_150659_a047a5
5985-BEHZK,0.1199,0,0.5,1.0.0,2026-07-29T15:06:59.847491+00:00,batch_20260729_150659_a047a5
9127-QRZMH,0.0274,0,0.5,1.0.0,2026-07-29T15:06:59.847491+00:00,batch_20260729_150659_a047a5
5919-VCZYM,0.1822,0,0.5,1.0.0,2026-07-29T15:06:59.847491+00:00,batch_20260729_150659_a047a5
9644-KVCNC,0.1542,0,0.5,1.0.0,2026-07-29T15:06:59.847491+00:00,batch_20260729_150659_a047a5
2137-DQMEV,0.0162,0,0.5,1.0.0,2026-07-29T15:06:59.847491+00:00,batch_20260729_150659_a047a5
8174-LNWMW,0.0132,0,0.5,1.0.0,2026-07-29T15:06:59.847491+00:00,batch_20260729_150659_a047a5
9279-CJEOJ,0.6577,1,0.5,1.0.0,2026-07-29T15:06:59.847491+00:00,batch_20260729_150659_a047a5
7964-VEXDG,0.3885,0,0.5,1.0.0,2026-07-29T15:06:59.847491+00:00,batch_20260729_150659_a047a5
2404-JIBFC,0.0239,0,0.5,1.0.0,2026-07-29T15:06:59.847491+00:00,batch_20260729_150659_a047a5
0778-NELLA,0.5327,1,0.5,1.0.0,2026-07-29T15:06:59.847491+00:00,batch_20260729_150659_a047a5
8029-XYPWT,0.0548,0,0.5,1.0.0,2026-07-29T15:06:59.847491+00:00,batch_20260729_150659_a047a5
4614-NUVZD,0.7637,1,0.5,1.0.0,2026-07-29T15:06:59.847491+00:00,batch_20260729_150659_a047a5
4632-PAOYU,0.0311,0,0.5,1.0.0,2026-07-29T15:06:59.847491+00:00,batch_20260729_150659_a047a5
3803-KMQFW,0.1574,0,0.5,1.0.0,2026-07-29T15:06:59.847491+00:00,batch_20260729_150659_a047a5
6804-GDMOI,0.1398,0,0.5,1.0.0,2026-07-29T15:06:59.847491+00:00,batch_20260729_150659_a047a5
2990-OGYTD,0.0181,0,0.5,1.0.0,2026-07-29T15:06:59.847491+00:00,batch_20260729_150659_a047a5
6646-JPPHA,0.3978,0,0.5,1.0.0,2026-07-29T15:06:59.847491+00:00,batch_20260729_150659_a047a5
9572-MTILT,0.2593,0,0.5,1.0.0,2026-07-29T15:06:59.847491+00:00,batch_20260729_150659_a047a5
7658-UYUQS,0.448,0,0.5,1.0.0,2026-07-29T15:06:59.847491+00:00,batch_20260729_150659_a047a5
7880-XSOJX,0.25,0,0.5,1.0.0,2026-07-29T15:06:59.847491+00:00,batch_20260729_150659_a047a5
9611-CTWIH,0.7871,1,0.5,1.0.0,2026-07-29T15:06:59.847491+00:00,batch_20260729_150659_a047a5
4589-IUAJB,0.0029,0,0.5,1.0.0,2026-07-29T15:06:59.847491+00:00,batch_20260729_150659_a047a5
0329-GTIAJ,0.6783,1,0.5,1.0.0,2026-07-29T15:06:59.847491+00:00,batch_20260729_150659_a047a5
8746-BFOAJ,0.0391,0,0.5,1.0.0,2026-07-29T15:06:59.847491+00:00,batch_20260729_150659_a047a5
8457-XIGKN,0.1177,0,0.5,1.0.0,2026-07-29T15:06:59.847491+00:00,batch_20260729_150659_a047a5
6072-NUQCB,0.0303,0,0.5,1.0.0,2026-07-29T15:06:59.847491+00:00,batch_20260729_150659_a047a5
6629-CZTTH,0.5013,1,0.5,1.0.0,2026-07-29T15:06:59.847491+00:00,batch_20260729_150659_a047a5
8838-GPHZP,0.0047,0,0.5,1.0.0,2026-07-29T15:06:59.847491+00:00,batch_20260729_150659_a047a5
8750-QWZAJ,0.0017,0,0.5,1.0.0,2026-07-29T15:06:59.847491+00:00,batch_20260729_150659_a047a5
5364-EVNIB,0.5936,1,0.5,1.0.0,2026-07-29T15:06:59.847491+00:00,batch_20260729_150659_a047a5
6918-UMQCG,0.65,1,0.5,1.0.0,2026-07-29T15:06:59.847491+00:00,batch_20260729_150659_a047a5
0675-NCDYU,0.0465,0,0.5,1.0.0,2026-07-29T15:06:59.847491+00:00,batch_20260729_150659_a047a5
6339-DKLMK,0.4971,0,0.5,1.0.0,2026-07-29T15:06:59.847491+00:00,batch_20260729_150659_a047a5
1346-PJWTK,0.1267,0,0.5,1.0.0,2026-07-29T15:06:59.847491+00:00,batch_20260729_150659_a047a5
5088-QZLRL,0.2472,0,0.5,1.0.0,2026-07-29T15:06:59.847491+00:00,batch_20260729_150659_a047a5
8023-QHAIO,0.1865,0,0.5,1.0.0,2026-07-29T15:06:59.847491+00:00,batch_20260729_150659_a047a5
4397-FRLTA,0.169,0,0.5,1.0.0,2026-07-29T15:06:59.847491+00:00,batch_20260729_150659_a047a5
3057-VJJQE,0.0298,0,0.5,1.0.0,2026-07-29T15:06:59.847491+00:00,batch_20260729_150659_a047a5
5087-SUURX,0.5425,1,0.5,1.0.0,2026-07-29T15:06:59.847491+00:00,batch_20260729_150659_a047a5
2302-OUZXB,0.0207,0,0.5,1.0.0,2026-07-29T15:06:59.847491+00:00,batch_20260729_150659_a047a5
8133-ANHHJ,0.0863,0,0.5,1.0.0,2026-07-29T15:06:59.847491+00:00,batch_20260729_150659_a047a5
2270-CHBFN,0.1967,0,0.5,1.0.0,2026-07-29T15:06:59.847491+00:00,batch_20260729_150659_a047a5
0013-EXCHZ,0.5846,1,0.5,1.0.0,2026-07-29T15:06:59.847491+00:00,batch_20260729_150659_a047a5
5982-FPVQN,0.495,0,0.5,1.0.0,2026-07-29T15:06:59.847491+00:00,batch_20260729_150659_a047a5
9107-UKCKY,0.1108,0,0.5,1.0.0,2026-07-29T15:06:59.847491+00:00,batch_20260729_150659_a047a5
4654-ULTTN,0.0132,0,0.5,1.0.0,2026-07-29T15:06:59.847491+00:00,batch_20260729_150659_a047a5
5550-VFRLC,0.7175,1,0.5,1.0.0,2026-07-29T15:06:59.847491+00:00,batch_20260729_150659_a047a5
5546-BYZSM,0.0483,0,0.5,1.0.0,2026-07-29T15:06:59.847491+00:00,batch_20260729_150659_a047a5
1492-KGETH,0.012,0,0.5,1.0.0,2026-07-29T15:06:59.847491+00:00,batch_20260729_150659_a047a5
4929-BSTRX,0.4926,0,0.5,1.0.0,2026-07-29T15:06:59.847491+00:00,batch_20260729_150659_a047a5
4163-HFTUK,0.0144,0,0.5,1.0.0,2026-07-29T15:06:59.847491+00:00,batch_20260729_150659_a047a5
8215-NGSPE,0.0066,0,0.5,1.0.0,2026-07-29T15:06:59.847491+00:00,batch_20260729_150659_a047a5
2225-ZRGSG,0.0147,0,0.5,1.0.0,2026-07-29T15:06:59.847491+00:00,batch_20260729_150659_a047a5
8859-YSTWS,0.0115,0,0.5,1.0.0,2026-07-29T15:06:59.847491+00:00,batch_20260729_150659_a047a5
5271-YNWVR,0.0692,0,0.5,1.0.0,2026-07-29T15:06:59.847491+00:00,batch_20260729_150659_a047a5
7601-DHFWZ,0.0077,0,0.5,1.0.0,2026-07-29T15:06:59.847491+00:00,batch_20260729_150659_a047a5
2657-ALMWY,0.4587,0,0.5,1.0.0,2026-07-29T15:06:59.847491+00:00,batch_20260729_150659_a047a5
6330-JKLPC,0.5784,1,0.5,1.0.0,2026-07-29T15:06:59.847491+00:00,batch_20260729_150659_a047a5
4667-OHGKG,0.256,0,0.5,1.0.0,2026-07-29T15:06:59.847491+00:00,batch_20260729_150659_a047a5
1998-VHJHK,0.0306,0,0.5,1.0.0,2026-07-29T15:06:59.847491+00:00,batch_20260729_150659_a047a5
1707-HABPF,0.1798,0,0.5,1.0.0,2026-07-29T15:06:59.847491+00:00,batch_20260729_150659_a047a5
1660-HSOOQ,0.444,0,0.5,1.0.0,2026-07-29T15:06:59.847491+00:00,batch_20260729_150659_a047a5
7253-UVNDW,0.0139,0,0.5,1.0.0,2026-07-29T15:06:59.847491+00:00,batch_20260729_150659_a047a5
0487-VVUVK,0.0823,0,0.5,1.0.0,2026-07-29T15:06:59.847491+00:00,batch_20260729_150659_a047a5
7228-OMTPN,0.7825,1,0.5,1.0.0,2026-07-29T15:06:59.847491+00:00,batch_20260729_150659_a047a5
5063-IUOKK,0.0309,0,0.5,1.0.0,2026-07-29T15:06:59.847491+00:00,batch_20260729_150659_a047a5
4508-OEBEY,0.0619,0,0.5,1.0.0,2026-07-29T15:06:59.847491+00:00,batch_20260729_150659_a047a5
0027-KWYKW,0.6046,1,0.5,1.0.0,2026-07-29T15:06:59.847491+00:00,batch_20260729_150659_a047a5
2308-STERM,0.1823,0,0.5,1.0.0,2026-07-29T15:06:59.847491+00:00,batch_20260729_150659_a047a5
5982-XMDEX,0.0038,0,0.5,1.0.0,2026-07-29T15:06:59.847491+00:00,batch_20260729_150659_a047a5
6284-AHOOQ,0.4835,0,0.5,1.0.0,2026-07-29T15:06:59.847491+00:00,batch_20260729_150659_a047a5
6051-PTVNS,0.0063,0,0.5,1.0.0,2026-07-29T15:06:59.847491+00:00,batch_20260729_150659_a047a5
2344-JMOGN,0.509,1,0.5,1.0.0,2026-07-29T15:06:59.847491+00:00,batch_20260729_150659_a047a5
3799-ISUZQ,0.5316,1,0.5,1.0.0,2026-07-29T15:06:59.847491+00:00,batch_20260729_150659_a047a5
2877-VDUER,0.0635,0,0.5,1.0.0,2026-07-29T15:06:59.847491+00:00,batch_20260729_150659_a047a5
9152-AMKAK,0.1062,0,0.5,1.0.0,2026-07-29T15:06:59.847491+00:00,batch_20260729_150659_a047a5
1794-HBQTJ,0.3432,0,0.5,1.0.0,2026-07-29T15:06:59.847491+00:00,batch_20260729_150659_a047a5
9432-VOFYX,0.595,1,0.5,1.0.0,2026-07-29T15:06:59.847491+00:00,batch_20260729_150659_a047a5
8049-WJCLQ,0.2746,0,0.5,1.0.0,2026-07-29T15:06:59.847491+00:00,batch_20260729_150659_a047a5
6586-PSJOX,0.0673,0,0.5,1.0.0,2026-07-29T15:06:59.847491+00:00,batch_20260729_150659_a047a5
2460-FPSYH,0.2875,0,0.5,1.0.0,2026-07-29T15:06:59.847491+00:00,batch_20260729_150659_a047a5
9705-ZJBCG,0.052,0,0.5,1.0.0,2026-07-29T15:06:59.847491+00:00,batch_20260729_150659_a047a5
4818-DRBQT,0.4286,0,0.5,1.0.0,2026-07-29T15:06:59.847491+00:00,batch_20260729_150659_a047a5
1320-HTRDR,0.7493,1,0.5,1.0.0,2026-07-29T15:06:59.847491+00:00,batch_20260729_150659_a047a5
6847-KJLTS,0.3161,0,0.5,1.0.0,2026-07-29T15:06:59.847491+00:00,batch_20260729_150659_a047a5
9670-BPNXF,0.027,0,0.5,1.0.0,2026-07-29T15:06:59.847491+00:00,batch_20260729_150659_a047a5
3913-FCUUW,0.0063,0,0.5,1.0.0,2026-07-29T15:06:59.847491+00:00,batch_20260729_150659_a047a5
3301-VKTGC,0.0546,0,0.5,1.0.0,2026-07-29T15:06:59.847491+00:00,batch_20260729_150659_a047a5
1493-AMTIE,0.2491,0,0.5,1.0.0,2026-07-29T15:06:59.847491+00:00,batch_20260729_150659_a047a5
9555-SAHUZ,0.0799,0,0.5,1.0.0,2026-07-29T15:06:59.847491+00:00,batch_20260729_150659_a047a5
0816-TSPHQ,0.1829,0,0.5,1.0.0,2026-07-29T15:06:59.847491+00:00,batch_20260729_150659_a047a5
9932-WBWIK,0.128,0,0.5,1.0.0,2026-07-29T15:06:59.847491+00:00,batch_20260729_150659_a047a5
4619-EVPHY,0.4193,0,0.5,1.0.0,2026-07-29T15:06:59.847491+00:00,batch_20260729_150659_a047a5
5286-YHCVC,0.0942,0,0.5,1.0.0,2026-07-29T15:06:59.847491+00:00,batch_20260729_150659_a047a5
6424-ELEYH,0.6701,1,0.5,1.0.0,2026-07-29T15:06:59.847491+00:00,batch_20260729_150659_a047a5
4391-RESHN,0.5709,1,0.5,1.0.0,2026-07-29T15:06:59.847491+00:00,batch_20260729_150659_a047a5
9115-YQHGA,0.14,0,0.5,1.0.0,2026-07-29T15:06:59.847491+00:00,batch_20260729_150659_a047a5
4462-CYWMH,0.2761,0,0.5,1.0.0,2026-07-29T15:06:59.847491+00:00,batch_20260729_150659_a047a5
8963-MQVYN,0.1272,0,0.5,1.0.0,2026-07-29T15:06:59.847491+00:00,batch_20260729_150659_a047a5
2458-EOMRE,0.2429,0,0.5,1.0.0,2026-07-29T15:06:59.847491+00:00,batch_20260729_150659_a047a5
9334-GWGOW,0.7231,1,0.5,1.0.0,2026-07-29T15:06:59.847491+00:00,batch_20260729_150659_a047a5
6821-BUXUX,0.6292,1,0.5,1.0.0,2026-07-29T15:06:59.847491+00:00,batch_20260729_150659_a047a5
5028-HTLJB,0.1892,0,0.5,1.0.0,2026-07-29T15:06:59.847491+00:00,batch_20260729_150659_a047a5
9801-GDWGV,0.601,1,0.5,1.0.0,2026-07-29T15:06:59.847491+00:00,batch_20260729_150659_a047a5
6542-LWGXJ,0.4639,0,0.5,1.0.0,2026-07-29T15:06:59.847491+00:00,batch_20260729_150659_a047a5
5567-GZKQY,0.0037,0,0.5,1.0.0,2026-07-29T15:06:59.847491+00:00,batch_20260729_150659_a047a5
1222-LRYKO,0.1576,0,0.5,1.0.0,2026-07-29T15:06:59.847491+00:00,batch_20260729_150659_a047a5
2320-JRSDE,0.2788,0,0.5,1.0.0,2026-07-29T15:06:59.847491+00:00,batch_20260729_150659_a047a5
2087-QAREY,0.2348,0,0.5,1.0.0,2026-07-29T15:06:59.847491+00:00,batch_20260729_150659_a047a5
0601-WZHJF,0.554,1,0.5,1.0.0,2026-07-29T15:06:59.847491+00:00,batch_20260729_150659_a047a5
4423-JWZJN,0.0892,0,0.5,1.0.0,2026-07-29T15:06:59.847491+00:00,batch_20260729_150659_a047a5
5143-WMWOG,0.2464,0,0.5,1.0.0,2026-07-29T15:06:59.847491+00:00,batch_20260729_150659_a047a5
6490-FGZAT,0.1563,0,0.5,1.0.0,2026-07-29T15:06:59.847491+00:00,batch_20260729_150659_a047a5
5393-RXQSZ,0.6836,1,0.5,1.0.0,2026-07-29T15:06:59.847491+00:00,batch_20260729_150659_a047a5
7452-FOLON,0.0178,0,0.5,1.0.0,2026-07-29T15:06:59.847491+00:00,batch_20260729_150659_a047a5
2320-TZRRH,0.0423,0,0.5,1.0.0,2026-07-29T15:06:59.847491+00:00,batch_20260729_150659_a047a5
0231-LXVAP,0.6291,1,0.5,1.0.0,2026-07-29T15:06:59.847491+00:00,batch_20260729_150659_a047a5
9444-JTXHZ,0.6384,1,0.5,1.0.0,2026-07-29T15:06:59.847491+00:00,batch_20260729_150659_a047a5
4942-VZZOM,0.0401,0,0.5,1.0.0,2026-07-29T15:06:59.847491+00:00,batch_20260729_150659_a047a5
5510-BOIUJ,0.1547,0,0.5,1.0.0,2026-07-29T15:06:59.847491+00:00,batch_20260729_150659_a047a5
7502-BNYGS,0.1716,0,0.5,1.0.0,2026-07-29T15:06:59.847491+00:00,batch_20260729_150659_a047a5
4291-HYEBC,0.1971,0,0.5,1.0.0,2026-07-29T15:06:59.847491+00:00,batch_20260729_150659_a047a5
6147-CBCRA,0.0509,0,0.5,1.0.0,2026-07-29T15:06:59.847491+00:00,batch_20260729_150659_a047a5
6047-SUHPR,0.039,0,0.5,1.0.0,2026-07-29T15:06:59.847491+00:00,batch_20260729_150659_a047a5
4471-KXAUH,0.3743,0,0.5,1.0.0,2026-07-29T15:06:59.847491+00:00,batch_20260729_150659_a047a5
9752-ZNQUT,0.485,0,0.5,1.0.0,2026-07-29T15:06:59.847491+00:00,batch_20260729_150659_a047a5
7638-QVMVY,0.7181,1,0.5,1.0.0,2026-07-29T15:06:59.847491+00:00,batch_20260729_150659_a047a5
1576-PFZIW,0.0417,0,0.5,1.0.0,2026-07-29T15:06:59.847491+00:00,batch_20260729_150659_a047a5
5666-MBJPT,0.0056,0,0.5,1.0.0,2026-07-29T15:06:59.847491+00:00,batch_20260729_150659_a047a5
7312-XSBAT,0.3454,0,0.5,1.0.0,2026-07-29T15:06:59.847491+00:00,batch_20260729_150659_a047a5
3096-GKWEB,0.7536,1,0.5,1.0.0,2026-07-29T15:06:59.847491+00:00,batch_20260729_150659_a047a5
2371-JQHZZ,0.717,1,0.5,1.0.0,2026-07-29T15:06:59.847491+00:00,batch_20260729_150659_a047a5
0674-GCDXG,0.0153,0,0.5,1.0.0,2026-07-29T15:06:59.847491+00:00,batch_20260729_150659_a047a5
1121-QSIVB,0.1064,0,0.5,1.0.0,2026-07-29T15:06:59.847491+00:00,batch_20260729_150659_a047a5
4396-KLSEH,0.2956,0,0.5,1.0.0,2026-07-29T15:06:59.847491+00:00,batch_20260729_150659_a047a5
3244-DCJWY,0.718,1,0.5,1.0.0,2026-07-29T15:06:59.847491+00:00,batch_20260729_150659_a047a5
2824-MYYBN,0.5718,1,0.5,1.0.0,2026-07-29T15:06:59.847491+00:00,batch_20260729_150659_a047a5
0875-CABNR,0.6222,1,0.5,1.0.0,2026-07-29T15:06:59.847491+00:00,batch_20260729_150659_a047a5
6345-HOVES,0.23,0,0.5,1.0.0,2026-07-29T15:06:59.847491+00:00,batch_20260729_150659_a047a5
8318-LCNBW,0.109,0,0.5,1.0.0,2026-07-29T15:06:59.847491+00:00,batch_20260729_150659_a047a5
6469-QJKZW,0.2242,0,0.5,1.0.0,2026-07-29T15:06:59.847491+00:00,batch_20260729_150659_a047a5
0147-ESWWR,0.5415,1,0.5,1.0.0,2026-07-29T15:06:59.847491+00:00,batch_20260729_150659_a047a5
1217-VASWC,0.2524,0,0.5,1.0.0,2026-07-29T15:06:59.847491+00:00,batch_20260729_150659_a047a5
7812-FZHPE,0.1009,0,0.5,1.0.0,2026-07-29T15:06:59.847491+00:00,batch_20260729_150659_a047a5
6370-ZVHDV,0.0045,0,0.5,1.0.0,2026-07-29T15:06:59.847491+00:00,batch_20260729_150659_a047a5
5915-DGNVC,0.0586,0,0.5,1.0.0,2026-07-29T15:06:59.847491+00:00,batch_20260729_150659_a047a5
6260-XLACS,0.0856,0,0.5,1.0.0,2026-07-29T15:06:59.847491+00:00,batch_20260729_150659_a047a5
3566-CAAYU,0.0148,0,0.5,1.0.0,2026-07-29T15:06:59.847491+00:00,batch_20260729_150659_a047a5
4983-CCWMC,0.6277,1,0.5,1.0.0,2026-07-29T15:06:59.847491+00:00,batch_20260729_150659_a047a5
9103-CXVOK,0.2067,0,0.5,1.0.0,2026-07-29T15:06:59.847491+00:00,batch_20260729_150659_a047a5
2896-TBNBE,0.1604,0,0.5,1.0.0,2026-07-29T15:06:59.847491+00:00,batch_20260729_150659_a047a5
4797-AXPXK,0.2594,0,0.5,1.0.0,2026-07-29T15:06:59.847491+00:00,batch_20260729_150659_a047a5
5229-PRWKT,0.7642,1,0.5,1.0.0,2026-07-29T15:06:59.847491+00:00,batch_20260729_150659_a047a5
6982-UQZLY,0.2602,0,0.5,1.0.0,2026-07-29T15:06:59.847491+00:00,batch_20260729_150659_a047a5
2522-WLNSF,0.0551,0,0.5,1.0.0,2026-07-29T15:06:59.847491+00:00,batch_20260729_150659_a047a5
3841-CONLJ,0.6262,1,0.5,1.0.0,2026-07-29T15:06:59.847491+00:00,batch_20260729_150659_a047a5
5057-LCOUI,0.4106,0,0.5,1.0.0,2026-07-29T15:06:59.847491+00:00,batch_20260729_150659_a047a5
0193-ESZXP,0.1,0,0.5,1.0.0,2026-07-29T15:06:59.847491+00:00,batch_20260729_150659_a047a5
4475-NVTLU,0.008,0,0.5,1.0.0,2026-07-29T15:06:59.847491+00:00,batch_20260729_150659_a047a5
4369-HTUIF,0.5638,1,0.5,1.0.0,2026-07-29T15:06:59.847491+00:00,batch_20260729_150659_a047a5
9386-LDCZR,0.0822,0,0.5,1.0.0,2026-07-29T15:06:59.847491+00:00,batch_20260729_150659_a047a5
9585-KKMFD,0.0103,0,0.5,1.0.0,2026-07-29T15:06:59.847491+00:00,batch_20260729_150659_a047a5
5399-ZIMKF,0.655,1,0.5,1.0.0,2026-07-29T15:06:59.847491+00:00,batch_20260729_150659_a047a5
0336-KXKFK,0.0166,0,0.5,1.0.0,2026-07-29T15:06:59.847491+00:00,batch_20260729_150659_a047a5
5619-XZZKR,0.0848,0,0.5,1.0.0,2026-07-29T15:06:59.847491+00:00,batch_20260729_150659_a047a5
3948-FVVRP,0.1498,0,0.5,1.0.0,2026-07-29T15:06:59.847491+00:00,batch_20260729_150659_a047a5
5327-XOKKY,0.0309,0,0.5,1.0.0,2026-07-29T15:06:59.847491+00:00,batch_20260729_150659_a047a5
0983-TATYJ,0.0666,0,0.5,1.0.0,2026-07-29T15:06:59.847491+00:00,batch_20260729_150659_a047a5
1813-JYWTO,0.0242,0,0.5,1.0.0,2026-07-29T15:06:59.847491+00:00,batch_20260729_150659_a047a5
0156-FVPTA,0.1877,0,0.5,1.0.0,2026-07-29T15:06:59.847491+00:00,batch_20260729_150659_a047a5
1984-FCOWB,0.1833,0,0.5,1.0.0,2026-07-29T15:06:59.847491+00:00,batch_20260729_150659_a047a5
0654-HMSHN,0.5719,1,0.5,1.0.0,2026-07-29T15:06:59.847491+00:00,batch_20260729_150659_a047a5
6719-OXYBR,0.5772,1,0.5,1.0.0,2026-07-29T15:06:59.847491+00:00,batch_20260729_150659_a047a5
3312-ZWLGF,0.4673,0,0.5,1.0.0,2026-07-29T15:06:59.847491+00:00,batch_20260729_150659_a047a5
6476-YHMGA,0.1834,0,0.5,1.0.0,2026-07-29T15:06:59.847491+00:00,batch_20260729_150659_a047a5
5287-QWLKY,0.2024,0,0.5,1.0.0,2026-07-29T15:06:59.847491+00:00,batch_20260729_150659_a047a5
0795-XCCTE,0.0027,0,0.5,1.0.0,2026-07-29T15:06:59.847491+00:00,batch_20260729_150659_a047a5
0168-XZKBB,0.694,1,0.5,1.0.0,2026-07-29T15:06:59.847491+00:00,batch_20260729_150659_a047a5
3785-NRHYR,0.1888,0,0.5,1.0.0,2026-07-29T15:06:59.847491+00:00,batch_20260729_150659_a047a5
5196-SGOAK,0.6858,1,0.5,1.0.0,2026-07-29T15:06:59.847491+00:00,batch_20260729_150659_a047a5
4537-DKTAL,0.4192,0,0.5,1.0.0,2026-07-29T15:06:59.847491+00:00,batch_20260729_150659_a047a5
7072-MBHEV,0.5518,1,0.5,1.0.0,2026-07-29T15:06:59.847491+00:00,batch_20260729_150659_a047a5
5602-BVFMK,0.0599,0,0.5,1.0.0,2026-07-29T15:06:59.847491+00:00,batch_20260729_150659_a047a5
6297-NOOPG,0.1069,0,0.5,1.0.0,2026-07-29T15:06:59.847491+00:00,batch_20260729_150659_a047a5
1891-UAWWU,0.6145,1,0.5,1.0.0,2026-07-29T15:06:59.847491+00:00,batch_20260729_150659_a047a5
8204-TIFGJ,0.107,0,0.5,1.0.0,2026-07-29T15:06:59.847491+00:00,batch_20260729_150659_a047a5
8050-DVOJX,0.0166,0,0.5,1.0.0,2026-07-29T15:06:59.847491+00:00,batch_20260729_150659_a047a5
6108-OQZDQ,0.7545,1,0.5,1.0.0,2026-07-29T15:06:59.847491+00:00,batch_20260729_150659_a047a5
0363-QJVFX,0.3701,0,0.5,1.0.0,2026-07-29T15:06:59.847491+00:00,batch_20260729_150659_a047a5
8903-XEBGX,0.5161,1,0.5,1.0.0,2026-07-29T15:06:59.847491+00:00,batch_20260729_150659_a047a5
8169-SAEJD,0.0153,0,0.5,1.0.0,2026-07-29T15:06:59.847491+00:00,batch_20260729_150659_a047a5
9840-DVNDC,0.6424,1,0.5,1.0.0,2026-07-29T15:06:59.847491+00:00,batch_20260729_150659_a047a5
1089-XZWHH,0.0221,0,0.5,1.0.0,2026-07-29T15:06:59.847491+00:00,batch_20260729_150659_a047a5
2325-WINES,0.3682,0,0.5,1.0.0,2026-07-29T15:06:59.847491+00:00,batch_20260729_150659_a047a5
6064-ZATLR,0.0262,0,0.5,1.0.0,2026-07-29T15:06:59.847491+00:00,batch_20260729_150659_a047a5
3096-JRDSO,0.4463,0,0.5,1.0.0,2026-07-29T15:06:59.847491+00:00,batch_20260729_150659_a047a5
7824-PANSQ,0.1377,0,0.5,1.0.0,2026-07-29T15:06:59.847491+00:00,batch_20260729_150659_a047a5
8042-JVNFH,0.6464,1,0.5,1.0.0,2026-07-29T15:06:59.847491+00:00,batch_20260729_150659_a047a5
9648-BCHKM,0.0349,0,0.5,1.0.0,2026-07-29T15:06:59.847491+00:00,batch_20260729_150659_a047a5
2888-ADFAO,0.0076,0,0.5,1.0.0,2026-07-29T15:06:59.847491+00:00,batch_20260729_150659_a047a5
8707-HOEDG,0.085,0,0.5,1.0.0,2026-07-29T15:06:59.847491+00:00,batch_20260729_150659_a047a5
3374-LXDEV,0.4587,0,0.5,1.0.0,2026-07-29T15:06:59.847491+00:00,batch_20260729_150659_a047a5
4072-IPYLT,0.0672,0,0.5,1.0.0,2026-07-29T15:06:59.847491+00:00,batch_20260729_150659_a047a5
7167-PCEYD,0.0038,0,0.5,1.0.0,2026-07-29T15:06:59.847491+00:00,batch_20260729_150659_a047a5
4936-YPJNK,0.1853,0,0.5,1.0.0,2026-07-29T15:06:59.847491+00:00,batch_20260729_150659_a047a5
1580-BMCMR,0.5673,1,0.5,1.0.0,2026-07-29T15:06:59.847491+00:00,batch_20260729_150659_a047a5
4817-KEQSP,0.0016,0,0.5,1.0.0,2026-07-29T15:06:59.847491+00:00,batch_20260729_150659_a047a5
6408-WHTEF,0.0134,0,0.5,1.0.0,2026-07-29T15:06:59.847491+00:00,batch_20260729_150659_a047a5
9251-AWQGT,0.005,0,0.5,1.0.0,2026-07-29T15:06:59.847491+00:00,batch_20260729_150659_a047a5
8749-CLJXC,0.1892,0,0.5,1.0.0,2026-07-29T15:06:59.847491+00:00,batch_20260729_150659_a047a5
7989-VCQOH,0.212,0,0.5,1.0.0,2026-07-29T15:06:59.847491+00:00,batch_20260729_150659_a047a5
5049-GLYVG,0.1897,0,0.5,1.0.0,2026-07-29T15:06:59.847491+00:00,batch_20260729_150659_a047a5
4199-QHJNM,0.05,0,0.5,1.0.0,2026-07-29T15:06:59.847491+00:00,batch_20260729_150659_a047a5
8882-TLVRW,0.0049,0,0.5,1.0.0,2026-07-29T15:06:59.847491+00:00,batch_20260729_150659_a047a5
5883-GTGVD,0.7218,1,0.5,1.0.0,2026-07-29T15:06:59.847491+00:00,batch_20260729_150659_a047a5
5135-GRQJV,0.0581,0,0.5,1.0.0,2026-07-29T15:06:59.847491+00:00,batch_20260729_150659_a047a5
2384-OVPSA,0.0098,0,0.5,1.0.0,2026-07-29T15:06:59.847491+00:00,batch_20260729_150659_a047a5
1371-WEPDS,0.0917,0,0.5,1.0.0,2026-07-29T15:06:59.847491+00:00,batch_20260729_150659_a047a5
3580-GICBM,0.0053,0,0.5,1.0.0,2026-07-29T15:06:59.847491+00:00,batch_20260729_150659_a047a5
4817-QRJSX,0.5805,1,0.5,1.0.0,2026-07-29T15:06:59.847491+00:00,batch_20260729_150659_a047a5
9730-DRTMJ,0.0816,0,0.5,1.0.0,2026-07-29T15:06:59.847491+00:00,batch_20260729_150659_a047a5
4686-UXDML,0.6152,1,0.5,1.0.0,2026-07-29T15:06:59.847491+00:00,batch_20260729_150659_a047a5
3349-ANQNH,0.3126,0,0.5,1.0.0,2026-07-29T15:06:59.847491+00:00,batch_20260729_150659_a047a5
2398-YPMUR,0.6294,1,0.5,1.0.0,2026-07-29T15:06:59.847491+00:00,batch_20260729_150659_a047a5
0932-YIXYU,0.0063,0,0.5,1.0.0,2026-07-29T15:06:59.847491+00:00,batch_20260729_150659_a047a5
7480-SPLEF,0.0037,0,0.5,1.0.0,2026-07-29T15:06:59.847491+00:00,batch_20260729_150659_a047a5
7636-XUHWW,0.2371,0,0.5,1.0.0,2026-07-29T15:06:59.847491+00:00,batch_20260729_150659_a047a5
1431-CYWMH,0.0629,0,0.5,1.0.0,2026-07-29T15:06:59.847491+00:00,batch_20260729_150659_a047a5
5937-EORGB,0.6544,1,0.5,1.0.0,2026-07-29T15:06:59.847491+00:00,batch_20260729_150659_a047a5
6349-JDHQP,0.0047,0,0.5,1.0.0,2026-07-29T15:06:59.847491+00:00,batch_20260729_150659_a047a5
5539-HIVAK,0.0812,0,0.5,1.0.0,2026-07-29T15:06:59.847491+00:00,batch_20260729_150659_a047a5
5847-MXBEO,0.0391,0,0.5,1.0.0,2026-07-29T15:06:59.847491+00:00,batch_20260729_150659_a047a5
9985-MWVIX,0.6447,1,0.5,1.0.0,2026-07-29T15:06:59.847491+00:00,batch_20260729_150659_a047a5
4583-PARNH,0.5883,1,0.5,1.0.0,2026-07-29T15:06:59.847491+00:00,batch_20260729_150659_a047a5
1116-FRYVH,0.01,0,0.5,1.0.0,2026-07-29T15:06:59.847491+00:00,batch_20260729_150659_a047a5
1421-HCERK,0.339,0,0.5,1.0.0,2026-07-29T15:06:59.847491+00:00,batch_20260729_150659_a047a5
9633-XQABV,0.7046,1,0.5,1.0.0,2026-07-29T15:06:59.847491+00:00,batch_20260729_150659_a047a5
0716-BQNDX,0.0585,0,0.5,1.0.0,2026-07-29T15:06:59.847491+00:00,batch_20260729_150659_a047a5
1265-XTECC,0.101,0,0.5,1.0.0,2026-07-29T15:06:59.847491+00:00,batch_20260729_150659_a047a5
1183-CANVH,0.0787,0,0.5,1.0.0,2026-07-29T15:06:59.847491+00:00,batch_20260729_150659_a047a5
1972-XMUWV,0.0133,0,0.5,1.0.0,2026-07-29T15:06:59.847491+00:00,batch_20260729_150659_a047a5
8679-LZBMD,0.2568,0,0.5,1.0.0,2026-07-29T15:06:59.847491+00:00,batch_20260729_150659_a047a5
3407-JMJQQ,0.0594,0,0.5,1.0.0,2026-07-29T15:06:59.847491+00:00,batch_20260729_150659_a047a5
6252-DFGTK,0.0378,0,0.5,1.0.0,2026-07-29T15:06:59.847491+00:00,batch_20260729_150659_a047a5
1539-LNKHM,0.1237,0,0.5,1.0.0,2026-07-29T15:06:59.847491+00:00,batch_20260729_150659_a047a5
8645-KOMJQ,0.0174,0,0.5,1.0.0,2026-07-29T15:06:59.847491+00:00,batch_20260729_150659_a047a5
0289-IVARM,0.1119,0,0.5,1.0.0,2026-07-29T15:06:59.847491+00:00,batch_20260729_150659_a047a5
9761-XUJWD,0.3217,0,0.5,1.0.0,2026-07-29T15:06:59.847491+00:00,batch_20260729_150659_a047a5
4057-FKCZK,0.0528,0,0.5,1.0.0,2026-07-29T15:06:59.847491+00:00,batch_20260729_150659_a047a5
4291-TPNFG,0.0123,0,0.5,1.0.0,2026-07-29T15:06:59.847491+00:00,batch_20260729_150659_a047a5
6087-YPWHO,0.0051,0,0.5,1.0.0,2026-07-29T15:06:59.847491+00:00,batch_20260729_150659_a047a5
3090-QFUVD,0.1807,0,0.5,1.0.0,2026-07-29T15:06:59.847491+00:00,batch_20260729_150659_a047a5
2237-ZFSMY,0.184,0,0.5,1.0.0,2026-07-29T15:06:59.847491+00:00,batch_20260729_150659_a047a5
1722-LDZJS,0.0072,0,0.5,1.0.0,2026-07-29T15:06:59.847491+00:00,batch_20260729_150659_a047a5
1818-ESQMW,0.4912,0,0.5,1.0.0,2026-07-29T15:06:59.847491+00:00,batch_20260729_150659_a047a5
4871-JTKJF,0.7172,1,0.5,1.0.0,2026-07-29T15:06:59.847491+00:00,batch_20260729_150659_a047a5
1415-YFWLT,0.798,1,0.5,1.0.0,2026-07-29T15:06:59.847491+00:00,batch_20260729_150659_a047a5
7401-RUBNK,0.413,0,0.5,1.0.0,2026-07-29T15:06:59.847491+00:00,batch_20260729_150659_a047a5
0506-YLVKJ,0.0081,0,0.5,1.0.0,2026-07-29T15:06:59.847491+00:00,batch_20260729_150659_a047a5
8661-BOYNW,0.0175,0,0.5,1.0.0,2026-07-29T15:06:59.847491+00:00,batch_20260729_150659_a047a5
6711-VTNRE,0.4149,0,0.5,1.0.0,2026-07-29T15:06:59.847491+00:00,batch_20260729_150659_a047a5
4815-GBTCD,0.6322,1,0.5,1.0.0,2026-07-29T15:06:59.847491+00:00,batch_20260729_150659_a047a5
2805-AUFQN,0.0168,0,0.5,1.0.0,2026-07-29T15:06:59.847491+00:00,batch_20260729_150659_a047a5
0980-PVMRC,0.3104,0,0.5,1.0.0,2026-07-29T15:06:59.847491+00:00,batch_20260729_150659_a047a5
7233-DRTRF,0.4398,0,0.5,1.0.0,2026-07-29T15:06:59.847491+00:00,batch_20260729_150659_a047a5
3500-RMZLT,0.4204,0,0.5,1.0.0,2026-07-29T15:06:59.847491+00:00,batch_20260729_150659_a047a5
3873-NFTGI,0.3284,0,0.5,1.0.0,2026-07-29T15:06:59.847491+00:00,batch_20260729_150659_a047a5
1162-ECVII,0.0712,0,0.5,1.0.0,2026-07-29T15:06:59.847491+00:00,batch_20260729_150659_a047a5
7048-GXDAY,0.5196,1,0.5,1.0.0,2026-07-29T15:06:59.847491+00:00,batch_20260729_150659_a047a5
8571-ZCMCX,0.0406,0,0.5,1.0.0,2026-07-29T15:06:59.847491+00:00,batch_20260729_150659_a047a5
1169-WCVAK,0.3317,0,0.5,1.0.0,2026-07-29T15:06:59.847491+00:00,batch_20260729_150659_a047a5
4548-SDBKE,0.7789,1,0.5,1.0.0,2026-07-29T15:06:59.847491+00:00,batch_20260729_150659_a047a5
8066-POXGX,0.5941,1,0.5,1.0.0,2026-07-29T15:06:59.847491+00:00,batch_20260729_150659_a047a5
7129-CAKJW,0.4681,0,0.5,1.0.0,2026-07-29T15:06:59.847491+00:00,batch_20260729_150659_a047a5
8695-ARGXZ,0.5089,1,0.5,1.0.0,2026-07-29T15:06:59.847491+00:00,batch_20260729_150659_a047a5
3570-YUEKJ,0.1575,0,0.5,1.0.0,2026-07-29T15:06:59.847491+00:00,batch_20260729_150659_a047a5
4143-OOBWZ,0.7102,1,0.5,1.0.0,2026-07-29T15:06:59.847491+00:00,batch_20260729_150659_a047a5
1555-HAPSU,0.0021,0,0.5,1.0.0,2026-07-29T15:06:59.847491+00:00,batch_20260729_150659_a047a5
1697-NVVGY,0.1958,0,0.5,1.0.0,2026-07-29T15:06:59.847491+00:00,batch_20260729_150659_a047a5
7854-EKTJL,0.2667,0,0.5,1.0.0,2026-07-29T15:06:59.847491+00:00,batch_20260729_150659_a047a5
8464-EETCQ,0.0038,0,0.5,1.0.0,2026-07-29T15:06:59.847491+00:00,batch_20260729_150659_a047a5
2419-FSORS,0.0958,0,0.5,1.0.0,2026-07-29T15:06:59.847491+00:00,batch_20260729_150659_a047a5
8132-YPVBX,0.6274,1,0.5,1.0.0,2026-07-29T15:06:59.847491+00:00,batch_20260729_150659_a047a5
9102-IAYHT,0.6615,1,0.5,1.0.0,2026-07-29T15:06:59.847491+00:00,batch_20260729_150659_a047a5
6754-LZUKA,0.0294,0,0.5,1.0.0,2026-07-29T15:06:59.847491+00:00,batch_20260729_150659_a047a5
3422-LYEPQ,0.6712,1,0.5,1.0.0,2026-07-29T15:06:59.847491+00:00,batch_20260729_150659_a047a5
8099-MZPUJ,0.0504,0,0.5,1.0.0,2026-07-29T15:06:59.847491+00:00,batch_20260729_150659_a047a5
0787-LHDYT,0.1406,0,0.5,1.0.0,2026-07-29T15:06:59.847491+00:00,batch_20260729_150659_a047a5
2642-DTVCO,0.7574,1,0.5,1.0.0,2026-07-29T15:06:59.847491+00:00,batch_20260729_150659_a047a5
0374-IOEGQ,0.4076,0,0.5,1.0.0,2026-07-29T15:06:59.847491+00:00,batch_20260729_150659_a047a5
4361-JEIVL,0.4662,0,0.5,1.0.0,2026-07-29T15:06:59.847491+00:00,batch_20260729_150659_a047a5
3197-NNYNB,0.0745,0,0.5,1.0.0,2026-07-29T15:06:59.847491+00:00,batch_20260729_150659_a047a5
3396-DKDEL,0.0477,0,0.5,1.0.0,2026-07-29T15:06:59.847491+00:00,batch_20260729_150659_a047a5
1752-OZXFY,0.0342,0,0.5,1.0.0,2026-07-29T15:06:59.847491+00:00,batch_20260729_150659_a047a5
9066-QRSDU,0.013,0,0.5,1.0.0,2026-07-29T15:06:59.847491+00:00,batch_20260729_150659_a047a5
9112-WSNPU,0.3434,0,0.5,1.0.0,2026-07-29T15:06:59.847491+00:00,batch_20260729_150659_a047a5
9867-NNXLC,0.1161,0,0.5,1.0.0,2026-07-29T15:06:59.847491+00:00,batch_20260729_150659_a047a5
5321-NTRKC,0.0193,0,0.5,1.0.0,2026-07-29T15:06:59.847491+00:00,batch_20260729_150659_a047a5
1363-TXLSL,0.7205,1,0.5,1.0.0,2026-07-29T15:06:59.847491+00:00,batch_20260729_150659_a047a5
9507-EXLTT,0.684,1,0.5,1.0.0,2026-07-29T15:06:59.847491+00:00,batch_20260729_150659_a047a5
3161-GETRM,0.4486,0,0.5,1.0.0,2026-07-29T15:06:59.847491+00:00,batch_20260729_150659_a047a5
0402-OAMEN,0.0021,0,0.5,1.0.0,2026-07-29T15:06:59.847491+00:00,batch_20260729_150659_a047a5
6933-VLYFX,0.1035,0,0.5,1.0.0,2026-07-29T15:06:59.847491+00:00,batch_20260729_150659_a047a5
6754-WKSHP,0.0264,0,0.5,1.0.0,2026-07-29T15:06:59.847491+00:00,batch_20260729_150659_a047a5
9846-GKXAS,0.6815,1,0.5,1.0.0,2026-07-29T15:06:59.847491+00:00,batch_20260729_150659_a047a5
6017-PPLPX,0.5162,1,0.5,1.0.0,2026-07-29T15:06:59.847491+00:00,batch_20260729_150659_a047a5
4976-LNFVV,0.3398,0,0.5,1.0.0,2026-07-29T15:06:59.847491+00:00,batch_20260729_150659_a047a5
5055-MGMGF,0.3984,0,0.5,1.0.0,2026-07-29T15:06:59.847491+00:00,batch_20260729_150659_a047a5
4641-FROLU,0.0114,0,0.5,1.0.0,2026-07-29T15:06:59.847491+00:00,batch_20260729_150659_a047a5
2862-JVEOY,0.0778,0,0.5,1.0.0,2026-07-29T15:06:59.847491+00:00,batch_20260729_150659_a047a5
2969-QWUBZ,0.6289,1,0.5,1.0.0,2026-07-29T15:06:59.847491+00:00,batch_20260729_150659_a047a5
9822-BIIGN,0.07,0,0.5,1.0.0,2026-07-29T15:06:59.847491+00:00,batch_20260729_150659_a047a5
2077-MPJQO,0.726,1,0.5,1.0.0,2026-07-29T15:06:59.847491+00:00,batch_20260729_150659_a047a5
1534-OULXE,0.0176,0,0.5,1.0.0,2026-07-29T15:06:59.847491+00:00,batch_20260729_150659_a047a5
7136-RVDTZ,0.0797,0,0.5,1.0.0,2026-07-29T15:06:59.847491+00:00,batch_20260729_150659_a047a5
2971-SGAFL,0.5073,1,0.5,1.0.0,2026-07-29T15:06:59.847491+00:00,batch_20260729_150659_a047a5
1480-IVEVR,0.255,0,0.5,1.0.0,2026-07-29T15:06:59.847491+00:00,batch_20260729_150659_a047a5
2905-KFQUV,0.6272,1,0.5,1.0.0,2026-07-29T15:06:59.847491+00:00,batch_20260729_150659_a047a5
4581-SSPWD,0.7507,1,0.5,1.0.0,2026-07-29T15:06:59.847491+00:00,batch_20260729_150659_a047a5
3370-HXOPH,0.6712,1,0.5,1.0.0,2026-07-29T15:06:59.847491+00:00,batch_20260729_150659_a047a5
9391-YZEJW,0.2036,0,0.5,1.0.0,2026-07-29T15:06:59.847491+00:00,batch_20260729_150659_a047a5
9958-MEKUC,0.0203,0,0.5,1.0.0,2026-07-29T15:06:59.847491+00:00,batch_20260729_150659_a047a5
0281-CNTZX,0.0045,0,0.5,1.0.0,2026-07-29T15:06:59.847491+00:00,batch_20260729_150659_a047a5
6927-WTFIV,0.3746,0,0.5,1.0.0,2026-07-29T15:06:59.847491+00:00,batch_20260729_150659_a047a5
4118-CEVPF,0.2037,0,0.5,1.0.0,2026-07-29T15:06:59.847491+00:00,batch_20260729_150659_a047a5
3398-ZOUAA,0.5607,1,0.5,1.0.0,2026-07-29T15:06:59.847491+00:00,batch_20260729_150659_a047a5
9114-VEPUF,0.1177,0,0.5,1.0.0,2026-07-29T15:06:59.847491+00:00,batch_20260729_150659_a047a5
7876-BEUTG,0.3608,0,0.5,1.0.0,2026-07-29T15:06:59.847491+00:00,batch_20260729_150659_a047a5
2338-BQEZT,0.0602,0,0.5,1.0.0,2026-07-29T15:06:59.847491+00:00,batch_20260729_150659_a047a5
9873-MNDKV,0.3439,0,0.5,1.0.0,2026-07-29T15:06:59.847491+00:00,batch_20260729_150659_a047a5
0378-NHQXU,0.5629,1,0.5,1.0.0,2026-07-29T15:06:59.847491+00:00,batch_20260729_150659_a047a5
8241-JUIQO,0.0064,0,0.5,1.0.0,2026-07-29T15:06:59.847491+00:00,batch_20260729_150659_a047a5
2194-IIQOF,0.0114,0,0.5,1.0.0,2026-07-29T15:06:59.847491+00:00,batch_20260729_150659_a047a5
4512-ZUIYL,0.5317,1,0.5,1.0.0,2026-07-29T15:06:59.847491+00:00,batch_20260729_150659_a047a5
9631-RXVJM,0.0112,0,0.5,1.0.0,2026-07-29T15:06:59.847491+00:00,batch_20260729_150659_a047a5
9584-EXCDZ,0.4011,0,0.5,1.0.0,2026-07-29T15:06:59.847491+00:00,batch_20260729_150659_a047a5
7969-AULMZ,0.7441,1,0.5,1.0.0,2026-07-29T15:06:59.847491+00:00,batch_20260729_150659_a047a5
5093-FEGLU,0.0063,0,0.5,1.0.0,2026-07-29T15:06:59.847491+00:00,batch_20260729_150659_a047a5
2621-UDNLU,0.1782,0,0.5,1.0.0,2026-07-29T15:06:59.847491+00:00,batch_20260729_150659_a047a5
7526-IVLYU,0.2395,0,0.5,1.0.0,2026-07-29T15:06:59.847491+00:00,batch_20260729_150659_a047a5
2428-HYUNX,0.0105,0,0.5,1.0.0,2026-07-29T15:06:59.847491+00:00,batch_20260729_150659_a047a5
9214-EKVXR,0.4406,0,0.5,1.0.0,2026-07-29T15:06:59.847491+00:00,batch_20260729_150659_a047a5
3410-MHHUM,0.2011,0,0.5,1.0.0,2026-07-29T15:06:59.847491+00:00,batch_20260729_150659_a047a5
0568-ONFPC,0.2181,0,0.5,1.0.0,2026-07-29T15:06:59.847491+00:00,batch_20260729_150659_a047a5
0733-VUNUW,0.2216,0,0.5,1.0.0,2026-07-29T15:06:59.847491+00:00,batch_20260729_150659_a047a5
4550-EVXNY,0.6667,1,0.5,1.0.0,2026-07-29T15:06:59.847491+00:00,batch_20260729_150659_a047a5
2122-YWVYA,0.505,1,0.5,1.0.0,2026-07-29T15:06:59.847491+00:00,batch_20260729_150659_a047a5
2968-SSGAA,0.7992,1,0.5,1.0.0,2026-07-29T15:06:59.847491+00:00,batch_20260729_150659_a047a5
2296-DKZFP,0.0098,0,0.5,1.0.0,2026-07-29T15:06:59.847491+00:00,batch_20260729_150659_a047a5
4844-JJWUY,0.7341,1,0.5,1.0.0,2026-07-29T15:06:59.847491+00:00,batch_20260729_150659_a047a5
6777-TGHTM,0.2247,0,0.5,1.0.0,2026-07-29T15:06:59.847491+00:00,batch_20260729_150659_a047a5
8909-BOLNL,0.0892,0,0.5,1.0.0,2026-07-29T15:06:59.847491+00:00,batch_20260729_150659_a047a5
6603-YRDCJ,0.0231,0,0.5,1.0.0,2026-07-29T15:06:59.847491+00:00,batch_20260729_150659_a047a5
3538-WZPHD,0.6022,1,0.5,1.0.0,2026-07-29T15:06:59.847491+00:00,batch_20260729_150659_a047a5
3229-USWAR,0.0807,0,0.5,1.0.0,2026-07-29T15:06:59.847491+00:00,batch_20260729_150659_a047a5
2138-VFAPZ,0.0345,0,0.5,1.0.0,2026-07-29T15:06:59.847491+00:00,batch_20260729_150659_a047a5
6131-JLWZM,0.1661,0,0.5,1.0.0,2026-07-29T15:06:59.847491+00:00,batch_20260729_150659_a047a5
4785-QRJHC,0.0948,0,0.5,1.0.0,2026-07-29T15:06:59.847491+00:00,batch_20260729_150659_a047a5
0269-XFESX,0.0376,0,0.5,1.0.0,2026-07-29T15:06:59.847491+00:00,batch_20260729_150659_a047a5
1709-EJDOX,0.0052,0,0.5,1.0.0,2026-07-29T15:06:59.847491+00:00,batch_20260729_150659_a047a5
4316-XCSLJ,0.1899,0,0.5,1.0.0,2026-07-29T15:06:59.847491+00:00,batch_20260729_150659_a047a5
8610-WFCJF,0.5048,1,0.5,1.0.0,2026-07-29T15:06:59.847491+00:00,batch_20260729_150659_a047a5
9693-XMUOB,0.2122,0,0.5,1.0.0,2026-07-29T15:06:59.847491+00:00,batch_20260729_150659_a047a5
0383-CLDDA,0.0194,0,0.5,1.0.0,2026-07-29T15:06:59.847491+00:00,batch_20260729_150659_a047a5
4905-JEFDW,0.4265,0,0.5,1.0.0,2026-07-29T15:06:59.847491+00:00,batch_20260729_150659_a047a5
2709-UQGNP,0.2846,0,0.5,1.0.0,2026-07-29T15:06:59.847491+00:00,batch_20260729_150659_a047a5
3549-ZTMNH,0.0453,0,0.5,1.0.0,2026-07-29T15:06:59.847491+00:00,batch_20260729_150659_a047a5
7881-INRLC,0.4717,0,0.5,1.0.0,2026-07-29T15:06:59.847491+00:00,batch_20260729_150659_a047a5
8033-ATFAS,0.1613,0,0.5,1.0.0,2026-07-29T15:06:59.847491+00:00,batch_20260729_150659_a047a5
1635-NZATJ,0.0028,0,0.5,1.0.0,2026-07-29T15:06:59.847491+00:00,batch_20260729_150659_a047a5
0562-HKHML,0.0021,0,0.5,1.0.0,2026-07-29T15:06:59.847491+00:00,batch_20260729_150659_a047a5
8277-RVRSV,0.0229,0,0.5,1.0.0,2026-07-29T15:06:59.847491+00:00,batch_20260729_150659_a047a5
9943-VSZUV,0.1998,0,0.5,1.0.0,2026-07-29T15:06:59.847491+00:00,batch_20260729_150659_a047a5
0117-LFRMW,0.0876,0,0.5,1.0.0,2026-07-29T15:06:59.847491+00:00,batch_20260729_150659_a047a5
6172-FECYY,0.3243,0,0.5,1.0.0,2026-07-29T15:06:59.847491+00:00,batch_20260729_150659_a047a5
7054-ENNGU,0.254,0,0.5,1.0.0,2026-07-29T15:06:59.847491+00:00,batch_20260729_150659_a047a5
1455-HFBXA,0.0497,0,0.5,1.0.0,2026-07-29T15:06:59.847491+00:00,batch_20260729_150659_a047a5
9402-CXWPL,0.1553,0,0.5,1.0.0,2026-07-29T15:06:59.847491+00:00,batch_20260729_150659_a047a5
1628-BIZYP,0.7328,1,0.5,1.0.0,2026-07-29T15:06:59.847491+00:00,batch_20260729_150659_a047a5
1965-AKTSX,0.6388,1,0.5,1.0.0,2026-07-29T15:06:59.847491+00:00,batch_20260729_150659_a047a5
0082-LDZUE,0.4411,0,0.5,1.0.0,2026-07-29T15:06:59.847491+00:00,batch_20260729_150659_a047a5
4786-UKSNZ,0.1893,0,0.5,1.0.0,2026-07-29T15:06:59.847491+00:00,batch_20260729_150659_a047a5
5343-SGUBI,0.1492,0,0.5,1.0.0,2026-07-29T15:06:59.847491+00:00,batch_20260729_150659_a047a5
0856-NAOES,0.3608,0,0.5,1.0.0,2026-07-29T15:06:59.847491+00:00,batch_20260729_150659_a047a5
1976-AZZPJ,0.3053,0,0.5,1.0.0,2026-07-29T15:06:59.847491+00:00,batch_20260729_150659_a047a5
7248-VZQLC,0.3069,0,0.5,1.0.0,2026-07-29T15:06:59.847491+00:00,batch_20260729_150659_a047a5
6156-UZDLF,0.148,0,0.5,1.0.0,2026-07-29T15:06:59.847491+00:00,batch_20260729_150659_a047a5
3099-OONVS,0.0984,0,0.5,1.0.0,2026-07-29T15:06:59.847491+00:00,batch_20260729_150659_a047a5
9500-WBGRP,0.0034,0,0.5,1.0.0,2026-07-29T15:06:59.847491+00:00,batch_20260729_150659_a047a5
5183-KLYEM,0.0522,0,0.5,1.0.0,2026-07-29T15:06:59.847491+00:00,batch_20260729_150659_a047a5
5144-PQCDZ,0.2303,0,0.5,1.0.0,2026-07-29T15:06:59.847491+00:00,batch_20260729_150659_a047a5
8514-VZHEB,0.003,0,0.5,1.0.0,2026-07-29T15:06:59.847491+00:00,batch_20260729_150659_a047a5
6625-IUTTT,0.0102,0,0.5,1.0.0,2026-07-29T15:06:59.847491+00:00,batch_20260729_150659_a047a5
9355-NPPFS,0.5815,1,0.5,1.0.0,2026-07-29T15:06:59.847491+00:00,batch_20260729_150659_a047a5
0068-FIGTF,0.0836,0,0.5,1.0.0,2026-07-29T15:06:59.847491+00:00,batch_20260729_150659_a047a5
5965-GGPRW,0.0451,0,0.5,1.0.0,2026-07-29T15:06:59.847491+00:00,batch_20260729_150659_a047a5
8035-PWSEV,0.6451,1,0.5,1.0.0,2026-07-29T15:06:59.847491+00:00,batch_20260729_150659_a047a5
2236-HILPA,0.0025,0,0.5,1.0.0,2026-07-29T15:06:59.847491+00:00,batch_20260729_150659_a047a5
1840-BIUOG,0.1871,0,0.5,1.0.0,2026-07-29T15:06:59.847491+00:00,batch_20260729_150659_a047a5
1356-MKYSK,0.2388,0,0.5,1.0.0,2026-07-29T15:06:59.847491+00:00,batch_20260729_150659_a047a5
6080-LNESI,0.0071,0,0.5,1.0.0,2026-07-29T15:06:59.847491+00:00,batch_20260729_150659_a047a5
1830-IPXVJ,0.0026,0,0.5,1.0.0,2026-07-29T15:06:59.847491+00:00,batch_20260729_150659_a047a5
5828-DWPIL,0.238,0,0.5,1.0.0,2026-07-29T15:06:59.847491+00:00,batch_20260729_150659_a047a5
8398-TBIYD,0.0259,0,0.5,1.0.0,2026-07-29T15:06:59.847491+00:00,batch_20260729_150659_a047a5
0011-IGKFF,0.7071,1,0.5,1.0.0,2026-07-29T15:06:59.847491+00:00,batch_20260729_150659_a047a5
4192-GORJT,0.7833,1,0.5,1.0.0,2026-07-29T15:06:59.847491+00:00,batch_20260729_150659_a047a5
6496-SLWHQ,0.8021,1,0.5,1.0.0,2026-07-29T15:06:59.847491+00:00,batch_20260729_150659_a047a5
9912-GVSEQ,0.6235,1,0.5,1.0.0,2026-07-29T15:06:59.847491+00:00,batch_20260729_150659_a047a5
2931-FSOHN,0.4296,0,0.5,1.0.0,2026-07-29T15:06:59.847491+00:00,batch_20260729_150659_a047a5
9418-RUKPH,0.0117,0,0.5,1.0.0,2026-07-29T15:06:59.847491+00:00,batch_20260729_150659_a047a5
5383-MMTWC,0.7621,1,0.5,1.0.0,2026-07-29T15:06:59.847491+00:00,batch_20260729_150659_a047a5
9971-ZWPBF,0.4862,0,0.5,1.0.0,2026-07-29T15:06:59.847491+00:00,batch_20260729_150659_a047a5
4712-AUQZO,0.2379,0,0.5,1.0.0,2026-07-29T15:06:59.847491+00:00,batch_20260729_150659_a047a5
9711-FJTBX,0.0641,0,0.5,1.0.0,2026-07-29T15:06:59.847491+00:00,batch_20260729_150659_a047a5
2908-ZTPNF,0.1436,0,0.5,1.0.0,2026-07-29T15:06:59.847491+00:00,batch_20260729_150659_a047a5
7240-ETPTR,0.6912,1,0.5,1.0.0,2026-07-29T15:06:59.847491+00:00,batch_20260729_150659_a047a5
2202-CUYXZ,0.7601,1,0.5,1.0.0,2026-07-29T15:06:59.847491+00:00,batch_20260729_150659_a047a5
5995-OIGLP,0.142,0,0.5,1.0.0,2026-07-29T15:06:59.847491+00:00,batch_20260729_150659_a047a5
8421-WZOOW,0.1648,0,0.5,1.0.0,2026-07-29T15:06:59.847491+00:00,batch_20260729_150659_a047a5
6261-RCVNS,0.0286,0,0.5,1.0.0,2026-07-29T15:06:59.847491+00:00,batch_20260729_150659_a047a5
7951-QKZPL,0.0186,0,0.5,1.0.0,2026-07-29T15:06:59.847491+00:00,batch_20260729_150659_a047a5
1414-YADCW,0.0121,0,0.5,1.0.0,2026-07-29T15:06:59.847491+00:00,batch_20260729_150659_a047a5
8756-RDDLT,0.0585,0,0.5,1.0.0,2026-07-29T15:06:59.847491+00:00,batch_20260729_150659_a047a5
2862-PFNIK,0.6047,1,0.5,1.0.0,2026-07-29T15:06:59.847491+00:00,batch_20260729_150659_a047a5
5816-QVHRX,0.3469,0,0.5,1.0.0,2026-07-29T15:06:59.847491+00:00,batch_20260729_150659_a047a5
4430-YHXGG,0.2298,0,0.5,1.0.0,2026-07-29T15:06:59.847491+00:00,batch_20260729_150659_a047a5
6888-SBYAI,0.3594,0,0.5,1.0.0,2026-07-29T15:06:59.847491+00:00,batch_20260729_150659_a047a5
7395-XWZOY,0.2424,0,0.5,1.0.0,2026-07-29T15:06:59.847491+00:00,batch_20260729_150659_a047a5
7169-YWAMK,0.0038,0,0.5,1.0.0,2026-07-29T15:06:59.847491+00:00,batch_20260729_150659_a047a5
3640-PHQXK,0.6225,1,0.5,1.0.0,2026-07-29T15:06:59.847491+00:00,batch_20260729_150659_a047a5
6877-LGWXO,0.5546,1,0.5,1.0.0,2026-07-29T15:06:59.847491+00:00,batch_20260729_150659_a047a5
6859-RKMZJ,0.3934,0,0.5,1.0.0,2026-07-29T15:06:59.847491+00:00,batch_20260729_150659_a047a5
2729-VNVAP,0.0093,0,0.5,1.0.0,2026-07-29T15:06:59.847491+00:00,batch_20260729_150659_a047a5
2957-JIRMN,0.1431,0,0.5,1.0.0,2026-07-29T15:06:59.847491+00:00,batch_20260729_150659_a047a5
2049-BAFNW,0.3865,0,0.5,1.0.0,2026-07-29T15:06:59.847491+00:00,batch_20260729_150659_a047a5
3842-QTGDL,0.3079,0,0.5,1.0.0,2026-07-29T15:06:59.847491+00:00,batch_20260729_150659_a047a5
7163-OCEQI,0.157,0,0.5,1.0.0,2026-07-29T15:06:59.847491+00:00,batch_20260729_150659_a047a5
9782-LGXMC,0.0324,0,0.5,1.0.0,2026-07-29T15:06:59.847491+00:00,batch_20260729_150659_a047a5
5975-BAICR,0.0626,0,0.5,1.0.0,2026-07-29T15:06:59.847491+00:00,batch_20260729_150659_a047a5
8019-ENHXU,0.4223,0,0.5,1.0.0,2026-07-29T15:06:59.847491+00:00,batch_20260729_150659_a047a5
5167-GBFRE,0.5374,1,0.5,1.0.0,2026-07-29T15:06:59.847491+00:00,batch_20260729_150659_a047a5
9033-EOXWV,0.1784,0,0.5,1.0.0,2026-07-29T15:06:59.847491+00:00,batch_20260729_150659_a047a5
4673-KKSLS,0.2469,0,0.5,1.0.0,2026-07-29T15:06:59.847491+00:00,batch_20260729_150659_a047a5
4853-OITSN,0.7151,1,0.5,1.0.0,2026-07-29T15:06:59.847491+00:00,batch_20260729_150659_a047a5
9800-OUIGR,0.0021,0,0.5,1.0.0,2026-07-29T15:06:59.847491+00:00,batch_20260729_150659_a047a5
1324-NLTJE,0.1949,0,0.5,1.0.0,2026-07-29T15:06:59.847491+00:00,batch_20260729_150659_a047a5
2324-EFHVG,0.1141,0,0.5,1.0.0,2026-07-29T15:06:59.847491+00:00,batch_20260729_150659_a047a5
7094-MSZAO,0.1469,0,0.5,1.0.0,2026-07-29T15:06:59.847491+00:00,batch_20260729_150659_a047a5
1522-VVDMG,0.541,1,0.5,1.0.0,2026-07-29T15:06:59.847491+00:00,batch_20260729_150659_a047a5
6907-CQGPN,0.1817,0,0.5,1.0.0,2026-07-29T15:06:59.847491+00:00,batch_20260729_150659_a047a5
0780-XNZFN,0.0039,0,0.5,1.0.0,2026-07-29T15:06:59.847491+00:00,batch_20260729_150659_a047a5
0239-OXEXL,0.1812,0,0.5,1.0.0,2026-07-29T15:06:59.847491+00:00,batch_20260729_150659_a047a5
2675-IJRGJ,0.0047,0,0.5,1.0.0,2026-07-29T15:06:59.847491+00:00,batch_20260729_150659_a047a5
7049-GKVZY,0.0793,0,0.5,1.0.0,2026-07-29T15:06:59.847491+00:00,batch_20260729_150659_a047a5
8577-QSOCG,0.0116,0,0.5,1.0.0,2026-07-29T15:06:59.847491+00:00,batch_20260729_150659_a047a5
3721-CNZHX,0.0528,0,0.5,1.0.0,2026-07-29T15:06:59.847491+00:00,batch_20260729_150659_a047a5
0212-ISBBF,0.5314,1,0.5,1.0.0,2026-07-29T15:06:59.847491+00:00,batch_20260729_150659_a047a5
9185-TQCVP,0.7284,1,0.5,1.0.0,2026-07-29T15:06:59.847491+00:00,batch_20260729_150659_a047a5
3585-YNADK,0.0316,0,0.5,1.0.0,2026-07-29T15:06:59.847491+00:00,batch_20260729_150659_a047a5
5271-DBYSJ,0.6054,1,0.5,1.0.0,2026-07-29T15:06:59.847491+00:00,batch_20260729_150659_a047a5
1099-GODLO,0.0426,0,0.5,1.0.0,2026-07-29T15:06:59.847491+00:00,batch_20260729_150659_a047a5
6828-HMKWP,0.0252,0,0.5,1.0.0,2026-07-29T15:06:59.847491+00:00,batch_20260729_150659_a047a5
5567-WSELE,0.8257,1,0.5,1.0.0,2026-07-29T15:06:59.847491+00:00,batch_20260729_150659_a047a5
1472-TNCWL,0.4967,0,0.5,1.0.0,2026-07-29T15:06:59.847491+00:00,batch_20260729_150659_a047a5
8063-RJYNF,0.6409,1,0.5,1.0.0,2026-07-29T15:06:59.847491+00:00,batch_20260729_150659_a047a5
0687-ZVTHB,0.0189,0,0.5,1.0.0,2026-07-29T15:06:59.847491+00:00,batch_20260729_150659_a047a5
2080-GKCWQ,0.5864,1,0.5,1.0.0,2026-07-29T15:06:59.847491+00:00,batch_20260729_150659_a047a5
9661-ACXBS,0.5419,1,0.5,1.0.0,2026-07-29T15:06:59.847491+00:00,batch_20260729_150659_a047a5
2193-SFWQW,0.0232,0,0.5,1.0.0,2026-07-29T15:06:59.847491+00:00,batch_20260729_150659_a047a5
5656-JAMLX,0.0031,0,0.5,1.0.0,2026-07-29T15:06:59.847491+00:00,batch_20260729_150659_a047a5
3462-BJQQA,0.7437,1,0.5,1.0.0,2026-07-29T15:06:59.847491+00:00,batch_20260729_150659_a047a5
0442-TDYUO,0.0095,0,0.5,1.0.0,2026-07-29T15:06:59.847491+00:00,batch_20260729_150659_a047a5
6733-LRIZX,0.1956,0,0.5,1.0.0,2026-07-29T15:06:59.847491+00:00,batch_20260729_150659_a047a5
9503-XJUME,0.0072,0,0.5,1.0.0,2026-07-29T15:06:59.847491+00:00,batch_20260729_150659_a047a5
4367-NHWMM,0.5807,1,0.5,1.0.0,2026-07-29T15:06:59.847491+00:00,batch_20260729_150659_a047a5
3727-RJMEO,0.769,1,0.5,1.0.0,2026-07-29T15:06:59.847491+00:00,batch_20260729_150659_a047a5
3779-OSWCF,0.012,0,0.5,1.0.0,2026-07-29T15:06:59.847491+00:00,batch_20260729_150659_a047a5
6736-DHUQI,0.0311,0,0.5,1.0.0,2026-07-29T15:06:59.847491+00:00,batch_20260729_150659_a047a5
3915-ODIYG,0.0615,0,0.5,1.0.0,2026-07-29T15:06:59.847491+00:00,batch_20260729_150659_a047a5
1360-RCYRT,0.2104,0,0.5,1.0.0,2026-07-29T15:06:59.847491+00:00,batch_20260729_150659_a047a5
2724-FJDYW,0.0738,0,0.5,1.0.0,2026-07-29T15:06:59.847491+00:00,batch_20260729_150659_a047a5
4451-RWASJ,0.0609,0,0.5,1.0.0,2026-07-29T15:06:59.847491+00:00,batch_20260729_150659_a047a5
6646-VRFOL,0.5137,1,0.5,1.0.0,2026-07-29T15:06:59.847491+00:00,batch_20260729_150659_a047a5
3460-TJBWI,0.0192,0,0.5,1.0.0,2026-07-29T15:06:59.847491+00:00,batch_20260729_150659_a047a5
5917-HBSDW,0.046,0,0.5,1.0.0,2026-07-29T15:06:59.847491+00:00,batch_20260729_150659_a047a5
5685-IIXLY,0.6558,1,0.5,1.0.0,2026-07-29T15:06:59.847491+00:00,batch_20260729_150659_a047a5
5671-UUNXD,0.2907,0,0.5,1.0.0,2026-07-29T15:06:59.847491+00:00,batch_20260729_150659_a047a5
0956-ACVZC,0.206,0,0.5,1.0.0,2026-07-29T15:06:59.847491+00:00,batch_20260729_150659_a047a5
2325-NBPZG,0.6259,1,0.5,1.0.0,2026-07-29T15:06:59.847491+00:00,batch_20260729_150659_a047a5
4250-ZBWLV,0.128,0,0.5,1.0.0,2026-07-29T15:06:59.847491+00:00,batch_20260729_150659_a047a5
4482-FTFFX,0.3035,0,0.5,1.0.0,2026-07-29T15:06:59.847491+00:00,batch_20260729_150659_a047a5
8859-DZTGQ,0.0125,0,0.5,1.0.0,2026-07-29T15:06:59.847491+00:00,batch_20260729_150659_a047a5
0440-MOGPM,0.1898,0,0.5,1.0.0,2026-07-29T15:06:59.847491+00:00,batch_20260729_150659_a047a5
0020-JDNXP,0.0686,0,0.5,1.0.0,2026-07-29T15:06:59.847491+00:00,batch_20260729_150659_a047a5
3752-CQSJI,0.1366,0,0.5,1.0.0,2026-07-29T15:06:59.847491+00:00,batch_20260729_150659_a047a5
5025-GOOKI,0.1171,0,0.5,1.0.0,2026-07-29T15:06:59.847491+00:00,batch_20260729_150659_a047a5
4698-KVLLG,0.0051,0,0.5,1.0.0,2026-07-29T15:06:59.847491+00:00,batch_20260729_150659_a047a5
5095-AESKG,0.6888,1,0.5,1.0.0,2026-07-29T15:06:59.847491+00:00,batch_20260729_150659_a047a5
2887-JPYLU,0.0738,0,0.5,1.0.0,2026-07-29T15:06:59.847491+00:00,batch_20260729_150659_a047a5
4770-QAZXN,0.1111,0,0.5,1.0.0,2026-07-29T15:06:59.847491+00:00,batch_20260729_150659_a047a5
4896-CPRPF,0.0112,0,0.5,1.0.0,2026-07-29T15:06:59.847491+00:00,batch_20260729_150659_a047a5
1871-MOWRM,0.2761,0,0.5,1.0.0,2026-07-29T15:06:59.847491+00:00,batch_20260729_150659_a047a5
9714-EDSUC,0.4547,0,0.5,1.0.0,2026-07-29T15:06:59.847491+00:00,batch_20260729_150659_a047a5
2027-OAQQC,0.2806,0,0.5,1.0.0,2026-07-29T15:06:59.847491+00:00,batch_20260729_150659_a047a5
0282-NVSJS,0.3101,0,0.5,1.0.0,2026-07-29T15:06:59.847491+00:00,batch_20260729_150659_a047a5
9090-SGQXL,0.4301,0,0.5,1.0.0,2026-07-29T15:06:59.847491+00:00,batch_20260729_150659_a047a5
6595-YGXIT,0.621,1,0.5,1.0.0,2026-07-29T15:06:59.847491+00:00,batch_20260729_150659_a047a5
7353-YOWFP,0.0747,0,0.5,1.0.0,2026-07-29T15:06:59.847491+00:00,batch_20260729_150659_a047a5
9835-ZIITK,0.2101,0,0.5,1.0.0,2026-07-29T15:06:59.847491+00:00,batch_20260729_150659_a047a5
8008-ESFLK,0.1174,0,0.5,1.0.0,2026-07-29T15:06:59.847491+00:00,batch_20260729_150659_a047a5
7537-CBQUZ,0.302,0,0.5,1.0.0,2026-07-29T15:06:59.847491+00:00,batch_20260729_150659_a047a5
1555-DJEQW,0.0428,0,0.5,1.0.0,2026-07-29T15:06:59.847491+00:00,batch_20260729_150659_a047a5
5649-TJHOV,0.2786,0,0.5,1.0.0,2026-07-29T15:06:59.847491+00:00,batch_20260729_150659_a047a5
0519-XUZJU,0.5514,1,0.5,1.0.0,2026-07-29T15:06:59.847491+00:00,batch_20260729_150659_a047a5
3363-EWLGO,0.1625,0,0.5,1.0.0,2026-07-29T15:06:59.847491+00:00,batch_20260729_150659_a047a5
4750-UKWJK,0.0198,0,0.5,1.0.0,2026-07-29T15:06:59.847491+00:00,batch_20260729_150659_a047a5
6338-AVWCY,0.6148,1,0.5,1.0.0,2026-07-29T15:06:59.847491+00:00,batch_20260729_150659_a047a5
1689-YQBYY,0.6365,1,0.5,1.0.0,2026-07-29T15:06:59.847491+00:00,batch_20260729_150659_a047a5
4487-ZYJZK,0.0142,0,0.5,1.0.0,2026-07-29T15:06:59.847491+00:00,batch_20260729_150659_a047a5
2959-FENLU,0.6306,1,0.5,1.0.0,2026-07-29T15:06:59.847491+00:00,batch_20260729_150659_a047a5
0708-LGSMF,0.4537,0,0.5,1.0.0,2026-07-29T15:06:59.847491+00:00,batch_20260729_150659_a047a5
9253-QXKBE,0.6851,1,0.5,1.0.0,2026-07-29T15:06:59.847491+00:00,batch_20260729_150659_a047a5
7634-HLQJR,0.005,0,0.5,1.0.0,2026-07-29T15:06:59.847491+00:00,batch_20260729_150659_a047a5
0487-RPVUM,0.1355,0,0.5,1.0.0,2026-07-29T15:06:59.847491+00:00,batch_20260729_150659_a047a5
4079-ULGFR,0.1032,0,0.5,1.0.0,2026-07-29T15:06:59.847491+00:00,batch_20260729_150659_a047a5
2516-XSJKX,0.0226,0,0.5,1.0.0,2026-07-29T15:06:59.847491+00:00,batch_20260729_150659_a047a5
0057-QBUQH,0.0168,0,0.5,1.0.0,2026-07-29T15:06:59.847491+00:00,batch_20260729_150659_a047a5
9445-SZLCH,0.4073,0,0.5,1.0.0,2026-07-29T15:06:59.847491+00:00,batch_20260729_150659_a047a5
6599-SFQVE,0.5374,1,0.5,1.0.0,2026-07-29T15:06:59.847491+00:00,batch_20260729_150659_a047a5
8331-ZXFOE,0.0247,0,0.5,1.0.0,2026-07-29T15:06:59.847491+00:00,batch_20260729_150659_a047a5
4003-FUSHP,0.239,0,0.5,1.0.0,2026-07-29T15:06:59.847491+00:00,batch_20260729_150659_a047a5
0356-ERHVT,0.3413,0,0.5,1.0.0,2026-07-29T15:06:59.847491+00:00,batch_20260729_150659_a047a5
7325-ENZFI,0.0482,0,0.5,1.0.0,2026-07-29T15:06:59.847491+00:00,batch_20260729_150659_a047a5
4884-ZTHVF,0.6876,1,0.5,1.0.0,2026-07-29T15:06:59.847491+00:00,batch_20260729_150659_a047a5
3920-HIHMQ,0.2244,0,0.5,1.0.0,2026-07-29T15:06:59.847491+00:00,batch_20260729_150659_a047a5
3055-OYMSE,0.2025,0,0.5,1.0.0,2026-07-29T15:06:59.847491+00:00,batch_20260729_150659_a047a5
0613-WUXUM,0.0027,0,0.5,1.0.0,2026-07-29T15:06:59.847491+00:00,batch_20260729_150659_a047a5
7568-PODML,0.6842,1,0.5,1.0.0,2026-07-29T15:06:59.847491+00:00,batch_20260729_150659_a047a5
4458-KVRBJ,0.0051,0,0.5,1.0.0,2026-07-29T15:06:59.847491+00:00,batch_20260729_150659_a047a5
5349-IECLD,0.7235,1,0.5,1.0.0,2026-07-29T15:06:59.847491+00:00,batch_20260729_150659_a047a5
1397-XKKWR,0.1916,0,0.5,1.0.0,2026-07-29T15:06:59.847491+00:00,batch_20260729_150659_a047a5
3945-GFWQL,0.3555,0,0.5,1.0.0,2026-07-29T15:06:59.847491+00:00,batch_20260729_150659_a047a5
8097-OMULG,0.023,0,0.5,1.0.0,2026-07-29T15:06:59.847491+00:00,batch_20260729_150659_a047a5
6013-BHCAW,0.027,0,0.5,1.0.0,2026-07-29T15:06:59.847491+00:00,batch_20260729_150659_a047a5
0401-WDBXM,0.0646,0,0.5,1.0.0,2026-07-29T15:06:59.847491+00:00,batch_20260729_150659_a047a5
3387-PLKUI,0.0956,0,0.5,1.0.0,2026-07-29T15:06:59.847491+00:00,batch_20260729_150659_a047a5
6096-EGVTU,0.0061,0,0.5,1.0.0,2026-07-29T15:06:59.847491+00:00,batch_20260729_150659_a047a5
3797-VTIDR,0.6608,1,0.5,1.0.0,2026-07-29T15:06:59.847491+00:00,batch_20260729_150659_a047a5
5081-NWSUP,0.1133,0,0.5,1.0.0,2026-07-29T15:06:59.847491+00:00,batch_20260729_150659_a047a5
2580-ATZSQ,0.0105,0,0.5,1.0.0,2026-07-29T15:06:59.847491+00:00,batch_20260729_150659_a047a5
8085-MSNLK,0.0472,0,0.5,1.0.0,2026-07-29T15:06:59.847491+00:00,batch_20260729_150659_a047a5
9691-HKOVS,0.0734,0,0.5,1.0.0,2026-07-29T15:06:59.847491+00:00,batch_20260729_150659_a047a5
9881-VCZEP,0.244,0,0.5,1.0.0,2026-07-29T15:06:59.847491+00:00,batch_20260729_150659_a047a5
9526-BIHHD,0.3967,0,0.5,1.0.0,2026-07-29T15:06:59.847491+00:00,batch_20260729_150659_a047a5
8757-TFHHJ,0.3449,0,0.5,1.0.0,2026-07-29T15:06:59.847491+00:00,batch_20260729_150659_a047a5
4523-WXCEF,0.375,0,0.5,1.0.0,2026-07-29T15:06:59.847491+00:00,batch_20260729_150659_a047a5
1468-DEFNC,0.0045,0,0.5,1.0.0,2026-07-29T15:06:59.847491+00:00,batch_20260729_150659_a047a5
5119-KEPFY,0.556,1,0.5,1.0.0,2026-07-29T15:06:59.847491+00:00,batch_20260729_150659_a047a5
8364-TRMMK,0.48,0,0.5,1.0.0,2026-07-29T15:06:59.847491+00:00,batch_20260729_150659_a047a5
0916-KNFAJ,0.0257,0,0.5,1.0.0,2026-07-29T15:06:59.847491+00:00,batch_20260729_150659_a047a5
8319-QBEHW,0.1508,0,0.5,1.0.0,2026-07-29T15:06:59.847491+00:00,batch_20260729_150659_a047a5
3063-QFSZL,0.5845,1,0.5,1.0.0,2026-07-29T15:06:59.847491+00:00,batch_20260729_150659_a047a5
8775-LHDJH,0.7739,1,0.5,1.0.0,2026-07-29T15:06:59.847491+00:00,batch_20260729_150659_a047a5
9625-QNLUX,0.0479,0,0.5,1.0.0,2026-07-29T15:06:59.847491+00:00,batch_20260729_150659_a047a5
3097-NQYSN,0.7354,1,0.5,1.0.0,2026-07-29T15:06:59.847491+00:00,batch_20260729_150659_a047a5
4024-CSNBY,0.0262,0,0.5,1.0.0,2026-07-29T15:06:59.847491+00:00,batch_20260729_150659_a047a5
7110-BDTWG,0.0232,0,0.5,1.0.0,2026-07-29T15:06:59.847491+00:00,batch_20260729_150659_a047a5
7493-GVFIO,0.004,0,0.5,1.0.0,2026-07-29T15:06:59.847491+00:00,batch_20260729_150659_a047a5
0690-SRQID,0.2303,0,0.5,1.0.0,2026-07-29T15:06:59.847491+00:00,batch_20260729_150659_a047a5
9605-WGJVW,0.7179,1,0.5,1.0.0,2026-07-29T15:06:59.847491+00:00,batch_20260729_150659_a047a5
9114-DPSIA,0.0061,0,0.5,1.0.0,2026-07-29T15:06:59.847491+00:00,batch_20260729_150659_a047a5
4700-UBQMV,0.1634,0,0.5,1.0.0,2026-07-29T15:06:59.847491+00:00,batch_20260729_150659_a047a5
7711-GQBZC,0.0023,0,0.5,1.0.0,2026-07-29T15:06:59.847491+00:00,batch_20260729_150659_a047a5
3565-UNOCC,0.6158,1,0.5,1.0.0,2026-07-29T15:06:59.847491+00:00,batch_20260729_150659_a047a5
4627-MIHJH,0.0418,0,0.5,1.0.0,2026-07-29T15:06:59.847491+00:00,batch_20260729_150659_a047a5
9795-NREXC,0.0229,0,0.5,1.0.0,2026-07-29T15:06:59.847491+00:00,batch_20260729_150659_a047a5
8573-CGOCC,0.0983,0,0.5,1.0.0,2026-07-29T15:06:59.847491+00:00,batch_20260729_150659_a047a5
7356-AYNJP,0.1401,0,0.5,1.0.0,2026-07-29T15:06:59.847491+00:00,batch_20260729_150659_a047a5
9249-FXSCK,0.1494,0,0.5,1.0.0,2026-07-29T15:06:59.847491+00:00,batch_20260729_150659_a047a5
5493-SDRDQ,0.3521,0,0.5,1.0.0,2026-07-29T15:06:59.847491+00:00,batch_20260729_150659_a047a5
6286-SUUWT,0.1891,0,0.5,1.0.0,2026-07-29T15:06:59.847491+00:00,batch_20260729_150659_a047a5
4819-HJPIW,0.3038,0,0.5,1.0.0,2026-07-29T15:06:59.847491+00:00,batch_20260729_150659_a047a5
8654-DHAOW,0.3541,0,0.5,1.0.0,2026-07-29T15:06:59.847491+00:00,batch_20260729_150659_a047a5
5438-QMDDL,0.3066,0,0.5,1.0.0,2026-07-29T15:06:59.847491+00:00,batch_20260729_150659_a047a5
9812-GHVRI,0.359,0,0.5,1.0.0,2026-07-29T15:06:59.847491+00:00,batch_20260729_150659_a047a5
5553-AOINX,0.215,0,0.5,1.0.0,2026-07-29T15:06:59.847491+00:00,batch_20260729_150659_a047a5
1228-ZLNBX,0.4393,0,0.5,1.0.0,2026-07-29T15:06:59.847491+00:00,batch_20260729_150659_a047a5
4226-KKDON,0.3796,0,0.5,1.0.0,2026-07-29T15:06:59.847491+00:00,batch_20260729_150659_a047a5
3831-YCPUO,0.0317,0,0.5,1.0.0,2026-07-29T15:06:59.847491+00:00,batch_20260729_150659_a047a5
7445-WMRBW,0.0591,0,0.5,1.0.0,2026-07-29T15:06:59.847491+00:00,batch_20260729_150659_a047a5
3308-DGHKL,0.0034,0,0.5,1.0.0,2026-07-29T15:06:59.847491+00:00,batch_20260729_150659_a047a5
9924-JPRMC,0.0841,0,0.5,1.0.0,2026-07-29T15:06:59.847491+00:00,batch_20260729_150659_a047a5
0080-EMYVY,0.1073,0,0.5,1.0.0,2026-07-29T15:06:59.847491+00:00,batch_20260729_150659_a047a5
6218-KNUBD,0.396,0,0.5,1.0.0,2026-07-29T15:06:59.847491+00:00,batch_20260729_150659_a047a5
7337-CINUD,0.0297,0,0.5,1.0.0,2026-07-29T15:06:59.847491+00:00,batch_20260729_150659_a047a5
7609-NRNCA,0.0476,0,0.5,1.0.0,2026-07-29T15:06:59.847491+00:00,batch_20260729_150659_a047a5
0623-EJQEG,0.0807,0,0.5,1.0.0,2026-07-29T15:06:59.847491+00:00,batch_20260729_150659_a047a5
7153-CHRBV,0.0162,0,0.5,1.0.0,2026-07-29T15:06:59.847491+00:00,batch_20260729_150659_a047a5
0871-URUWO,0.7158,1,0.5,1.0.0,2026-07-29T15:06:59.847491+00:00,batch_20260729_150659_a047a5
9190-MFJLN,0.615,1,0.5,1.0.0,2026-07-29T15:06:59.847491+00:00,batch_20260729_150659_a047a5
6198-PNNSZ,0.1354,0,0.5,1.0.0,2026-07-29T15:06:59.847491+00:00,batch_20260729_150659_a047a5
3317-VLGQT,0.678,1,0.5,1.0.0,2026-07-29T15:06:59.847491+00:00,batch_20260729_150659_a047a5
4132-POCZS,0.17,0,0.5,1.0.0,2026-07-29T15:06:59.847491+00:00,batch_20260729_150659_a047a5
5614-DNZCE,0.0092,0,0.5,1.0.0,2026-07-29T15:06:59.847491+00:00,batch_20260729_150659_a047a5
1095-JUDTC,0.3726,0,0.5,1.0.0,2026-07-29T15:06:59.847491+00:00,batch_20260729_150659_a047a5
3896-RCYYE,0.0954,0,0.5,1.0.0,2026-07-29T15:06:59.847491+00:00,batch_20260729_150659_a047a5
9638-JIQYA,0.5555,1,0.5,1.0.0,2026-07-29T15:06:59.847491+00:00,batch_20260729_150659_a047a5
3258-SANFR,0.2918,0,0.5,1.0.0,2026-07-29T15:06:59.847491+00:00,batch_20260729_150659_a047a5
3726-TBHQT,0.045,0,0.5,1.0.0,2026-07-29T15:06:59.847491+00:00,batch_20260729_150659_a047a5
3190-ITQXP,0.0052,0,0.5,1.0.0,2026-07-29T15:06:59.847491+00:00,batch_20260729_150659_a047a5
0870-VEMYL,0.1669,0,0.5,1.0.0,2026-07-29T15:06:59.847491+00:00,batch_20260729_150659_a047a5
4833-QTJNO,0.0989,0,0.5,1.0.0,2026-07-29T15:06:59.847491+00:00,batch_20260729_150659_a047a5
3039-MJSLN,0.1383,0,0.5,1.0.0,2026-07-29T15:06:59.847491+00:00,batch_20260729_150659_a047a5
0178-CIIKR,0.1752,0,0.5,1.0.0,2026-07-29T15:06:59.847491+00:00,batch_20260729_150659_a047a5
5385-SUIRI,0.4835,0,0.5,1.0.0,2026-07-29T15:06:59.847491+00:00,batch_20260729_150659_a047a5
3982-XWFZQ,0.2232,0,0.5,1.0.0,2026-07-29T15:06:59.847491+00:00,batch_20260729_150659_a047a5
5774-QPLTF,0.0127,0,0.5,1.0.0,2026-07-29T15:06:59.847491+00:00,batch_20260729_150659_a047a5
2322-VCZHZ,0.499,0,0.5,1.0.0,2026-07-29T15:06:59.847491+00:00,batch_20260729_150659_a047a5
5010-IPEAQ,0.0065,0,0.5,1.0.0,2026-07-29T15:06:59.847491+00:00,batch_20260729_150659_a047a5
4009-ALQFH,0.6291,1,0.5,1.0.0,2026-07-29T15:06:59.847491+00:00,batch_20260729_150659_a047a5
6383-ZTSIW,0.1545,0,0.5,1.0.0,2026-07-29T15:06:59.847491+00:00,batch_20260729_150659_a047a5
8990-YOZLV,0.0084,0,0.5,1.0.0,2026-07-29T15:06:59.847491+00:00,batch_20260729_150659_a047a5
3069-SSVSN,0.301,0,0.5,1.0.0,2026-07-29T15:06:59.847491+00:00,batch_20260729_150659_a047a5
5222-IMUKT,0.5133,1,0.5,1.0.0,2026-07-29T15:06:59.847491+00:00,batch_20260729_150659_a047a5
3627-FCRDW,0.5688,1,0.5,1.0.0,2026-07-29T15:06:59.847491+00:00,batch_20260729_150659_a047a5
7562-GSUHK,0.5548,1,0.5,1.0.0,2026-07-29T15:06:59.847491+00:00,batch_20260729_150659_a047a5
6685-XSHHU,0.0042,0,0.5,1.0.0,2026-07-29T15:06:59.847491+00:00,batch_20260729_150659_a047a5
8901-UPRHR,0.0541,0,0.5,1.0.0,2026-07-29T15:06:59.847491+00:00,batch_20260729_150659_a047a5
4903-UYAVB,0.1642,0,0.5,1.0.0,2026-07-29T15:06:59.847491+00:00,batch_20260729_150659_a047a5
0118-JPNOY,0.4053,0,0.5,1.0.0,2026-07-29T15:06:59.847491+00:00,batch_20260729_150659_a047a5
6776-TLWOI,0.1753,0,0.5,1.0.0,2026-07-29T15:06:59.847491+00:00,batch_20260729_150659_a047a5
3845-FXCYS,0.3154,0,0.5,1.0.0,2026-07-29T15:06:59.847491+00:00,batch_20260729_150659_a047a5
5857-XRECV,0.0717,0,0.5,1.0.0,2026-07-29T15:06:59.847491+00:00,batch_20260729_150659_a047a5
0725-CXOTM,0.1041,0,0.5,1.0.0,2026-07-29T15:06:59.847491+00:00,batch_20260729_150659_a047a5
4343-EJVQB,0.4128,0,0.5,1.0.0,2026-07-29T15:06:59.847491+00:00,batch_20260729_150659_a047a5
9000-PLFUZ,0.0385,0,0.5,1.0.0,2026-07-29T15:06:59.847491+00:00,batch_20260729_150659_a047a5
3427-GGZZI,0.6634,1,0.5,1.0.0,2026-07-29T15:06:59.847491+00:00,batch_20260729_150659_a047a5
7779-ORAEL,0.0208,0,0.5,1.0.0,2026-07-29T15:06:59.847491+00:00,batch_20260729_150659_a047a5
0644-OQMDK,0.6976,1,0.5,1.0.0,2026-07-29T15:06:59.847491+00:00,batch_20260729_150659_a047a5
4077-CROMM,0.5423,1,0.5,1.0.0,2026-07-29T15:06:59.847491+00:00,batch_20260729_150659_a047a5
3154-CFSZG,0.2308,0,0.5,1.0.0,2026-07-29T15:06:59.847491+00:00,batch_20260729_150659_a047a5
2868-MZAGQ,0.7616,1,0.5,1.0.0,2026-07-29T15:06:59.847491+00:00,batch_20260729_150659_a047a5
4847-QNOKA,0.4316,0,0.5,1.0.0,2026-07-29T15:06:59.847491+00:00,batch_20260729_150659_a047a5
2220-IAHLS,0.1799,0,0.5,1.0.0,2026-07-29T15:06:59.847491+00:00,batch_20260729_150659_a047a5
1658-XUHBX,0.2752,0,0.5,1.0.0,2026-07-29T15:06:59.847491+00:00,batch_20260729_150659_a047a5
6379-RXJRQ,0.6508,1,0.5,1.0.0,2026-07-29T15:06:59.847491+00:00,batch_20260729_150659_a047a5
2378-HTWFW,0.3188,0,0.5,1.0.0,2026-07-29T15:06:59.847491+00:00,batch_20260729_150659_a047a5
8650-RHRKE,0.6316,1,0.5,1.0.0,2026-07-29T15:06:59.847491+00:00,batch_20260729_150659_a047a5
4377-VDHYI,0.2235,0,0.5,1.0.0,2026-07-29T15:06:59.847491+00:00,batch_20260729_150659_a047a5
0475-RIJEP,0.4032,0,0.5,1.0.0,2026-07-29T15:06:59.847491+00:00,batch_20260729_150659_a047a5
1260-TTRXI,0.4553,0,0.5,1.0.0,2026-07-29T15:06:59.847491+00:00,batch_20260729_150659_a047a5
3719-TDVQB,0.007,0,0.5,1.0.0,2026-07-29T15:06:59.847491+00:00,batch_20260729_150659_a047a5
6328-ZPBGN,0.7159,1,0.5,1.0.0,2026-07-29T15:06:59.847491+00:00,batch_20260729_150659_a047a5
0201-MIBOL,0.0842,0,0.5,1.0.0,2026-07-29T15:06:59.847491+00:00,batch_20260729_150659_a047a5
4937-QPZPO,0.2627,0,0.5,1.0.0,2026-07-29T15:06:59.847491+00:00,batch_20260729_150659_a047a5
2925-VDZHY,0.0088,0,0.5,1.0.0,2026-07-29T15:06:59.847491+00:00,batch_20260729_150659_a047a5
6981-TDRFT,0.1221,0,0.5,1.0.0,2026-07-29T15:06:59.847491+00:00,batch_20260729_150659_a047a5
3413-CSSTH,0.1722,0,0.5,1.0.0,2026-07-29T15:06:59.847491+00:00,batch_20260729_150659_a047a5
8033-VCZGH,0.3049,0,0.5,1.0.0,2026-07-29T15:06:59.847491+00:00,batch_20260729_150659_a047a5
4789-KWMXN,0.189,0,0.5,1.0.0,2026-07-29T15:06:59.847491+00:00,batch_20260729_150659_a047a5
0224-NIJLP,0.0311,0,0.5,1.0.0,2026-07-29T15:06:59.847491+00:00,batch_20260729_150659_a047a5
7542-CYDDM,0.0958,0,0.5,1.0.0,2026-07-29T15:06:59.847491+00:00,batch_20260729_150659_a047a5
4718-WXBGI,0.0136,0,0.5,1.0.0,2026-07-29T15:06:59.847491+00:00,batch_20260729_150659_a047a5
2867-UIMSS,0.6848,1,0.5,1.0.0,2026-07-29T15:06:59.847491+00:00,batch_20260729_150659_a047a5
8495-PRWFH,0.1692,0,0.5,1.0.0,2026-07-29T15:06:59.847491+00:00,batch_20260729_150659_a047a5
0439-IFYUN,0.5471,1,0.5,1.0.0,2026-07-29T15:06:59.847491+00:00,batch_20260729_150659_a047a5
5716-LIBJC,0.4261,0,0.5,1.0.0,2026-07-29T15:06:59.847491+00:00,batch_20260729_150659_a047a5
2868-LLSKM,0.0515,0,0.5,1.0.0,2026-07-29T15:06:59.847491+00:00,batch_20260729_150659_a047a5
8111-RKSPX,0.6599,1,0.5,1.0.0,2026-07-29T15:06:59.847491+00:00,batch_20260729_150659_a047a5
2988-QRAJY,0.0761,0,0.5,1.0.0,2026-07-29T15:06:59.847491+00:00,batch_20260729_150659_a047a5
1585-MQSSU,0.1616,0,0.5,1.0.0,2026-07-29T15:06:59.847491+00:00,batch_20260729_150659_a047a5
0071-NDAFP,0.0175,0,0.5,1.0.0,2026-07-29T15:06:59.847491+00:00,batch_20260729_150659_a047a5
2856-NNASM,0.4418,0,0.5,1.0.0,2026-07-29T15:06:59.847491+00:00,batch_20260729_150659_a047a5
7328-ZJAJO,0.0029,0,0.5,1.0.0,2026-07-29T15:06:59.847491+00:00,batch_20260729_150659_a047a5
6458-CYIDZ,0.4752,0,0.5,1.0.0,2026-07-29T15:06:59.847491+00:00,batch_20260729_150659_a047a5
8559-CIZFV,0.0597,0,0.5,1.0.0,2026-07-29T15:06:59.847491+00:00,batch_20260729_150659_a047a5
1090-PYKCI,0.0597,0,0.5,1.0.0,2026-07-29T15:06:59.847491+00:00,batch_20260729_150659_a047a5
3058-WQDRE,0.4362,0,0.5,1.0.0,2026-07-29T15:06:59.847491+00:00,batch_20260729_150659_a047a5
7547-EKNFS,0.4158,0,0.5,1.0.0,2026-07-29T15:06:59.847491+00:00,batch_20260729_150659_a047a5
2279-AXJJK,0.2689,0,0.5,1.0.0,2026-07-29T15:06:59.847491+00:00,batch_20260729_150659_a047a5
6769-DYBQN,0.274,0,0.5,1.0.0,2026-07-29T15:06:59.847491+00:00,batch_20260729_150659_a047a5
0909-SELIE,0.0164,0,0.5,1.0.0,2026-07-29T15:06:59.847491+00:00,batch_20260729_150659_a047a5
3417-TSCIC,0.1535,0,0.5,1.0.0,2026-07-29T15:06:59.847491+00:00,batch_20260729_150659_a047a5
1042-HFUCW,0.0562,0,0.5,1.0.0,2026-07-29T15:06:59.847491+00:00,batch_20260729_150659_a047a5
4439-JMPMT,0.5984,1,0.5,1.0.0,2026-07-29T15:06:59.847491+00:00,batch_20260729_150659_a047a5
6537-OTKMY,0.3504,0,0.5,1.0.0,2026-07-29T15:06:59.847491+00:00,batch_20260729_150659_a047a5
8999-EXMNO,0.0189,0,0.5,1.0.0,2026-07-29T15:06:59.847491+00:00,batch_20260729_150659_a047a5
6725-TPKJO,0.0074,0,0.5,1.0.0,2026-07-29T15:06:59.847491+00:00,batch_20260729_150659_a047a5
2446-BEGGB,0.784,1,0.5,1.0.0,2026-07-29T15:06:59.847491+00:00,batch_20260729_150659_a047a5
7162-WPHPM,0.007,0,0.5,1.0.0,2026-07-29T15:06:59.847491+00:00,batch_20260729_150659_a047a5
1599-MMYRQ,0.05,0,0.5,1.0.0,2026-07-29T15:06:59.847491+00:00,batch_20260729_150659_a047a5
8821-KVZKQ,0.0314,0,0.5,1.0.0,2026-07-29T15:06:59.847491+00:00,batch_20260729_150659_a047a5
1496-GGSUK,0.5819,1,0.5,1.0.0,2026-07-29T15:06:59.847491+00:00,batch_20260729_150659_a047a5
6434-TTGJP,0.0563,0,0.5,1.0.0,2026-07-29T15:06:59.847491+00:00,batch_20260729_150659_a047a5
0042-JVWOJ,0.0448,0,0.5,1.0.0,2026-07-29T15:06:59.847491+00:00,batch_20260729_150659_a047a5
0130-SXOUN,0.1809,0,0.5,1.0.0,2026-07-29T15:06:59.847491+00:00,batch_20260729_150659_a047a5
2575-GFSOE,0.6216,1,0.5,1.0.0,2026-07-29T15:06:59.847491+00:00,batch_20260729_150659_a047a5
2330-PQGDQ,0.0591,0,0.5,1.0.0,2026-07-29T15:06:59.847491+00:00,batch_20260729_150659_a047a5
1452-UZOSF,0.0298,0,0.5,1.0.0,2026-07-29T15:06:59.847491+00:00,batch_20260729_150659_a047a5
2097-YVPKN,0.0039,0,0.5,1.0.0,2026-07-29T15:06:59.847491+00:00,batch_20260729_150659_a047a5
2842-JTCCU,0.3308,0,0.5,1.0.0,2026-07-29T15:06:59.847491+00:00,batch_20260729_150659_a047a5
8597-CTXVJ,0.0077,0,0.5,1.0.0,2026-07-29T15:06:59.847491+00:00,batch_20260729_150659_a047a5
6631-HMANX,0.022,0,0.5,1.0.0,2026-07-29T15:06:59.847491+00:00,batch_20260729_150659_a047a5
9962-BFPDU,0.1569,0,0.5,1.0.0,2026-07-29T15:06:59.847491+00:00,batch_20260729_150659_a047a5
3296-SILRA,0.6127,1,0.5,1.0.0,2026-07-29T15:06:59.847491+00:00,batch_20260729_150659_a047a5
9681-OXGVC,0.819,1,0.5,1.0.0,2026-07-29T15:06:59.847491+00:00,batch_20260729_150659_a047a5
6394-HHHZM,0.1758,0,0.5,1.0.0,2026-07-29T15:06:59.847491+00:00,batch_20260729_150659_a047a5
5995-LFTLE,0.0074,0,0.5,1.0.0,2026-07-29T15:06:59.847491+00:00,batch_20260729_150659_a047a5
5180-UCIIQ,0.2164,0,0.5,1.0.0,2026-07-29T15:06:59.847491+00:00,batch_20260729_150659_a047a5
1932-UEDCX,0.5459,1,0.5,1.0.0,2026-07-29T15:06:59.847491+00:00,batch_20260729_150659_a047a5
7153-OANIO,0.6317,1,0.5,1.0.0,2026-07-29T15:06:59.847491+00:00,batch_20260729_150659_a047a5
5188-HGMLP,0.1943,0,0.5,1.0.0,2026-07-29T15:06:59.847491+00:00,batch_20260729_150659_a047a5
0665-XHDJU,0.126,0,0.5,1.0.0,2026-07-29T15:06:59.847491+00:00,batch_20260729_150659_a047a5
6521-YYTYI,0.7952,1,0.5,1.0.0,2026-07-29T15:06:59.847491+00:00,batch_20260729_150659_a047a5
8878-HMWBV,0.5089,1,0.5,1.0.0,2026-07-29T15:06:59.847491+00:00,batch_20260729_150659_a047a5
8265-HKSOW,0.0214,0,0.5,1.0.0,2026-07-29T15:06:59.847491+00:00,batch_20260729_150659_a047a5
3544-FBCAS,0.0172,0,0.5,1.0.0,2026-07-29T15:06:59.847491+00:00,batch_20260729_150659_a047a5
5331-RGMTT,0.4313,0,0.5,1.0.0,2026-07-29T15:06:59.847491+00:00,batch_20260729_150659_a047a5
4759-PXTAN,0.0795,0,0.5,1.0.0,2026-07-29T15:06:59.847491+00:00,batch_20260729_150659_a047a5
7054-DMVAS,0.0197,0,0.5,1.0.0,2026-07-29T15:06:59.847491+00:00,batch_20260729_150659_a047a5
3428-MMGUB,0.1329,0,0.5,1.0.0,2026-07-29T15:06:59.847491+00:00,batch_20260729_150659_a047a5
6549-BTYPG,0.0209,0,0.5,1.0.0,2026-07-29T15:06:59.847491+00:00,batch_20260729_150659_a047a5
7823-JSOAG,0.667,1,0.5,1.0.0,2026-07-29T15:06:59.847491+00:00,batch_20260729_150659_a047a5
3705-RHRFR,0.0548,0,0.5,1.0.0,2026-07-29T15:06:59.847491+00:00,batch_20260729_150659_a047a5
9374-YOLBJ,0.2062,0,0.5,1.0.0,2026-07-29T15:06:59.847491+00:00,batch_20260729_150659_a047a5
9074-KGVOX,0.1052,0,0.5,1.0.0,2026-07-29T15:06:59.847491+00:00,batch_20260729_150659_a047a5
6128-DAFVY,0.1809,0,0.5,1.0.0,2026-07-29T15:06:59.847491+00:00,batch_20260729_150659_a047a5
9933-QRGTX,0.072,0,0.5,1.0.0,2026-07-29T15:06:59.847491+00:00,batch_20260729_150659_a047a5
4476-OSWTN,0.121,0,0.5,1.0.0,2026-07-29T15:06:59.847491+00:00,batch_20260729_150659_a047a5
3751-KTZEL,0.5415,1,0.5,1.0.0,2026-07-29T15:06:59.847491+00:00,batch_20260729_150659_a047a5
1977-STDKI,0.6821,1,0.5,1.0.0,2026-07-29T15:06:59.847491+00:00,batch_20260729_150659_a047a5
5066-GFJMM,0.241,0,0.5,1.0.0,2026-07-29T15:06:59.847491+00:00,batch_20260729_150659_a047a5
2661-GKBTK,0.012,0,0.5,1.0.0,2026-07-29T15:06:59.847491+00:00,batch_20260729_150659_a047a5
0458-HEUZG,0.082,0,0.5,1.0.0,2026-07-29T15:06:59.847491+00:00,batch_20260729_150659_a047a5
7268-WNTCP,0.0025,0,0.5,1.0.0,2026-07-29T15:06:59.847491+00:00,batch_20260729_150659_a047a5
0824-VWDPO,0.1305,0,0.5,1.0.0,2026-07-29T15:06:59.847491+00:00,batch_20260729_150659_a047a5
8409-WQJUX,0.2013,0,0.5,1.0.0,2026-07-29T15:06:59.847491+00:00,batch_20260729_150659_a047a5
2578-JQPHZ,0.0807,0,0.5,1.0.0,2026-07-29T15:06:59.847491+00:00,batch_20260729_150659_a047a5
3278-FSIXX,0.4317,0,0.5,1.0.0,2026-07-29T15:06:59.847491+00:00,batch_20260729_150659_a047a5
5813-UECBU,0.398,0,0.5,1.0.0,2026-07-29T15:06:59.847491+00:00,batch_20260729_150659_a047a5
0328-GRPMV,0.7178,1,0.5,1.0.0,2026-07-29T15:06:59.847491+00:00,batch_20260729_150659_a047a5
9746-UGFAC,0.0375,0,0.5,1.0.0,2026-07-29T15:06:59.847491+00:00,batch_20260729_150659_a047a5
2946-KIQSP,0.1744,0,0.5,1.0.0,2026-07-29T15:06:59.847491+00:00,batch_20260729_150659_a047a5
0625-AFOHS,0.0119,0,0.5,1.0.0,2026-07-29T15:06:59.847491+00:00,batch_20260729_150659_a047a5
6726-WEXXK,0.3151,0,0.5,1.0.0,2026-07-29T15:06:59.847491+00:00,batch_20260729_150659_a047a5
4636-OLWOE,0.0316,0,0.5,1.0.0,2026-07-29T15:06:59.847491+00:00,batch_20260729_150659_a047a5
4342-HENTK,0.7115,1,0.5,1.0.0,2026-07-29T15:06:59.847491+00:00,batch_20260729_150659_a047a5
4685-ERGHK,0.244,0,0.5,1.0.0,2026-07-29T15:06:59.847491+00:00,batch_20260729_150659_a047a5
0885-HMGPY,0.0071,0,0.5,1.0.0,2026-07-29T15:06:59.847491+00:00,batch_20260729_150659_a047a5
5003-OKNNK,0.0407,0,0.5,1.0.0,2026-07-29T15:06:59.847491+00:00,batch_20260729_150659_a047a5
4195-SMMNX,0.1822,0,0.5,1.0.0,2026-07-29T15:06:59.847491+00:00,batch_20260729_150659_a047a5
7208-PSIHR,0.077,0,0.5,1.0.0,2026-07-29T15:06:59.847491+00:00,batch_20260729_150659_a047a5
4012-ZTHBR,0.2815,0,0.5,1.0.0,2026-07-29T15:06:59.847491+00:00,batch_20260729_150659_a047a5
0489-WMEMG,0.0996,0,0.5,1.0.0,2026-07-29T15:06:59.847491+00:00,batch_20260729_150659_a047a5
7435-ZNUYY,0.0783,0,0.5,1.0.0,2026-07-29T15:06:59.847491+00:00,batch_20260729_150659_a047a5
1354-YZFNB,0.035,0,0.5,1.0.0,2026-07-29T15:06:59.847491+00:00,batch_20260729_150659_a047a5
6956-SMUCM,0.6403,1,0.5,1.0.0,2026-07-29T15:06:59.847491+00:00,batch_20260729_150659_a047a5
2985-FMWYF,0.7298,1,0.5,1.0.0,2026-07-29T15:06:59.847491+00:00,batch_20260729_150659_a047a5
2812-ENYMO,0.1,0,0.5,1.0.0,2026-07-29T15:06:59.847491+00:00,batch_20260729_150659_a047a5
2717-HVIZY,0.1174,0,0.5,1.0.0,2026-07-29T15:06:59.847491+00:00,batch_20260729_150659_a047a5
3223-WZWJM,0.6487,1,0.5,1.0.0,2026-07-29T15:06:59.847491+00:00,batch_20260729_150659_a047a5
3422-GALYP,0.7239,1,0.5,1.0.0,2026-07-29T15:06:59.847491+00:00,batch_20260729_150659_a047a5
9053-JZFKV,0.0424,0,0.5,1.0.0,2026-07-29T15:06:59.847491+00:00,batch_20260729_150659_a047a5
2530-ENDWQ,0.0933,0,0.5,1.0.0,2026-07-29T15:06:59.847491+00:00,batch_20260729_150659_a047a5
2890-WFBHU,0.0222,0,0.5,1.0.0,2026-07-29T15:06:59.847491+00:00,batch_20260729_150659_a047a5
0327-WFZSY,0.2974,0,0.5,1.0.0,2026-07-29T15:06:59.847491+00:00,batch_20260729_150659_a047a5
7977-HXJKU,0.0169,0,0.5,1.0.0,2026-07-29T15:06:59.847491+00:00,batch_20260729_150659_a047a5
6615-ZGEDR,0.1888,0,0.5,1.0.0,2026-07-29T15:06:59.847491+00:00,batch_20260729_150659_a047a5
7033-CLAMM,0.0049,0,0.5,1.0.0,2026-07-29T15:06:59.847491+00:00,batch_20260729_150659_a047a5
4023-RTIQM,0.1257,0,0.5,1.0.0,2026-07-29T15:06:59.847491+00:00,batch_20260729_150659_a047a5
0864-FVJNJ,0.0926,0,0.5,1.0.0,2026-07-29T15:06:59.847491+00:00,batch_20260729_150659_a047a5
7356-IWLFW,0.2601,0,0.5,1.0.0,2026-07-29T15:06:59.847491+00:00,batch_20260729_150659_a047a5
9541-PWTWO,0.0443,0,0.5,1.0.0,2026-07-29T15:06:59.847491+00:00,batch_20260729_150659_a047a5
3967-VQOGC,0.0042,0,0.5,1.0.0,2026-07-29T15:06:59.847491+00:00,batch_20260729_150659_a047a5
7872-RDDLZ,0.0609,0,0.5,1.0.0,2026-07-29T15:06:59.847491+00:00,batch_20260729_150659_a047a5
9250-WYPLL,0.6557,1,0.5,1.0.0,2026-07-29T15:06:59.847491+00:00,batch_20260729_150659_a047a5
6308-CQRBU,0.0701,0,0.5,1.0.0,2026-07-29T15:06:59.847491+00:00,batch_20260729_150659_a047a5
2754-XBHTB,0.6198,1,0.5,1.0.0,2026-07-29T15:06:59.847491+00:00,batch_20260729_150659_a047a5
1597-LHYNC,0.5415,1,0.5,1.0.0,2026-07-29T15:06:59.847491+00:00,batch_20260729_150659_a047a5
0186-CAERR,0.1061,0,0.5,1.0.0,2026-07-29T15:06:59.847491+00:00,batch_20260729_150659_a047a5
3043-SUDUA,0.0499,0,0.5,1.0.0,2026-07-29T15:06:59.847491+00:00,batch_20260729_150659_a047a5
5442-BHQNG,0.624,1,0.5,1.0.0,2026-07-29T15:06:59.847491+00:00,batch_20260729_150659_a047a5
2169-RRLFW,0.0029,0,0.5,1.0.0,2026-07-29T15:06:59.847491+00:00,batch_20260729_150659_a047a5
5872-OEQNH,0.0687,0,0.5,1.0.0,2026-07-29T15:06:59.847491+00:00,batch_20260729_150659_a047a5
3162-KKZXO,0.3337,0,0.5,1.0.0,2026-07-29T15:06:59.847491+00:00,batch_20260729_150659_a047a5
7055-VKGDA,0.1057,0,0.5,1.0.0,2026-07-29T15:06:59.847491+00:00,batch_20260729_150659_a047a5
0754-UKWQP,0.7966,1,0.5,1.0.0,2026-07-29T15:06:59.847491+00:00,batch_20260729_150659_a047a5
8873-GLDMH,0.6537,1,0.5,1.0.0,2026-07-29T15:06:59.847491+00:00,batch_20260729_150659_a047a5
5696-JVVQY,0.0203,0,0.5,1.0.0,2026-07-29T15:06:59.847491+00:00,batch_20260729_150659_a047a5
8946-BFWSG,0.0034,0,0.5,1.0.0,2026-07-29T15:06:59.847491+00:00,batch_20260729_150659_a047a5
7493-TPUWZ,0.7306,1,0.5,1.0.0,2026-07-29T15:06:59.847491+00:00,batch_20260729_150659_a047a5
0547-HURJB,0.0948,0,0.5,1.0.0,2026-07-29T15:06:59.847491+00:00,batch_20260729_150659_a047a5
8904-OPDCK,0.1092,0,0.5,1.0.0,2026-07-29T15:06:59.847491+00:00,batch_20260729_150659_a047a5
8845-LWKGE,0.1064,0,0.5,1.0.0,2026-07-29T15:06:59.847491+00:00,batch_20260729_150659_a047a5
1577-HKTFG,0.0562,0,0.5,1.0.0,2026-07-29T15:06:59.847491+00:00,batch_20260729_150659_a047a5
8752-STIVR,0.7384,1,0.5,1.0.0,2026-07-29T15:06:59.847491+00:00,batch_20260729_150659_a047a5
0691-NIKRI,0.2735,0,0.5,1.0.0,2026-07-29T15:06:59.847491+00:00,batch_20260729_150659_a047a5
5022-JNQEQ,0.5066,1,0.5,1.0.0,2026-07-29T15:06:59.847491+00:00,batch_20260729_150659_a047a5
4558-FANTW,0.3326,0,0.5,1.0.0,2026-07-29T15:06:59.847491+00:00,batch_20260729_150659_a047a5
3249-VHRIP,0.0273,0,0.5,1.0.0,2026-07-29T15:06:59.847491+00:00,batch_20260729_150659_a047a5
3736-BLEPA,0.1978,0,0.5,1.0.0,2026-07-29T15:06:59.847491+00:00,batch_20260729_150659_a047a5
4701-LKOZD,0.0119,0,0.5,1.0.0,2026-07-29T15:06:59.847491+00:00,batch_20260729_150659_a047a5
6603-QWSPR,0.1013,0,0.5,1.0.0,2026-07-29T15:06:59.847491+00:00,batch_20260729_150659_a047a5
9921-QFQUL,0.5035,1,0.5,1.0.0,2026-07-29T15:06:59.847491+00:00,batch_20260729_150659_a047a5
1929-ZCBHE,0.0315,0,0.5,1.0.0,2026-07-29T15:06:59.847491+00:00,batch_20260729_150659_a047a5
4378-MYPGO,0.0502,0,0.5,1.0.0,2026-07-29T15:06:59.847491+00:00,batch_20260729_150659_a047a5
8651-ENBZX,0.2471,0,0.5,1.0.0,2026-07-29T15:06:59.847491+00:00,batch_20260729_150659_a047a5
4129-LYCOI,0.083,0,0.5,1.0.0,2026-07-29T15:06:59.847491+00:00,batch_20260729_150659_a047a5
7798-JVXYM,0.4187,0,0.5,1.0.0,2026-07-29T15:06:59.847491+00:00,batch_20260729_150659_a047a5
8647-SDTWQ,0.2661,0,0.5,1.0.0,2026-07-29T15:06:59.847491+00:00,batch_20260729_150659_a047a5
2696-ECXKC,0.1197,0,0.5,1.0.0,2026-07-29T15:06:59.847491+00:00,batch_20260729_150659_a047a5
2081-KJSQF,0.2572,0,0.5,1.0.0,2026-07-29T15:06:59.847491+00:00,batch_20260729_150659_a047a5
7623-TRNQN,0.293,0,0.5,1.0.0,2026-07-29T15:06:59.847491+00:00,batch_20260729_150659_a047a5
3323-CPBWR,0.4813,0,0.5,1.0.0,2026-07-29T15:06:59.847491+00:00,batch_20260729_150659_a047a5
9330-IJWIO,0.7183,1,0.5,1.0.0,2026-07-29T15:06:59.847491+00:00,batch_20260729_150659_a047a5
3384-CTMSF,0.5699,1,0.5,1.0.0,2026-07-29T15:06:59.847491+00:00,batch_20260729_150659_a047a5
0902-RFHOF,0.0187,0,0.5,1.0.0,2026-07-29T15:06:59.847491+00:00,batch_20260729_150659_a047a5
9286-DOJGF,0.3894,0,0.5,1.0.0,2026-07-29T15:06:59.847491+00:00,batch_20260729_150659_a047a5
6048-QBXKL,0.4386,0,0.5,1.0.0,2026-07-29T15:06:59.847491+00:00,batch_20260729_150659_a047a5
9661-MHUMO,0.2828,0,0.5,1.0.0,2026-07-29T15:06:59.847491+00:00,batch_20260729_150659_a047a5
7718-RXDGG,0.5204,1,0.5,1.0.0,2026-07-29T15:06:59.847491+00:00,batch_20260729_150659_a047a5
1025-FALIX,0.4158,0,0.5,1.0.0,2026-07-29T15:06:59.847491+00:00,batch_20260729_150659_a047a5
3451-VAWLI,0.0086,0,0.5,1.0.0,2026-07-29T15:06:59.847491+00:00,batch_20260729_150659_a047a5
3407-QGWLG,0.1996,0,0.5,1.0.0,2026-07-29T15:06:59.847491+00:00,batch_20260729_150659_a047a5
1842-EZJMK,0.281,0,0.5,1.0.0,2026-07-29T15:06:59.847491+00:00,batch_20260729_150659_a047a5
2347-WKKAE,0.4691,0,0.5,1.0.0,2026-07-29T15:06:59.847491+00:00,batch_20260729_150659_a047a5
8735-DCXNF,0.2012,0,0.5,1.0.0,2026-07-29T15:06:59.847491+00:00,batch_20260729_150659_a047a5
3214-IYUUQ,0.0461,0,0.5,1.0.0,2026-07-29T15:06:59.847491+00:00,batch_20260729_150659_a047a5
1936-UAFEH,0.0358,0,0.5,1.0.0,2026-07-29T15:06:59.847491+00:00,batch_20260729_150659_a047a5
3587-PMCOY,0.5035,1,0.5,1.0.0,2026-07-29T15:06:59.847491+00:00,batch_20260729_150659_a047a5
8079-XRJRS,0.0793,0,0.5,1.0.0,2026-07-29T15:06:59.847491+00:00,batch_20260729_150659_a047a5
1027-LKKQQ,0.0108,0,0.5,1.0.0,2026-07-29T15:06:59.847491+00:00,batch_20260729_150659_a047a5
7148-XZPHA,0.1141,0,0.5,1.0.0,2026-07-29T15:06:59.847491+00:00,batch_20260729_150659_a047a5
8073-IJDCM,0.2572,0,0.5,1.0.0,2026-07-29T15:06:59.847491+00:00,batch_20260729_150659_a047a5
5309-TAIKL,0.2547,0,0.5,1.0.0,2026-07-29T15:06:59.847491+00:00,batch_20260729_150659_a047a5
6856-RAURS,0.6866,1,0.5,1.0.0,2026-07-29T15:06:59.847491+00:00,batch_20260729_150659_a047a5
8778-LMWTJ,0.5794,1,0.5,1.0.0,2026-07-29T15:06:59.847491+00:00,batch_20260729_150659_a047a5
9717-IOAAF,0.0239,0,0.5,1.0.0,2026-07-29T15:06:59.847491+00:00,batch_20260729_150659_a047a5
8884-ADFVN,0.8132,1,0.5,1.0.0,2026-07-29T15:06:59.847491+00:00,batch_20260729_150659_a047a5
2845-KDHVX,0.0147,0,0.5,1.0.0,2026-07-29T15:06:59.847491+00:00,batch_20260729_150659_a047a5
0848-SOMKO,0.0081,0,0.5,1.0.0,2026-07-29T15:06:59.847491+00:00,batch_20260729_150659_a047a5
2720-WGKHP,0.8275,1,0.5,1.0.0,2026-07-29T15:06:59.847491+00:00,batch_20260729_150659_a047a5
6734-FQAJX,0.0627,0,0.5,1.0.0,2026-07-29T15:06:59.847491+00:00,batch_20260729_150659_a047a5
2869-ADAWR,0.3726,0,0.5,1.0.0,2026-07-29T15:06:59.847491+00:00,batch_20260729_150659_a047a5
1535-VTJOQ,0.0225,0,0.5,1.0.0,2026-07-29T15:06:59.847491+00:00,batch_20260729_150659_a047a5
6368-TZZDT,0.0352,0,0.5,1.0.0,2026-07-29T15:06:59.847491+00:00,batch_20260729_150659_a047a5
0943-ZQPXH,0.3792,0,0.5,1.0.0,2026-07-29T15:06:59.847491+00:00,batch_20260729_150659_a047a5
1293-BSEUN,0.0025,0,0.5,1.0.0,2026-07-29T15:06:59.847491+00:00,batch_20260729_150659_a047a5
9894-EZEWG,0.5929,1,0.5,1.0.0,2026-07-29T15:06:59.847491+00:00,batch_20260729_150659_a047a5
1302-TPUBN,0.0025,0,0.5,1.0.0,2026-07-29T15:06:59.847491+00:00,batch_20260729_150659_a047a5
7851-FLGGQ,0.4975,0,0.5,1.0.0,2026-07-29T15:06:59.847491+00:00,batch_20260729_150659_a047a5
0637-UBJRP,0.4533,0,0.5,1.0.0,2026-07-29T15:06:59.847491+00:00,batch_20260729_150659_a047a5
0940-OUQEC,0.5821,1,0.5,1.0.0,2026-07-29T15:06:59.847491+00:00,batch_20260729_150659_a047a5
2378-VTKDH,0.4253,0,0.5,1.0.0,2026-07-29T15:06:59.847491+00:00,batch_20260729_150659_a047a5
0927-CNGRH,0.155,0,0.5,1.0.0,2026-07-29T15:06:59.847491+00:00,batch_20260729_150659_a047a5
8608-OZTLB,0.0372,0,0.5,1.0.0,2026-07-29T15:06:59.847491+00:00,batch_20260729_150659_a047a5
2335-GSODA,0.0316,0,0.5,1.0.0,2026-07-29T15:06:59.847491+00:00,batch_20260729_150659_a047a5
1952-DVVSW,0.0663,0,0.5,1.0.0,2026-07-29T15:06:59.847491+00:00,batch_20260729_150659_a047a5
0702-PGIBZ,0.7556,1,0.5,1.0.0,2026-07-29T15:06:59.847491+00:00,batch_20260729_150659_a047a5
6656-GULJQ,0.0138,0,0.5,1.0.0,2026-07-29T15:06:59.847491+00:00,batch_20260729_150659_a047a5
9853-JFZDU,0.1044,0,0.5,1.0.0,2026-07-29T15:06:59.847491+00:00,batch_20260729_150659_a047a5
1963-VAUKV,0.1895,0,0.5,1.0.0,2026-07-29T15:06:59.847491+00:00,batch_20260729_150659_a047a5
3777-XROBG,0.0029,0,0.5,1.0.0,2026-07-29T15:06:59.847491+00:00,batch_20260729_150659_a047a5
6994-FGRHH,0.1199,0,0.5,1.0.0,2026-07-29T15:06:59.847491+00:00,batch_20260729_150659_a047a5
4000-VGMQP,0.082,0,0.5,1.0.0,2026-07-29T15:06:59.847491+00:00,batch_20260729_150659_a047a5
3999-WRNGR,0.1699,0,0.5,1.0.0,2026-07-29T15:06:59.847491+00:00,batch_20260729_150659_a047a5
3466-RITXD,0.4255,0,0.5,1.0.0,2026-07-29T15:06:59.847491+00:00,batch_20260729_150659_a047a5
2680-XKKNJ,0.0666,0,0.5,1.0.0,2026-07-29T15:06:59.847491+00:00,batch_20260729_150659_a047a5
3058-HJCUY,0.2877,0,0.5,1.0.0,2026-07-29T15:06:59.847491+00:00,batch_20260729_150659_a047a5
2974-GGUXS,0.4503,0,0.5,1.0.0,2026-07-29T15:06:59.847491+00:00,batch_20260729_150659_a047a5
7994-XIRTR,0.0288,0,0.5,1.0.0,2026-07-29T15:06:59.847491+00:00,batch_20260729_150659_a047a5
3259-FDWOY,0.0844,0,0.5,1.0.0,2026-07-29T15:06:59.847491+00:00,batch_20260729_150659_a047a5
2101-RANCD,0.3397,0,0.5,1.0.0,2026-07-29T15:06:59.847491+00:00,batch_20260729_150659_a047a5
7921-BEPCI,0.0065,0,0.5,1.0.0,2026-07-29T15:06:59.847491+00:00,batch_20260729_150659_a047a5
0807-ZABDG,0.2127,0,0.5,1.0.0,2026-07-29T15:06:59.847491+00:00,batch_20260729_150659_a047a5
8510-TMWYB,0.0214,0,0.5,1.0.0,2026-07-29T15:06:59.847491+00:00,batch_20260729_150659_a047a5
3258-ZKPAI,0.0451,0,0.5,1.0.0,2026-07-29T15:06:59.847491+00:00,batch_20260729_150659_a047a5
1428-IEDPR,0.1319,0,0.5,1.0.0,2026-07-29T15:06:59.847491+00:00,batch_20260729_150659_a047a5
5298-GSTLM,0.1822,0,0.5,1.0.0,2026-07-29T15:06:59.847491+00:00,batch_20260729_150659_a047a5
4450-YOOHP,0.3138,0,0.5,1.0.0,2026-07-29T15:06:59.847491+00:00,batch_20260729_150659_a047a5
6728-CZFEI,0.1546,0,0.5,1.0.0,2026-07-29T15:06:59.847491+00:00,batch_20260729_150659_a047a5
5748-RNCJT,0.0837,0,0.5,1.0.0,2026-07-29T15:06:59.847491+00:00,batch_20260729_150659_a047a5
3653-NCRDJ,0.0173,0,0.5,1.0.0,2026-07-29T15:06:59.847491+00:00,batch_20260729_150659_a047a5
6121-TNHBO,0.0205,0,0.5,1.0.0,2026-07-29T15:06:59.847491+00:00,batch_20260729_150659_a047a5
5119-NZPTV,0.6266,1,0.5,1.0.0,2026-07-29T15:06:59.847491+00:00,batch_20260729_150659_a047a5
6519-ZHPXP,0.0308,0,0.5,1.0.0,2026-07-29T15:06:59.847491+00:00,batch_20260729_150659_a047a5
7739-LAXOG,0.471,0,0.5,1.0.0,2026-07-29T15:06:59.847491+00:00,batch_20260729_150659_a047a5
3472-QPRCH,0.0089,0,0.5,1.0.0,2026-07-29T15:06:59.847491+00:00,batch_20260729_150659_a047a5
8224-UAXBZ,0.0613,0,0.5,1.0.0,2026-07-29T15:06:59.847491+00:00,batch_20260729_150659_a047a5
9610-WCESF,0.0124,0,0.5,1.0.0,2026-07-29T15:06:59.847491+00:00,batch_20260729_150659_a047a5
9776-CLUJA,0.2928,0,0.5,1.0.0,2026-07-29T15:06:59.847491+00:00,batch_20260729_150659_a047a5
2486-WYVVE,0.1534,0,0.5,1.0.0,2026-07-29T15:06:59.847491+00:00,batch_20260729_150659_a047a5
3865-ZYKAD,0.1322,0,0.5,1.0.0,2026-07-29T15:06:59.847491+00:00,batch_20260729_150659_a047a5
1422-DGUBX,0.2655,0,0.5,1.0.0,2026-07-29T15:06:59.847491+00:00,batch_20260729_150659_a047a5
2999-AANRQ,0.0293,0,0.5,1.0.0,2026-07-29T15:06:59.847491+00:00,batch_20260729_150659_a047a5
8668-KNZTI,0.0327,0,0.5,1.0.0,2026-07-29T15:06:59.847491+00:00,batch_20260729_150659_a047a5
0480-KYJVA,0.0021,0,0.5,1.0.0,2026-07-29T15:06:59.847491+00:00,batch_20260729_150659_a047a5
6034-ZRYCV,0.0396,0,0.5,1.0.0,2026-07-29T15:06:59.847491+00:00,batch_20260729_150659_a047a5
9746-YKGXB,0.0351,0,0.5,1.0.0,2026-07-29T15:06:59.847491+00:00,batch_20260729_150659_a047a5
3926-YZVVX,0.031,0,0.5,1.0.0,2026-07-29T15:06:59.847491+00:00,batch_20260729_150659_a047a5
6000-UKLWI,0.0086,0,0.5,1.0.0,2026-07-29T15:06:59.847491+00:00,batch_20260729_150659_a047a5
2079-FBMZK,0.6025,1,0.5,1.0.0,2026-07-29T15:06:59.847491+00:00,batch_20260729_150659_a047a5
6332-FBZRI,0.0135,0,0.5,1.0.0,2026-07-29T15:06:59.847491+00:00,batch_20260729_150659_a047a5
2096-XOTMO,0.0838,0,0.5,1.0.0,2026-07-29T15:06:59.847491+00:00,batch_20260729_150659_a047a5
3266-FTKHB,0.0257,0,0.5,1.0.0,2026-07-29T15:06:59.847491+00:00,batch_20260729_150659_a047a5
8221-EQDGL,0.0862,0,0.5,1.0.0,2026-07-29T15:06:59.847491+00:00,batch_20260729_150659_a047a5
2346-LOCWC,0.003,0,0.5,1.0.0,2026-07-29T15:06:59.847491+00:00,batch_20260729_150659_a047a5
6608-QQLVK,0.5296,1,0.5,1.0.0,2026-07-29T15:06:59.847491+00:00,batch_20260729_150659_a047a5
0298-XACET,0.0164,0,0.5,1.0.0,2026-07-29T15:06:59.847491+00:00,batch_20260729_150659_a047a5
7560-QJAVJ,0.0094,0,0.5,1.0.0,2026-07-29T15:06:59.847491+00:00,batch_20260729_150659_a047a5
2995-YWTCD,0.0338,0,0.5,1.0.0,2026-07-29T15:06:59.847491+00:00,batch_20260729_150659_a047a5
3551-HUAZH,0.7607,1,0.5,1.0.0,2026-07-29T15:06:59.847491+00:00,batch_20260729_150659_a047a5
9137-UIYPG,0.383,0,0.5,1.0.0,2026-07-29T15:06:59.847491+00:00,batch_20260729_150659_a047a5
2809-ZMYOQ,0.6878,1,0.5,1.0.0,2026-07-29T15:06:59.847491+00:00,batch_20260729_150659_a047a5
5084-OOVCJ,0.1312,0,0.5,1.0.0,2026-07-29T15:06:59.847491+00:00,batch_20260729_150659_a047a5
0254-WWRKD,0.0118,0,0.5,1.0.0,2026-07-29T15:06:59.847491+00:00,batch_20260729_150659_a047a5
7727-SHVZV,0.1325,0,0.5,1.0.0,2026-07-29T15:06:59.847491+00:00,batch_20260729_150659_a047a5
6302-JGYRJ,0.1091,0,0.5,1.0.0,2026-07-29T15:06:59.847491+00:00,batch_20260729_150659_a047a5
5339-PXDVH,0.6327,1,0.5,1.0.0,2026-07-29T15:06:59.847491+00:00,batch_20260729_150659_a047a5
2205-LPVGL,0.0527,0,0.5,1.0.0,2026-07-29T15:06:59.847491+00:00,batch_20260729_150659_a047a5
8782-NUUOL,0.0257,0,0.5,1.0.0,2026-07-29T15:06:59.847491+00:00,batch_20260729_150659_a047a5
3685-YLCMQ,0.2551,0,0.5,1.0.0,2026-07-29T15:06:59.847491+00:00,batch_20260729_150659_a047a5
7601-WFVZV,0.1887,0,0.5,1.0.0,2026-07-29T15:06:59.847491+00:00,batch_20260729_150659_a047a5
4609-KNNWG,0.0131,0,0.5,1.0.0,2026-07-29T15:06:59.847491+00:00,batch_20260729_150659_a047a5
4868-AADLV,0.1389,0,0.5,1.0.0,2026-07-29T15:06:59.847491+00:00,batch_20260729_150659_a047a5
9529-OFXHY,0.5449,1,0.5,1.0.0,2026-07-29T15:06:59.847491+00:00,batch_20260729_150659_a047a5
8634-MPHTR,0.5949,1,0.5,1.0.0,2026-07-29T15:06:59.847491+00:00,batch_20260729_150659_a047a5
2669-QVCRG,0.2893,0,0.5,1.0.0,2026-07-29T15:06:59.847491+00:00,batch_20260729_150659_a047a5
2478-EEWWM,0.2252,0,0.5,1.0.0,2026-07-29T15:06:59.847491+00:00,batch_20260729_150659_a047a5
9174-IHETN,0.0383,0,0.5,1.0.0,2026-07-29T15:06:59.847491+00:00,batch_20260729_150659_a047a5
2233-TXSIU,0.1293,0,0.5,1.0.0,2026-07-29T15:06:59.847491+00:00,batch_20260729_150659_a047a5
9644-UMGQA,0.3377,0,0.5,1.0.0,2026-07-29T15:06:59.847491+00:00,batch_20260729_150659_a047a5
3256-EZDBI,0.109,0,0.5,1.0.0,2026-07-29T15:06:59.847491+00:00,batch_20260729_150659_a047a5
8761-NSOBC,0.3147,0,0.5,1.0.0,2026-07-29T15:06:59.847491+00:00,batch_20260729_150659_a047a5
0419-YAAPX,0.2957,0,0.5,1.0.0,2026-07-29T15:06:59.847491+00:00,batch_20260729_150659_a047a5
8413-VONUO,0.6894,1,0.5,1.0.0,2026-07-29T15:06:59.847491+00:00,batch_20260729_150659_a047a5
0872-CASZJ,0.0344,0,0.5,1.0.0,2026-07-29T15:06:59.847491+00:00,batch_20260729_150659_a047a5
4726-DLWQN,0.1133,0,0.5,1.0.0,2026-07-29T15:06:59.847491+00:00,batch_20260729_150659_a047a5
8164-OCKUJ,0.0031,0,0.5,1.0.0,2026-07-29T15:06:59.847491+00:00,batch_20260729_150659_a047a5
3094-JOJAI,0.465,0,0.5,1.0.0,2026-07-29T15:06:59.847491+00:00,batch_20260729_150659_a047a5
9494-MRNYX,0.616,1,0.5,1.0.0,2026-07-29T15:06:59.847491+00:00,batch_20260729_150659_a047a5
2599-CZABP,0.1702,0,0.5,1.0.0,2026-07-29T15:06:59.847491+00:00,batch_20260729_150659_a047a5
7945-PRBVF,0.011,0,0.5,1.0.0,2026-07-29T15:06:59.847491+00:00,batch_20260729_150659_a047a5
4544-RXFMG,0.1771,0,0.5,1.0.0,2026-07-29T15:06:59.847491+00:00,batch_20260729_150659_a047a5
0859-YGKFW,0.0357,0,0.5,1.0.0,2026-07-29T15:06:59.847491+00:00,batch_20260729_150659_a047a5
1150-FTQGN,0.0686,0,0.5,1.0.0,2026-07-29T15:06:59.847491+00:00,batch_20260729_150659_a047a5
9223-UCPVT,0.7292,1,0.5,1.0.0,2026-07-29T15:06:59.847491+00:00,batch_20260729_150659_a047a5
7196-LIWRH,0.0422,0,0.5,1.0.0,2026-07-29T15:06:59.847491+00:00,batch_20260729_150659_a047a5
5448-VWNAM,0.1736,0,0.5,1.0.0,2026-07-29T15:06:59.847491+00:00,batch_20260729_150659_a047a5
1177-XZBJL,0.0143,0,0.5,1.0.0,2026-07-29T15:06:59.847491+00:00,batch_20260729_150659_a047a5
3518-FSTWG,0.075,0,0.5,1.0.0,2026-07-29T15:06:59.847491+00:00,batch_20260729_150659_a047a5
9330-VOFSZ,0.0942,0,0.5,1.0.0,2026-07-29T15:06:59.847491+00:00,batch_20260729_150659_a047a5
4351-QLCSU,0.4805,0,0.5,1.0.0,2026-07-29T15:06:59.847491+00:00,batch_20260729_150659_a047a5
0939-EREMR,0.1503,0,0.5,1.0.0,2026-07-29T15:06:59.847491+00:00,batch_20260729_150659_a047a5
9389-ACWBI,0.4432,0,0.5,1.0.0,2026-07-29T15:06:59.847491+00:00,batch_20260729_150659_a047a5
5419-JPRRN,0.8353,1,0.5,1.0.0,2026-07-29T15:06:59.847491+00:00,batch_20260729_150659_a047a5
3644-QXEHN,0.6118,1,0.5,1.0.0,2026-07-29T15:06:59.847491+00:00,batch_20260729_150659_a047a5
2911-IJORQ,0.0856,0,0.5,1.0.0,2026-07-29T15:06:59.847491+00:00,batch_20260729_150659_a047a5
5921-NGYRH,0.1322,0,0.5,1.0.0,2026-07-29T15:06:59.847491+00:00,batch_20260729_150659_a047a5
2100-BDNSN,0.3165,0,0.5,1.0.0,2026-07-29T15:06:59.847491+00:00,batch_20260729_150659_a047a5
5998-DZLYR,0.0604,0,0.5,1.0.0,2026-07-29T15:06:59.847491+00:00,batch_20260729_150659_a047a5
0488-GSLFR,0.717,1,0.5,1.0.0,2026-07-29T15:06:59.847491+00:00,batch_20260729_150659_a047a5
9318-NKNFC,0.2555,0,0.5,1.0.0,2026-07-29T15:06:59.847491+00:00,batch_20260729_150659_a047a5
3985-HOYPM,0.0323,0,0.5,1.0.0,2026-07-29T15:06:59.847491+00:00,batch_20260729_150659_a047a5
9728-FTTVZ,0.7167,1,0.5,1.0.0,2026-07-29T15:06:59.847491+00:00,batch_20260729_150659_a047a5
9548-LERKT,0.019,0,0.5,1.0.0,2026-07-29T15:06:59.847491+00:00,batch_20260729_150659_a047a5
6576-FBXOJ,0.2556,0,0.5,1.0.0,2026-07-29T15:06:59.847491+00:00,batch_20260729_150659_a047a5
4310-KEDTB,0.2682,0,0.5,1.0.0,2026-07-29T15:06:59.847491+00:00,batch_20260729_150659_a047a5
7254-IQWOZ,0.7172,1,0.5,1.0.0,2026-07-29T15:06:59.847491+00:00,batch_20260729_150659_a047a5
2474-BRUCM,0.4545,0,0.5,1.0.0,2026-07-29T15:06:59.847491+00:00,batch_20260729_150659_a047a5
4062-HBMOS,0.5153,1,0.5,1.0.0,2026-07-29T15:06:59.847491+00:00,batch_20260729_150659_a047a5
0742-NXBGR,0.6899,1,0.5,1.0.0,2026-07-29T15:06:59.847491+00:00,batch_20260729_150659_a047a5
2676-ISHSF,0.1894,0,0.5,1.0.0,2026-07-29T15:06:59.847491+00:00,batch_20260729_150659_a047a5
9236-NDUCW,0.0427,0,0.5,1.0.0,2026-07-29T15:06:59.847491+00:00,batch_20260729_150659_a047a5
4753-PADAS,0.1822,0,0.5,1.0.0,2026-07-29T15:06:59.847491+00:00,batch_20260729_150659_a047a5
6103-QCKFX,0.0358,0,0.5,1.0.0,2026-07-29T15:06:59.847491+00:00,batch_20260729_150659_a047a5
7781-EWARA,0.0316,0,0.5,1.0.0,2026-07-29T15:06:59.847491+00:00,batch_20260729_150659_a047a5
6110-OHIHY,0.6656,1,0.5,1.0.0,2026-07-29T15:06:59.847491+00:00,batch_20260729_150659_a047a5
7018-FPXHH,0.0115,0,0.5,1.0.0,2026-07-29T15:06:59.847491+00:00,batch_20260729_150659_a047a5
5889-LFOLL,0.7344,1,0.5,1.0.0,2026-07-29T15:06:59.847491+00:00,batch_20260729_150659_a047a5
5708-EVONK,0.1975,0,0.5,1.0.0,2026-07-29T15:06:59.847491+00:00,batch_20260729_150659_a047a5
8708-XPXHZ,0.5572,1,0.5,1.0.0,2026-07-29T15:06:59.847491+00:00,batch_20260729_150659_a047a5
0616-ATFGB,0.5704,1,0.5,1.0.0,2026-07-29T15:06:59.847491+00:00,batch_20260729_150659_a047a5
0572-ZJKLT,0.0475,0,0.5,1.0.0,2026-07-29T15:06:59.847491+00:00,batch_20260729_150659_a047a5
5135-RDDQL,0.0089,0,0.5,1.0.0,2026-07-29T15:06:59.847491+00:00,batch_20260729_150659_a047a5
1353-LJWEM,0.3076,0,0.5,1.0.0,2026-07-29T15:06:59.847491+00:00,batch_20260729_150659_a047a5
1794-SWWKL,0.2308,0,0.5,1.0.0,2026-07-29T15:06:59.847491+00:00,batch_20260729_150659_a047a5
6166-YIPFO,0.0227,0,0.5,1.0.0,2026-07-29T15:06:59.847491+00:00,batch_20260729_150659_a047a5
7016-BPGEU,0.2689,0,0.5,1.0.0,2026-07-29T15:06:59.847491+00:00,batch_20260729_150659_a047a5
6876-ADESB,0.3723,0,0.5,1.0.0,2026-07-29T15:06:59.847491+00:00,batch_20260729_150659_a047a5
9332-GYWLO,0.3804,0,0.5,1.0.0,2026-07-29T15:06:59.847491+00:00,batch_20260729_150659_a047a5
1963-SVUCV,0.4291,0,0.5,1.0.0,2026-07-29T15:06:59.847491+00:00,batch_20260729_150659_a047a5
4184-VODJZ,0.1663,0,0.5,1.0.0,2026-07-29T15:06:59.847491+00:00,batch_20260729_150659_a047a5
0220-EBGCE,0.7593,1,0.5,1.0.0,2026-07-29T15:06:59.847491+00:00,batch_20260729_150659_a047a5
1092-WPIVQ,0.025,0,0.5,1.0.0,2026-07-29T15:06:59.847491+00:00,batch_20260729_150659_a047a5
7233-IOQNP,0.0649,0,0.5,1.0.0,2026-07-29T15:06:59.847491+00:00,batch_20260729_150659_a047a5
2834-JKOOW,0.0899,0,0.5,1.0.0,2026-07-29T15:06:59.847491+00:00,batch_20260729_150659_a047a5
2754-VDLTR,0.6703,1,0.5,1.0.0,2026-07-29T15:06:59.847491+00:00,batch_20260729_150659_a047a5
2400-FEQME,0.0037,0,0.5,1.0.0,2026-07-29T15:06:59.847491+00:00,batch_20260729_150659_a047a5
3190-XFANI,0.1825,0,0.5,1.0.0,2026-07-29T15:06:59.847491+00:00,batch_20260729_150659_a047a5
7551-DACSP,0.3108,0,0.5,1.0.0,2026-07-29T15:06:59.847491+00:00,batch_20260729_150659_a047a5
4957-SREEC,0.0017,0,0.5,1.0.0,2026-07-29T15:06:59.847491+00:00,batch_20260729_150659_a047a5
7235-NXZCP,0.6876,1,0.5,1.0.0,2026-07-29T15:06:59.847491+00:00,batch_20260729_150659_a047a5
0230-UBYPQ,0.0138,0,0.5,1.0.0,2026-07-29T15:06:59.847491+00:00,batch_20260729_150659_a047a5
4923-ADWXJ,0.1892,0,0.5,1.0.0,2026-07-29T15:06:59.847491+00:00,batch_20260729_150659_a047a5
1763-KUAAW,0.0446,0,0.5,1.0.0,2026-07-29T15:06:59.847491+00:00,batch_20260729_150659_a047a5
1104-TNLZA,0.5858,1,0.5,1.0.0,2026-07-29T15:06:59.847491+00:00,batch_20260729_150659_a047a5
5195-KPUNQ,0.0887,0,0.5,1.0.0,2026-07-29T15:06:59.847491+00:00,batch_20260729_150659_a047a5
0520-FDVVT,0.3025,0,0.5,1.0.0,2026-07-29T15:06:59.847491+00:00,batch_20260729_150659_a047a5
3439-GVUSX,0.4823,0,0.5,1.0.0,2026-07-29T15:06:59.847491+00:00,batch_20260729_150659_a047a5
1444-VVSGW,0.0718,0,0.5,1.0.0,2026-07-29T15:06:59.847491+00:00,batch_20260729_150659_a047a5
5712-PTIWW,0.6218,1,0.5,1.0.0,2026-07-29T15:06:59.847491+00:00,batch_20260729_150659_a047a5
5949-HGVJL,0.2982,0,0.5,1.0.0,2026-07-29T15:06:59.847491+00:00,batch_20260729_150659_a047a5
5203-XEHAX,0.0711,0,0.5,1.0.0,2026-07-29T15:06:59.847491+00:00,batch_20260729_150659_a047a5
1635-HDGFT,0.0188,0,0.5,1.0.0,2026-07-29T15:06:59.847491+00:00,batch_20260729_150659_a047a5
3315-TOTBP,0.5886,1,0.5,1.0.0,2026-07-29T15:06:59.847491+00:00,batch_20260729_150659_a047a5
8050-XGRVL,0.0126,0,0.5,1.0.0,2026-07-29T15:06:59.847491+00:00,batch_20260729_150659_a047a5
6661-HBGWL,0.49,0,0.5,1.0.0,2026-07-29T15:06:59.847491+00:00,batch_20260729_150659_a047a5
1518-VOWAV,0.4449,0,0.5,1.0.0,2026-07-29T15:06:59.847491+00:00,batch_20260729_150659_a047a5
9828-QHFBK,0.2446,0,0.5,1.0.0,2026-07-29T15:06:59.847491+00:00,batch_20260729_150659_a047a5
3908-MKIMJ,0.0183,0,0.5,1.0.0,2026-07-29T15:06:59.847491+00:00,batch_20260729_150659_a047a5
5012-YSPJJ,0.0818,0,0.5,1.0.0,2026-07-29T15:06:59.847491+00:00,batch_20260729_150659_a047a5
5909-ECHUI,0.5858,1,0.5,1.0.0,2026-07-29T15:06:59.847491+00:00,batch_20260729_150659_a047a5
1309-BXVOQ,0.6679,1,0.5,1.0.0,2026-07-29T15:06:59.847491+00:00,batch_20260729_150659_a047a5
6728-VOIFY,0.212,0,0.5,1.0.0,2026-07-29T15:06:59.847491+00:00,batch_20260729_150659_a047a5
9317-WZPGV,0.6794,1,0.5,1.0.0,2026-07-29T15:06:59.847491+00:00,batch_20260729_150659_a047a5
4891-NLUBA,0.0244,0,0.5,1.0.0,2026-07-29T15:06:59.847491+00:00,batch_20260729_150659_a047a5
2856-HYAPG,0.6298,1,0.5,1.0.0,2026-07-29T15:06:59.847491+00:00,batch_20260729_150659_a047a5
8969-PRHFK,0.0467,0,0.5,1.0.0,2026-07-29T15:06:59.847491+00:00,batch_20260729_150659_a047a5
0661-KQHNK,0.0594,0,0.5,1.0.0,2026-07-29T15:06:59.847491+00:00,batch_20260729_150659_a047a5
8709-KRDVL,0.6367,1,0.5,1.0.0,2026-07-29T15:06:59.847491+00:00,batch_20260729_150659_a047a5
4488-PSYCG,0.1005,0,0.5,1.0.0,2026-07-29T15:06:59.847491+00:00,batch_20260729_150659_a047a5
1427-VERSM,0.3692,0,0.5,1.0.0,2026-07-29T15:06:59.847491+00:00,batch_20260729_150659_a047a5
9801-NOSHQ,0.0295,0,0.5,1.0.0,2026-07-29T15:06:59.847491+00:00,batch_20260729_150659_a047a5
6339-YPSAH,0.6621,1,0.5,1.0.0,2026-07-29T15:06:59.847491+00:00,batch_20260729_150659_a047a5
3621-CEOVK,0.7487,1,0.5,1.0.0,2026-07-29T15:06:59.847491+00:00,batch_20260729_150659_a047a5
6906-ANDWJ,0.5194,1,0.5,1.0.0,2026-07-29T15:06:59.847491+00:00,batch_20260729_150659_a047a5
2159-TURXX,0.1545,0,0.5,1.0.0,2026-07-29T15:06:59.847491+00:00,batch_20260729_150659_a047a5
1548-FEHVL,0.3793,0,0.5,1.0.0,2026-07-29T15:06:59.847491+00:00,batch_20260729_150659_a047a5
3795-CAWEX,0.047,0,0.5,1.0.0,2026-07-29T15:06:59.847491+00:00,batch_20260729_150659_a047a5
6215-NQCPY,0.7065,1,0.5,1.0.0,2026-07-29T15:06:59.847491+00:00,batch_20260729_150659_a047a5
5647-URDKA,0.0308,0,0.5,1.0.0,2026-07-29T15:06:59.847491+00:00,batch_20260729_150659_a047a5
2229-DPMBI,0.031,0,0.5,1.0.0,2026-07-29T15:06:59.847491+00:00,batch_20260729_150659_a047a5
9626-WEQRM,0.4592,0,0.5,1.0.0,2026-07-29T15:06:59.847491+00:00,batch_20260729_150659_a047a5
2188-SXWVT,0.0402,0,0.5,1.0.0,2026-07-29T15:06:59.847491+00:00,batch_20260729_150659_a047a5
6258-PVZWJ,0.0194,0,0.5,1.0.0,2026-07-29T15:06:59.847491+00:00,batch_20260729_150659_a047a5
1094-BKOSX,0.0404,0,0.5,1.0.0,2026-07-29T15:06:59.847491+00:00,batch_20260729_150659_a047a5
6969-MVBAI,0.7581,1,0.5,1.0.0,2026-07-29T15:06:59.847491+00:00,batch_20260729_150659_a047a5
2978-XXSOG,0.1727,0,0.5,1.0.0,2026-07-29T15:06:59.847491+00:00,batch_20260729_150659_a047a5
2342-CKIAO,0.1824,0,0.5,1.0.0,2026-07-29T15:06:59.847491+00:00,batch_20260729_150659_a047a5
6953-PBDIN,0.0106,0,0.5,1.0.0,2026-07-29T15:06:59.847491+00:00,batch_20260729_150659_a047a5
3898-BSJYF,0.0897,0,0.5,1.0.0,2026-07-29T15:06:59.847491+00:00,batch_20260729_150659_a047a5
3938-YFPXD,0.0115,0,0.5,1.0.0,2026-07-29T15:06:59.847491+00:00,batch_20260729_150659_a047a5
7696-AMHOD,0.0495,0,0.5,1.0.0,2026-07-29T15:06:59.847491+00:00,batch_20260729_150659_a047a5
2453-SAFNS,0.0341,0,0.5,1.0.0,2026-07-29T15:06:59.847491+00:00,batch_20260729_150659_a047a5
9558-IHEZX,0.0658,0,0.5,1.0.0,2026-07-29T15:06:59.847491+00:00,batch_20260729_150659_a047a5
9617-UDPEU,0.0558,0,0.5,1.0.0,2026-07-29T15:06:59.847491+00:00,batch_20260729_150659_a047a5
6340-DACFT,0.0044,0,0.5,1.0.0,2026-07-29T15:06:59.847491+00:00,batch_20260729_150659_a047a5
4955-VCWBI,0.0119,0,0.5,1.0.0,2026-07-29T15:06:59.847491+00:00,batch_20260729_150659_a047a5
6813-GZQCG,0.0106,0,0.5,1.0.0,2026-07-29T15:06:59.847491+00:00,batch_20260729_150659_a047a5
7426-GSWPO,0.2661,0,0.5,1.0.0,2026-07-29T15:06:59.847491+00:00,batch_20260729_150659_a047a5
3389-KTRXV,0.0203,0,0.5,1.0.0,2026-07-29T15:06:59.847491+00:00,batch_20260729_150659_a047a5
3118-UHVVQ,0.0034,0,0.5,1.0.0,2026-07-29T15:06:59.847491+00:00,batch_20260729_150659_a047a5
1031-IIDEO,0.7188,1,0.5,1.0.0,2026-07-29T15:06:59.847491+00:00,batch_20260729_150659_a047a5
5832-XKAES,0.6225,1,0.5,1.0.0,2026-07-29T15:06:59.847491+00:00,batch_20260729_150659_a047a5
3205-MXZRA,0.0687,0,0.5,1.0.0,2026-07-29T15:06:59.847491+00:00,batch_20260729_150659_a047a5
4701-AHWMW,0.1491,0,0.5,1.0.0,2026-07-29T15:06:59.847491+00:00,batch_20260729_150659_a047a5
8317-BVKSO,0.2104,0,0.5,1.0.0,2026-07-29T15:06:59.847491+00:00,batch_20260729_150659_a047a5
5702-KVQRD,0.0209,0,0.5,1.0.0,2026-07-29T15:06:59.847491+00:00,batch_20260729_150659_a047a5
0083-PIVIK,0.0301,0,0.5,1.0.0,2026-07-29T15:06:59.847491+00:00,batch_20260729_150659_a047a5
9210-IAHGH,0.3849,0,0.5,1.0.0,2026-07-29T15:06:59.847491+00:00,batch_20260729_150659_a047a5
6169-PGNCD,0.0129,0,0.5,1.0.0,2026-07-29T15:06:59.847491+00:00,batch_20260729_150659_a047a5
0023-XUOPT,0.6189,1,0.5,1.0.0,2026-07-29T15:06:59.847491+00:00,batch_20260729_150659_a047a5
4592-IWTJI,0.3121,0,0.5,1.0.0,2026-07-29T15:06:59.847491+00:00,batch_20260729_150659_a047a5
4909-JOUPP,0.0481,0,0.5,1.0.0,2026-07-29T15:06:59.847491+00:00,batch_20260729_150659_a047a5
4657-FWVFY,0.3789,0,0.5,1.0.0,2026-07-29T15:06:59.847491+00:00,batch_20260729_150659_a047a5
2257-BOVXD,0.3337,0,0.5,1.0.0,2026-07-29T15:06:59.847491+00:00,batch_20260729_150659_a047a5
7729-JTEEC,0.4592,0,0.5,1.0.0,2026-07-29T15:06:59.847491+00:00,batch_20260729_150659_a047a5
7632-MNYOY,0.1054,0,0.5,1.0.0,2026-07-29T15:06:59.847491+00:00,batch_20260729_150659_a047a5
6518-LGAOV,0.5588,1,0.5,1.0.0,2026-07-29T15:06:59.847491+00:00,batch_20260729_150659_a047a5
7242-QZLXF,0.6056,1,0.5,1.0.0,2026-07-29T15:06:59.847491+00:00,batch_20260729_150659_a047a5
4576-CSAJH,0.0798,0,0.5,1.0.0,2026-07-29T15:06:59.847491+00:00,batch_20260729_150659_a047a5
1000-AJSLD,0.257,0,0.5,1.0.0,2026-07-29T15:06:59.847491+00:00,batch_20260729_150659_a047a5
9696-RMYBA,0.6631,1,0.5,1.0.0,2026-07-29T15:06:59.847491+00:00,batch_20260729_150659_a047a5
8690-UPCZI,0.0477,0,0.5,1.0.0,2026-07-29T15:06:59.847491+00:00,batch_20260729_150659_a047a5
1062-LHZOD,0.5911,1,0.5,1.0.0,2026-07-29T15:06:59.847491+00:00,batch_20260729_150659_a047a5
9770-LXDBK,0.1758,0,0.5,1.0.0,2026-07-29T15:06:59.847491+00:00,batch_20260729_150659_a047a5
4086-WITJG,0.0016,0,0.5,1.0.0,2026-07-29T15:06:59.847491+00:00,batch_20260729_150659_a047a5
8344-WFMFH,0.3553,0,0.5,1.0.0,2026-07-29T15:06:59.847491+00:00,batch_20260729_150659_a047a5
9600-NAXZN,0.5839,1,0.5,1.0.0,2026-07-29T15:06:59.847491+00:00,batch_20260729_150659_a047a5
8822-KNBHV,0.0814,0,0.5,1.0.0,2026-07-29T15:06:59.847491+00:00,batch_20260729_150659_a047a5
8404-FYDIB,0.3736,0,0.5,1.0.0,2026-07-29T15:06:59.847491+00:00,batch_20260729_150659_a047a5
2791-SFVEW,0.1353,0,0.5,1.0.0,2026-07-29T15:06:59.847491+00:00,batch_20260729_150659_a047a5
6457-USBER,0.7633,1,0.5,1.0.0,2026-07-29T15:06:59.847491+00:00,batch_20260729_150659_a047a5
6762-NSODU,0.0052,0,0.5,1.0.0,2026-07-29T15:06:59.847491+00:00,batch_20260729_150659_a047a5
4662-EKDPQ,0.4419,0,0.5,1.0.0,2026-07-29T15:06:59.847491+00:00,batch_20260729_150659_a047a5
9248-OJYKK,0.763,1,0.5,1.0.0,2026-07-29T15:06:59.847491+00:00,batch_20260729_150659_a047a5
9888-ZCUMM,0.0176,0,0.5,1.0.0,2026-07-29T15:06:59.847491+00:00,batch_20260729_150659_a047a5
3398-FSHON,0.7097,1,0.5,1.0.0,2026-07-29T15:06:59.847491+00:00,batch_20260729_150659_a047a5
3319-DWOEP,0.779,1,0.5,1.0.0,2026-07-29T15:06:59.847491+00:00,batch_20260729_150659_a047a5
1074-WVEVG,0.0074,0,0.5,1.0.0,2026-07-29T15:06:59.847491+00:00,batch_20260729_150659_a047a5
9979-RGMZT,0.4787,0,0.5,1.0.0,2026-07-29T15:06:59.847491+00:00,batch_20260729_150659_a047a5
6437-UDQJM,0.0226,0,0.5,1.0.0,2026-07-29T15:06:59.847491+00:00,batch_20260729_150659_a047a5
1226-IENZN,0.6585,1,0.5,1.0.0,2026-07-29T15:06:59.847491+00:00,batch_20260729_150659_a047a5
2108-GLPQB,0.2069,0,0.5,1.0.0,2026-07-29T15:06:59.847491+00:00,batch_20260729_150659_a047a5
9259-PACGQ,0.1041,0,0.5,1.0.0,2026-07-29T15:06:59.847491+00:00,batch_20260729_150659_a047a5
4415-IJZTP,0.7608,1,0.5,1.0.0,2026-07-29T15:06:59.847491+00:00,batch_20260729_150659_a047a5
1465-VINDH,0.6416,1,0.5,1.0.0,2026-07-29T15:06:59.847491+00:00,batch_20260729_150659_a047a5
5474-LAMUQ,0.0363,0,0.5,1.0.0,2026-07-29T15:06:59.847491+00:00,batch_20260729_150659_a047a5
3468-DRVQJ,0.1572,0,0.5,1.0.0,2026-07-29T15:06:59.847491+00:00,batch_20260729_150659_a047a5
1122-YJBCS,0.0151,0,0.5,1.0.0,2026-07-29T15:06:59.847491+00:00,batch_20260729_150659_a047a5
4990-ALDGW,0.0041,0,0.5,1.0.0,2026-07-29T15:06:59.847491+00:00,batch_20260729_150659_a047a5
4816-OKWNX,0.1314,0,0.5,1.0.0,2026-07-29T15:06:59.847491+00:00,batch_20260729_150659_a047a5
3315-IKYZQ,0.0644,0,0.5,1.0.0,2026-07-29T15:06:59.847491+00:00,batch_20260729_150659_a047a5
2810-FTLEM,0.3007,0,0.5,1.0.0,2026-07-29T15:06:59.847491+00:00,batch_20260729_150659_a047a5
4747-LCAQL,0.1804,0,0.5,1.0.0,2026-07-29T15:06:59.847491+00:00,batch_20260729_150659_a047a5
3411-WLRSQ,0.5844,1,0.5,1.0.0,2026-07-29T15:06:59.847491+00:00,batch_20260729_150659_a047a5
0898-XCGTF,0.2132,0,0.5,1.0.0,2026-07-29T15:06:59.847491+00:00,batch_20260729_150659_a047a5
8006-PYCSW,0.1822,0,0.5,1.0.0,2026-07-29T15:06:59.847491+00:00,batch_20260729_150659_a047a5
8249-THVEC,0.0082,0,0.5,1.0.0,2026-07-29T15:06:59.847491+00:00,batch_20260729_150659_a047a5
8722-PRFDV,0.0108,0,0.5,1.0.0,2026-07-29T15:06:59.847491+00:00,batch_20260729_150659_a047a5
2164-SOQXL,0.0717,0,0.5,1.0.0,2026-07-29T15:06:59.847491+00:00,batch_20260729_150659_a047a5
4020-KIUDI,0.1226,0,0.5,1.0.0,2026-07-29T15:06:59.847491+00:00,batch_20260729_150659_a047a5
5850-BDWCY,0.1563,0,0.5,1.0.0,2026-07-29T15:06:59.847491+00:00,batch_20260729_150659_a047a5
2038-YSEZE,0.0888,0,0.5,1.0.0,2026-07-29T15:06:59.847491+00:00,batch_20260729_150659_a047a5
0827-ITJPH,0.0149,0,0.5,1.0.0,2026-07-29T15:06:59.847491+00:00,batch_20260729_150659_a047a5
8799-OXZMD,0.2958,0,0.5,1.0.0,2026-07-29T15:06:59.847491+00:00,batch_20260729_150659_a047a5
1925-TIBLE,0.7689,1,0.5,1.0.0,2026-07-29T15:06:59.847491+00:00,batch_20260729_150659_a047a5
1705-GUHPV,0.0042,0,0.5,1.0.0,2026-07-29T15:06:59.847491+00:00,batch_20260729_150659_a047a5
4779-ZGICK,0.0065,0,0.5,1.0.0,2026-07-29T15:06:59.847491+00:00,batch_20260729_150659_a047a5
0048-PIHNL,0.0109,0,0.5,1.0.0,2026-07-29T15:06:59.847491+00:00,batch_20260729_150659_a047a5
0818-OCPZO,0.5394,1,0.5,1.0.0,2026-07-29T15:06:59.847491+00:00,batch_20260729_150659_a047a5
3967-KXAPS,0.012,0,0.5,1.0.0,2026-07-29T15:06:59.847491+00:00,batch_20260729_150659_a047a5
1447-GIQMR,0.719,1,0.5,1.0.0,2026-07-29T15:06:59.847491+00:00,batch_20260729_150659_a047a5
3704-IEAXF,0.0092,0,0.5,1.0.0,2026-07-29T15:06:59.847491+00:00,batch_20260729_150659_a047a5
6810-VCAEX,0.0226,0,0.5,1.0.0,2026-07-29T15:06:59.847491+00:00,batch_20260729_150659_a047a5
0674-EYYZV,0.5782,1,0.5,1.0.0,2026-07-29T15:06:59.847491+00:00,batch_20260729_150659_a047a5
4480-MBMLB,0.3508,0,0.5,1.0.0,2026-07-29T15:06:59.847491+00:00,batch_20260729_150659_a047a5
1395-OFUWC,0.0848,0,0.5,1.0.0,2026-07-29T15:06:59.847491+00:00,batch_20260729_150659_a047a5
0822-QGCXA,0.2729,0,0.5,1.0.0,2026-07-29T15:06:59.847491+00:00,batch_20260729_150659_a047a5
0872-NXJYS,0.7118,1,0.5,1.0.0,2026-07-29T15:06:59.847491+00:00,batch_20260729_150659_a047a5
2832-KJCRD,0.5517,1,0.5,1.0.0,2026-07-29T15:06:59.847491+00:00,batch_20260729_150659_a047a5
3588-WSTTJ,0.5779,1,0.5,1.0.0,2026-07-29T15:06:59.847491+00:00,batch_20260729_150659_a047a5
4075-WKNIU,0.1135,0,0.5,1.0.0,2026-07-29T15:06:59.847491+00:00,batch_20260729_150659_a047a5
5090-EMGTC,0.0735,0,0.5,1.0.0,2026-07-29T15:06:59.847491+00:00,batch_20260729_150659_a047a5
2346-CZYIL,0.0155,0,0.5,1.0.0,2026-07-29T15:06:59.847491+00:00,batch_20260729_150659_a047a5
3798-EPWRR,0.4169,0,0.5,1.0.0,2026-07-29T15:06:59.847491+00:00,batch_20260729_150659_a047a5
6258-NGCNG,0.181,0,0.5,1.0.0,2026-07-29T15:06:59.847491+00:00,batch_20260729_150659_a047a5
4186-ZBUEW,0.0881,0,0.5,1.0.0,2026-07-29T15:06:59.847491+00:00,batch_20260729_150659_a047a5
5274-XHAKY,0.2875,0,0.5,1.0.0,2026-07-29T15:06:59.847491+00:00,batch_20260729_150659_a047a5
1442-BQPVU,0.3947,0,0.5,1.0.0,2026-07-29T15:06:59.847491+00:00,batch_20260729_150659_a047a5
3978-YNKDD,0.0181,0,0.5,1.0.0,2026-07-29T15:06:59.847491+00:00,batch_20260729_150659_a047a5
4940-KHCWD,0.007,0,0.5,1.0.0,2026-07-29T15:06:59.847491+00:00,batch_20260729_150659_a047a5
9412-ARGBX,0.0591,0,0.5,1.0.0,2026-07-29T15:06:59.847491+00:00,batch_20260729_150659_a047a5
1389-CXMLU,0.7188,1,0.5,1.0.0,2026-07-29T15:06:59.847491+00:00,batch_20260729_150659_a047a5
9589-ABEPT,0.049,0,0.5,1.0.0,2026-07-29T15:06:59.847491+00:00,batch_20260729_150659_a047a5
9388-ZEYVT,0.084,0,0.5,1.0.0,2026-07-29T15:06:59.847491+00:00,batch_20260729_150659_a047a5
0305-SQECB,0.1334,0,0.5,1.0.0,2026-07-29T15:06:59.847491+00:00,batch_20260729_150659_a047a5
7605-SNLQG,0.1182,0,0.5,1.0.0,2026-07-29T15:06:59.847491+00:00,batch_20260729_150659_a047a5
4670-TABXH,0.0676,0,0.5,1.0.0,2026-07-29T15:06:59.847491+00:00,batch_20260729_150659_a047a5
5561-NWEVX,0.68,1,0.5,1.0.0,2026-07-29T15:06:59.847491+00:00,batch_20260729_150659_a047a5
0064-SUDOG,0.0248,0,0.5,1.0.0,2026-07-29T15:06:59.847491+00:00,batch_20260729_150659_a047a5
8561-NMTBD,0.1168,0,0.5,1.0.0,2026-07-29T15:06:59.847491+00:00,batch_20260729_150659_a047a5
5161-XEUVX,0.0959,0,0.5,1.0.0,2026-07-29T15:06:59.847491+00:00,batch_20260729_150659_a047a5
8292-FRFZQ,0.0337,0,0.5,1.0.0,2026-07-29T15:06:59.847491+00:00,batch_20260729_150659_a047a5
8591-NXRCV,0.1289,0,0.5,1.0.0,2026-07-29T15:06:59.847491+00:00,batch_20260729_150659_a047a5
7895-VONWT,0.5428,1,0.5,1.0.0,2026-07-29T15:06:59.847491+00:00,batch_20260729_150659_a047a5
4526-RMTLL,0.0676,0,0.5,1.0.0,2026-07-29T15:06:59.847491+00:00,batch_20260729_150659_a047a5
6253-GNHWH,0.0048,0,0.5,1.0.0,2026-07-29T15:06:59.847491+00:00,batch_20260729_150659_a047a5
4566-NECEV,0.6795,1,0.5,1.0.0,2026-07-29T15:06:59.847491+00:00,batch_20260729_150659_a047a5
8080-POTJR,0.1571,0,0.5,1.0.0,2026-07-29T15:06:59.847491+00:00,batch_20260729_150659_a047a5
6906-MPARY,0.1439,0,0.5,1.0.0,2026-07-29T15:06:59.847491+00:00,batch_20260729_150659_a047a5
3662-FXJFO,0.0069,0,0.5,1.0.0,2026-07-29T15:06:59.847491+00:00,batch_20260729_150659_a047a5
8107-RZLNV,0.0969,0,0.5,1.0.0,2026-07-29T15:06:59.847491+00:00,batch_20260729_150659_a047a5
0516-OOHAR,0.214,0,0.5,1.0.0,2026-07-29T15:06:59.847491+00:00,batch_20260729_150659_a047a5
2027-CWDNU,0.5043,1,0.5,1.0.0,2026-07-29T15:06:59.847491+00:00,batch_20260729_150659_a047a5
2737-WFVYW,0.7445,1,0.5,1.0.0,2026-07-29T15:06:59.847491+00:00,batch_20260729_150659_a047a5
9912-OMZDS,0.254,0,0.5,1.0.0,2026-07-29T15:06:59.847491+00:00,batch_20260729_150659_a047a5
3733-ZEECP,0.2106,0,0.5,1.0.0,2026-07-29T15:06:59.847491+00:00,batch_20260729_150659_a047a5
7878-RTCZG,0.189,0,0.5,1.0.0,2026-07-29T15:06:59.847491+00:00,batch_20260729_150659_a047a5
2452-MRMZF,0.0041,0,0.5,1.0.0,2026-07-29T15:06:59.847491+00:00,batch_20260729_150659_a047a5
2272-QAGFO,0.6746,1,0.5,1.0.0,2026-07-29T15:06:59.847491+00:00,batch_20260729_150659_a047a5
7103-IPXPJ,0.2103,0,0.5,1.0.0,2026-07-29T15:06:59.847491+00:00,batch_20260729_150659_a047a5
4342-HFXWS,0.0193,0,0.5,1.0.0,2026-07-29T15:06:59.847491+00:00,batch_20260729_150659_a047a5
3545-CNWRG,0.468,0,0.5,1.0.0,2026-07-29T15:06:59.847491+00:00,batch_20260729_150659_a047a5
1785-BPHTP,0.4184,0,0.5,1.0.0,2026-07-29T15:06:59.847491+00:00,batch_20260729_150659_a047a5
4989-LIXVT,0.3354,0,0.5,1.0.0,2026-07-29T15:06:59.847491+00:00,batch_20260729_150659_a047a5
7315-WYOAW,0.6164,1,0.5,1.0.0,2026-07-29T15:06:59.847491+00:00,batch_20260729_150659_a047a5
1173-XZPYF,0.7455,1,0.5,1.0.0,2026-07-29T15:06:59.847491+00:00,batch_20260729_150659_a047a5
9850-OWRHQ,0.6691,1,0.5,1.0.0,2026-07-29T15:06:59.847491+00:00,batch_20260729_150659_a047a5
3768-NLUBH,0.4223,0,0.5,1.0.0,2026-07-29T15:06:59.847491+00:00,batch_20260729_150659_a047a5
8676-TRMJS,0.5885,1,0.5,1.0.0,2026-07-29T15:06:59.847491+00:00,batch_20260729_150659_a047a5
2509-TFPJU,0.0027,0,0.5,1.0.0,2026-07-29T15:06:59.847491+00:00,batch_20260729_150659_a047a5
9530-GRMJG,0.0266,0,0.5,1.0.0,2026-07-29T15:06:59.847491+00:00,batch_20260729_150659_a047a5
6898-RBTLU,0.0221,0,0.5,1.0.0,2026-07-29T15:06:59.847491+00:00,batch_20260729_150659_a047a5
5481-NTDOH,0.1644,0,0.5,1.0.0,2026-07-29T15:06:59.847491+00:00,batch_20260729_150659_a047a5
2068-WWXQZ,0.0065,0,0.5,1.0.0,2026-07-29T15:06:59.847491+00:00,batch_20260729_150659_a047a5
7359-SSBJK,0.0097,0,0.5,1.0.0,2026-07-29T15:06:59.847491+00:00,batch_20260729_150659_a047a5
2061-VVFST,0.0413,0,0.5,1.0.0,2026-07-29T15:06:59.847491+00:00,batch_20260729_150659_a047a5
0685-MLYYM,0.6255,1,0.5,1.0.0,2026-07-29T15:06:59.847491+00:00,batch_20260729_150659_a047a5
0749-IRGQE,0.5571,1,0.5,1.0.0,2026-07-29T15:06:59.847491+00:00,batch_20260729_150659_a047a5
2380-DAMQP,0.0556,0,0.5,1.0.0,2026-07-29T15:06:59.847491+00:00,batch_20260729_150659_a047a5
2256-YLYLP,0.0149,0,0.5,1.0.0,2026-07-29T15:06:59.847491+00:00,batch_20260729_150659_a047a5
1272-ILHFG,0.0428,0,0.5,1.0.0,2026-07-29T15:06:59.847491+00:00,batch_20260729_150659_a047a5
0164-XAIRP,0.0263,0,0.5,1.0.0,2026-07-29T15:06:59.847491+00:00,batch_20260729_150659_a047a5
5666-CYCYZ,0.5766,1,0.5,1.0.0,2026-07-29T15:06:59.847491+00:00,batch_20260729_150659_a047a5
4011-ARPHK,0.1207,0,0.5,1.0.0,2026-07-29T15:06:59.847491+00:00,batch_20260729_150659_a047a5
8182-PNAGI,0.1806,0,0.5,1.0.0,2026-07-29T15:06:59.847491+00:00,batch_20260729_150659_a047a5
6365-HITVU,0.0073,0,0.5,1.0.0,2026-07-29T15:06:59.847491+00:00,batch_20260729_150659_a047a5
7558-IMLMT,0.0031,0,0.5,1.0.0,2026-07-29T15:06:59.847491+00:00,batch_20260729_150659_a047a5
9488-FYQAU,0.0859,0,0.5,1.0.0,2026-07-29T15:06:59.847491+00:00,batch_20260729_150659_a047a5
3590-TCXTB,0.1895,0,0.5,1.0.0,2026-07-29T15:06:59.847491+00:00,batch_20260729_150659_a047a5
6994-KERXL,0.5582,1,0.5,1.0.0,2026-07-29T15:06:59.847491+00:00,batch_20260729_150659_a047a5
7957-RYHQD,0.2254,0,0.5,1.0.0,2026-07-29T15:06:59.847491+00:00,batch_20260729_150659_a047a5
2180-DXNEG,0.7419,1,0.5,1.0.0,2026-07-29T15:06:59.847491+00:00,batch_20260729_150659_a047a5
1960-UOTYM,0.0242,0,0.5,1.0.0,2026-07-29T15:06:59.847491+00:00,batch_20260729_150659_a047a5
2740-JFBOK,0.2858,0,0.5,1.0.0,2026-07-29T15:06:59.847491+00:00,batch_20260729_150659_a047a5
6500-JVEGC,0.0781,0,0.5,1.0.0,2026-07-29T15:06:59.847491+00:00,batch_20260729_150659_a047a5
5515-AKOAJ,0.4323,0,0.5,1.0.0,2026-07-29T15:06:59.847491+00:00,batch_20260729_150659_a047a5
8976-OQHGT,0.1793,0,0.5,1.0.0,2026-07-29T15:06:59.847491+00:00,batch_20260729_150659_a047a5
5245-VDBUR,0.0345,0,0.5,1.0.0,2026-07-29T15:06:59.847491+00:00,batch_20260729_150659_a047a5
6230-BSUXY,0.7641,1,0.5,1.0.0,2026-07-29T15:06:59.847491+00:00,batch_20260729_150659_a047a5
8469-SNFFH,0.0152,0,0.5,1.0.0,2026-07-29T15:06:59.847491+00:00,batch_20260729_150659_a047a5
2144-ESWKO,0.0651,0,0.5,1.0.0,2026-07-29T15:06:59.847491+00:00,batch_20260729_150659_a047a5
1241-FPMOF,0.0052,0,0.5,1.0.0,2026-07-29T15:06:59.847491+00:00,batch_20260729_150659_a047a5
9928-BZVLZ,0.0784,0,0.5,1.0.0,2026-07-29T15:06:59.847491+00:00,batch_20260729_150659_a047a5
4114-QMKVN,0.0249,0,0.5,1.0.0,2026-07-29T15:06:59.847491+00:00,batch_20260729_150659_a047a5
2775-SEFEE,0.0916,0,0.5,1.0.0,2026-07-29T15:06:59.847491+00:00,batch_20260729_150659_a047a5
9003-CPATH,0.3617,0,0.5,1.0.0,2026-07-29T15:06:59.847491+00:00,batch_20260729_150659_a047a5
1754-GKYPY,0.59,1,0.5,1.0.0,2026-07-29T15:06:59.847491+00:00,batch_20260729_150659_a047a5
5294-CDGWY,0.0654,0,0.5,1.0.0,2026-07-29T15:06:59.847491+00:00,batch_20260729_150659_a047a5
7956-XQWGU,0.0872,0,0.5,1.0.0,2026-07-29T15:06:59.847491+00:00,batch_20260729_150659_a047a5
1591-MQJTP,0.1739,0,0.5,1.0.0,2026-07-29T15:06:59.847491+00:00,batch_20260729_150659_a047a5
5295-PCJOO,0.3526,0,0.5,1.0.0,2026-07-29T15:06:59.847491+00:00,batch_20260729_150659_a047a5
2369-FEVNO,0.2567,0,0.5,1.0.0,2026-07-29T15:06:59.847491+00:00,batch_20260729_150659_a047a5
9863-JZAIC,0.155,0,0.5,1.0.0,2026-07-29T15:06:59.847491+00:00,batch_20260729_150659_a047a5
7471-MQPOS,0.0221,0,0.5,1.0.0,2026-07-29T15:06:59.847491+00:00,batch_20260729_150659_a047a5
7660-HDPJV,0.7167,1,0.5,1.0.0,2026-07-29T15:06:59.847491+00:00,batch_20260729_150659_a047a5
5115-SQAAU,0.0036,0,0.5,1.0.0,2026-07-29T15:06:59.847491+00:00,batch_20260729_150659_a047a5
9845-QOMAD,0.0448,0,0.5,1.0.0,2026-07-29T15:06:59.847491+00:00,batch_20260729_150659_a047a5
7672-VFMXZ,0.0404,0,0.5,1.0.0,2026-07-29T15:06:59.847491+00:00,batch_20260729_150659_a047a5
9739-JLPQJ,0.033,0,0.5,1.0.0,2026-07-29T15:06:59.847491+00:00,batch_20260729_150659_a047a5
9916-AYHTC,0.0058,0,0.5,1.0.0,2026-07-29T15:06:59.847491+00:00,batch_20260729_150659_a047a5
3855-ONCAR,0.6159,1,0.5,1.0.0,2026-07-29T15:06:59.847491+00:00,batch_20260729_150659_a047a5
1488-SYSFC,0.0895,0,0.5,1.0.0,2026-07-29T15:06:59.847491+00:00,batch_20260729_150659_a047a5
7931-PXHFC,0.0721,0,0.5,1.0.0,2026-07-29T15:06:59.847491+00:00,batch_20260729_150659_a047a5
3990-QYKBE,0.6335,1,0.5,1.0.0,2026-07-29T15:06:59.847491+00:00,batch_20260729_150659_a047a5
0970-QXPXW,0.1888,0,0.5,1.0.0,2026-07-29T15:06:59.847491+00:00,batch_20260729_150659_a047a5
3259-KNMRR,0.0459,0,0.5,1.0.0,2026-07-29T15:06:59.847491+00:00,batch_20260729_150659_a047a5
6120-RJKLU,0.0174,0,0.5,1.0.0,2026-07-29T15:06:59.847491+00:00,batch_20260729_150659_a047a5
9572-WUKSB,0.5443,1,0.5,1.0.0,2026-07-29T15:06:59.847491+00:00,batch_20260729_150659_a047a5
5893-KCLGT,0.0025,0,0.5,1.0.0,2026-07-29T15:06:59.847491+00:00,batch_20260729_150659_a047a5
0076-LVEPS,0.1223,0,0.5,1.0.0,2026-07-29T15:06:59.847491+00:00,batch_20260729_150659_a047a5
3640-JQGJG,0.1996,0,0.5,1.0.0,2026-07-29T15:06:59.847491+00:00,batch_20260729_150659_a047a5
4919-MOAVT,0.5579,1,0.5,1.0.0,2026-07-29T15:06:59.847491+00:00,batch_20260729_150659_a047a5
1596-OQSPS,0.3022,0,0.5,1.0.0,2026-07-29T15:06:59.847491+00:00,batch_20260729_150659_a047a5
9867-XOBQA,0.039,0,0.5,1.0.0,2026-07-29T15:06:59.847491+00:00,batch_20260729_150659_a047a5
9546-KDTRB,0.1101,0,0.5,1.0.0,2026-07-29T15:06:59.847491+00:00,batch_20260729_150659_a047a5
3090-HAWSU,0.0787,0,0.5,1.0.0,2026-07-29T15:06:59.847491+00:00,batch_20260729_150659_a047a5
9820-RMCQV,0.1903,0,0.5,1.0.0,2026-07-29T15:06:59.847491+00:00,batch_20260729_150659_a047a5
3174-RKMOW,0.4842,0,0.5,1.0.0,2026-07-29T15:06:59.847491+00:00,batch_20260729_150659_a047a5
1760-CAZHT,0.0567,0,0.5,1.0.0,2026-07-29T15:06:59.847491+00:00,batch_20260729_150659_a047a5
7839-QRKXN,0.2571,0,0.5,1.0.0,2026-07-29T15:06:59.847491+00:00,batch_20260729_150659_a047a5
8441-SHIPE,0.0051,0,0.5,1.0.0,2026-07-29T15:06:59.847491+00:00,batch_20260729_150659_a047a5
5204-QZXPU,0.5314,1,0.5,1.0.0,2026-07-29T15:06:59.847491+00:00,batch_20260729_150659_a047a5
4597-ELFTS,0.0151,0,0.5,1.0.0,2026-07-29T15:06:59.847491+00:00,batch_20260729_150659_a047a5
1320-GVNHT,0.0569,0,0.5,1.0.0,2026-07-29T15:06:59.847491+00:00,batch_20260729_150659_a047a5
1047-RNXZV,0.0079,0,0.5,1.0.0,2026-07-29T15:06:59.847491+00:00,batch_20260729_150659_a047a5
3541-ZNUHK,0.2172,0,0.5,1.0.0,2026-07-29T15:06:59.847491+00:00,batch_20260729_150659_a047a5
8450-JOVAH,0.2686,0,0.5,1.0.0,2026-07-29T15:06:59.847491+00:00,batch_20260729_150659_a047a5
8725-JEDFD,0.4161,0,0.5,1.0.0,2026-07-29T15:06:59.847491+00:00,batch_20260729_150659_a047a5
7562-UXTPG,0.543,1,0.5,1.0.0,2026-07-29T15:06:59.847491+00:00,batch_20260729_150659_a047a5
8071-SBTRN,0.0823,0,0.5,1.0.0,2026-07-29T15:06:59.847491+00:00,batch_20260729_150659_a047a5
1113-IUJYX,0.1963,0,0.5,1.0.0,2026-07-29T15:06:59.847491+00:00,batch_20260729_150659_a047a5
6668-CNMFP,0.2774,0,0.5,1.0.0,2026-07-29T15:06:59.847491+00:00,batch_20260729_150659_a047a5
5626-MGTUK,0.5201,1,0.5,1.0.0,2026-07-29T15:06:59.847491+00:00,batch_20260729_150659_a047a5
5681-LLOEI,0.0979,0,0.5,1.0.0,2026-07-29T15:06:59.847491+00:00,batch_20260729_150659_a047a5
8212-DJRCH,0.5348,1,0.5,1.0.0,2026-07-29T15:06:59.847491+00:00,batch_20260729_150659_a047a5
4323-OHFOW,0.1205,0,0.5,1.0.0,2026-07-29T15:06:59.847491+00:00,batch_20260729_150659_a047a5
4933-BSAIP,0.009,0,0.5,1.0.0,2026-07-29T15:06:59.847491+00:00,batch_20260729_150659_a047a5
2030-BTZRO,0.0469,0,0.5,1.0.0,2026-07-29T15:06:59.847491+00:00,batch_20260729_150659_a047a5
1116-DXXDF,0.1861,0,0.5,1.0.0,2026-07-29T15:06:59.847491+00:00,batch_20260729_150659_a047a5
9274-CNFMO,0.6636,1,0.5,1.0.0,2026-07-29T15:06:59.847491+00:00,batch_20260729_150659_a047a5
7758-XKCBS,0.4091,0,0.5,1.0.0,2026-07-29T15:06:59.847491+00:00,batch_20260729_150659_a047a5
8992-JQYUN,0.7564,1,0.5,1.0.0,2026-07-29T15:06:59.847491+00:00,batch_20260729_150659_a047a5
6563-VNPMN,0.1479,0,0.5,1.0.0,2026-07-29T15:06:59.847491+00:00,batch_20260729_150659_a047a5
0617-AQNWT,0.0151,0,0.5,1.0.0,2026-07-29T15:06:59.847491+00:00,batch_20260729_150659_a047a5
2267-WTPYD,0.2391,0,0.5,1.0.0,2026-07-29T15:06:59.847491+00:00,batch_20260729_150659_a047a5
0270-THENM,0.0042,0,0.5,1.0.0,2026-07-29T15:06:59.847491+00:00,batch_20260729_150659_a047a5
2446-PLQVO,0.7181,1,0.5,1.0.0,2026-07-29T15:06:59.847491+00:00,batch_20260729_150659_a047a5
4707-MAXGU,0.0027,0,0.5,1.0.0,2026-07-29T15:06:59.847491+00:00,batch_20260729_150659_a047a5
2710-WYVXG,0.057,0,0.5,1.0.0,2026-07-29T15:06:59.847491+00:00,batch_20260729_150659_a047a5
3005-NFMTA,0.4427,0,0.5,1.0.0,2026-07-29T15:06:59.847491+00:00,batch_20260729_150659_a047a5
6300-BWMJX,0.2396,0,0.5,1.0.0,2026-07-29T15:06:59.847491+00:00,batch_20260729_150659_a047a5
8784-CGILN,0.5827,1,0.5,1.0.0,2026-07-29T15:06:59.847491+00:00,batch_20260729_150659_a047a5
5389-FFVKB,0.4399,0,0.5,1.0.0,2026-07-29T15:06:59.847491+00:00,batch_20260729_150659_a047a5
7009-LGECI,0.3248,0,0.5,1.0.0,2026-07-29T15:06:59.847491+00:00,batch_20260729_150659_a047a5
8444-WRIDW,0.1801,0,0.5,1.0.0,2026-07-29T15:06:59.847491+00:00,batch_20260729_150659_a047a5
5022-KVDQT,0.5887,1,0.5,1.0.0,2026-07-29T15:06:59.847491+00:00,batch_20260729_150659_a047a5
7976-CICYS,0.222,0,0.5,1.0.0,2026-07-29T15:06:59.847491+00:00,batch_20260729_150659_a047a5
1036-GUDCL,0.05,0,0.5,1.0.0,2026-07-29T15:06:59.847491+00:00,batch_20260729_150659_a047a5
2005-DWQZJ,0.0312,0,0.5,1.0.0,2026-07-29T15:06:59.847491+00:00,batch_20260729_150659_a047a5
8148-WOCMK,0.0291,0,0.5,1.0.0,2026-07-29T15:06:59.847491+00:00,batch_20260729_150659_a047a5
7815-PDTHL,0.0167,0,0.5,1.0.0,2026-07-29T15:06:59.847491+00:00,batch_20260729_150659_a047a5
9451-LPGOO,0.7724,1,0.5,1.0.0,2026-07-29T15:06:59.847491+00:00,batch_20260729_150659_a047a5
9173-IVZVP,0.0041,0,0.5,1.0.0,2026-07-29T15:06:59.847491+00:00,batch_20260729_150659_a047a5
9129-UXERG,0.5399,1,0.5,1.0.0,2026-07-29T15:06:59.847491+00:00,batch_20260729_150659_a047a5
3635-JBPSG,0.1648,0,0.5,1.0.0,2026-07-29T15:06:59.847491+00:00,batch_20260729_150659_a047a5
7964-ZRKKG,0.1202,0,0.5,1.0.0,2026-07-29T15:06:59.847491+00:00,batch_20260729_150659_a047a5
5868-YWPDW,0.703,1,0.5,1.0.0,2026-07-29T15:06:59.847491+00:00,batch_20260729_150659_a047a5
6229-LSCKB,0.728,1,0.5,1.0.0,2026-07-29T15:06:59.847491+00:00,batch_20260729_150659_a047a5
2025-JKFWI,0.6263,1,0.5,1.0.0,2026-07-29T15:06:59.847491+00:00,batch_20260729_150659_a047a5
4078-SAYYN,0.7937,1,0.5,1.0.0,2026-07-29T15:06:59.847491+00:00,batch_20260729_150659_a047a5
1724-IQWNM,0.2134,0,0.5,1.0.0,2026-07-29T15:06:59.847491+00:00,batch_20260729_150659_a047a5
8217-QYOHV,0.2417,0,0.5,1.0.0,2026-07-29T15:06:59.847491+00:00,batch_20260729_150659_a047a5
5546-QUERU,0.0831,0,0.5,1.0.0,2026-07-29T15:06:59.847491+00:00,batch_20260729_150659_a047a5
9940-HPQPG,0.4212,0,0.5,1.0.0,2026-07-29T15:06:59.847491+00:00,batch_20260729_150659_a047a5
6897-UUBNU,0.2693,0,0.5,1.0.0,2026-07-29T15:06:59.847491+00:00,batch_20260729_150659_a047a5
6127-IYJOZ,0.4435,0,0.5,1.0.0,2026-07-29T15:06:59.847491+00:00,batch_20260729_150659_a047a5
6618-RYATB,0.6961,1,0.5,1.0.0,2026-07-29T15:06:59.847491+00:00,batch_20260729_150659_a047a5
8930-XOTDP,0.2204,0,0.5,1.0.0,2026-07-29T15:06:59.847491+00:00,batch_20260729_150659_a047a5
5916-QEWPT,0.4364,0,0.5,1.0.0,2026-07-29T15:06:59.847491+00:00,batch_20260729_150659_a047a5
5060-TQUQN,0.2836,0,0.5,1.0.0,2026-07-29T15:06:59.847491+00:00,batch_20260729_150659_a047a5
0531-XBKMM,0.0048,0,0.5,1.0.0,2026-07-29T15:06:59.847491+00:00,batch_20260729_150659_a047a5
8465-SBRXP,0.1051,0,0.5,1.0.0,2026-07-29T15:06:59.847491+00:00,batch_20260729_150659_a047a5
2408-PSJVE,0.0734,0,0.5,1.0.0,2026-07-29T15:06:59.847491+00:00,batch_20260729_150659_a047a5
9079-YEXQJ,0.337,0,0.5,1.0.0,2026-07-29T15:06:59.847491+00:00,batch_20260729_150659_a047a5
9700-ZCLOT,0.1819,0,0.5,1.0.0,2026-07-29T15:06:59.847491+00:00,batch_20260729_150659_a047a5
8738-JOKAR,0.041,0,0.5,1.0.0,2026-07-29T15:06:59.847491+00:00,batch_20260729_150659_a047a5
4534-WGCIR,0.004,0,0.5,1.0.0,2026-07-29T15:06:59.847491+00:00,batch_20260729_150659_a047a5
1930-WNXSB,0.3274,0,0.5,1.0.0,2026-07-29T15:06:59.847491+00:00,batch_20260729_150659_a047a5
2685-SREOM,0.6164,1,0.5,1.0.0,2026-07-29T15:06:59.847491+00:00,batch_20260729_150659_a047a5
3508-CFVZL,0.0377,0,0.5,1.0.0,2026-07-29T15:06:59.847491+00:00,batch_20260729_150659_a047a5
0402-CQAJN,0.5044,1,0.5,1.0.0,2026-07-29T15:06:59.847491+00:00,batch_20260729_150659_a047a5
6692-UDPJC,0.5898,1,0.5,1.0.0,2026-07-29T15:06:59.847491+00:00,batch_20260729_150659_a047a5
1273-MTETI,0.7872,1,0.5,1.0.0,2026-07-29T15:06:59.847491+00:00,batch_20260729_150659_a047a5
0657-DOGUM,0.0357,0,0.5,1.0.0,2026-07-29T15:06:59.847491+00:00,batch_20260729_150659_a047a5
5480-HPRRX,0.5456,1,0.5,1.0.0,2026-07-29T15:06:59.847491+00:00,batch_20260729_150659_a047a5
8792-AOROI,0.0566,0,0.5,1.0.0,2026-07-29T15:06:59.847491+00:00,batch_20260729_150659_a047a5
0295-PPHDO,0.8331,1,0.5,1.0.0,2026-07-29T15:06:59.847491+00:00,batch_20260729_150659_a047a5
5146-YYFRZ,0.0025,0,0.5,1.0.0,2026-07-29T15:06:59.847491+00:00,batch_20260729_150659_a047a5
1195-OIYEJ,0.7339,1,0.5,1.0.0,2026-07-29T15:06:59.847491+00:00,batch_20260729_150659_a047a5
5906-CVLHP,0.0269,0,0.5,1.0.0,2026-07-29T15:06:59.847491+00:00,batch_20260729_150659_a047a5
3452-SRFEG,0.304,0,0.5,1.0.0,2026-07-29T15:06:59.847491+00:00,batch_20260729_150659_a047a5
4070-OKWVH,0.2688,0,0.5,1.0.0,2026-07-29T15:06:59.847491+00:00,batch_20260729_150659_a047a5
5297-MDOIR,0.0732,0,0.5,1.0.0,2026-07-29T15:06:59.847491+00:00,batch_20260729_150659_a047a5
6369-MCAKO,0.015,0,0.5,1.0.0,2026-07-29T15:06:59.847491+00:00,batch_20260729_150659_a047a5
4926-UMJZD,0.1381,0,0.5,1.0.0,2026-07-29T15:06:59.847491+00:00,batch_20260729_150659_a047a5
6848-HJTXY,0.0028,0,0.5,1.0.0,2026-07-29T15:06:59.847491+00:00,batch_20260729_150659_a047a5
6341-AEVKX,0.1478,0,0.5,1.0.0,2026-07-29T15:06:59.847491+00:00,batch_20260729_150659_a047a5
4501-EQDRN,0.5392,1,0.5,1.0.0,2026-07-29T15:06:59.847491+00:00,batch_20260729_150659_a047a5
2990-HWIML,0.7741,1,0.5,1.0.0,2026-07-29T15:06:59.847491+00:00,batch_20260729_150659_a047a5
0682-USIXD,0.5334,1,0.5,1.0.0,2026-07-29T15:06:59.847491+00:00,batch_20260729_150659_a047a5
6976-BWGLQ,0.0021,0,0.5,1.0.0,2026-07-29T15:06:59.847491+00:00,batch_20260729_150659_a047a5
7078-NVFAM,0.1955,0,0.5,1.0.0,2026-07-29T15:06:59.847491+00:00,batch_20260729_150659_a047a5
8065-QBYTO,0.0656,0,0.5,1.0.0,2026-07-29T15:06:59.847491+00:00,batch_20260729_150659_a047a5
2133-TSRRM,0.3566,0,0.5,1.0.0,2026-07-29T15:06:59.847491+00:00,batch_20260729_150659_a047a5
7384-GHBPI,0.6949,1,0.5,1.0.0,2026-07-29T15:06:59.847491+00:00,batch_20260729_150659_a047a5
7603-USHJS,0.5355,1,0.5,1.0.0,2026-07-29T15:06:59.847491+00:00,batch_20260729_150659_a047a5
7234-FECYN,0.7369,1,0.5,1.0.0,2026-07-29T15:06:59.847491+00:00,batch_20260729_150659_a047a5
2511-ALLCS,0.0111,0,0.5,1.0.0,2026-07-29T15:06:59.847491+00:00,batch_20260729_150659_a047a5
3191-CSNMG,0.7023,1,0.5,1.0.0,2026-07-29T15:06:59.847491+00:00,batch_20260729_150659_a047a5
7952-OBOYL,0.5839,1,0.5,1.0.0,2026-07-29T15:06:59.847491+00:00,batch_20260729_150659_a047a5
7470-DYNOE,0.0898,0,0.5,1.0.0,2026-07-29T15:06:59.847491+00:00,batch_20260729_150659_a047a5
7853-OETYL,0.5475,1,0.5,1.0.0,2026-07-29T15:06:59.847491+00:00,batch_20260729_150659_a047a5
1545-ACTAS,0.1651,0,0.5,1.0.0,2026-07-29T15:06:59.847491+00:00,batch_20260729_150659_a047a5
5876-HZVZM,0.1688,0,0.5,1.0.0,2026-07-29T15:06:59.847491+00:00,batch_20260729_150659_a047a5
1400-MMYXY,0.8063,1,0.5,1.0.0,2026-07-29T15:06:59.847491+00:00,batch_20260729_150659_a047a5
5126-RCXYW,0.0163,0,0.5,1.0.0,2026-07-29T15:06:59.847491+00:00,batch_20260729_150659_a047a5
3085-QUOZK,0.347,0,0.5,1.0.0,2026-07-29T15:06:59.847491+00:00,batch_20260729_150659_a047a5
2363-BJLSL,0.086,0,0.5,1.0.0,2026-07-29T15:06:59.847491+00:00,batch_20260729_150659_a047a5
1956-YIFGE,0.3263,0,0.5,1.0.0,2026-07-29T15:06:59.847491+00:00,batch_20260729_150659_a047a5
3926-CUQZX,0.4319,0,0.5,1.0.0,2026-07-29T15:06:59.847491+00:00,batch_20260729_150659_a047a5
7921-LMDFQ,0.2284,0,0.5,1.0.0,2026-07-29T15:06:59.847491+00:00,batch_20260729_150659_a047a5
2925-MXLSX,0.1407,0,0.5,1.0.0,2026-07-29T15:06:59.847491+00:00,batch_20260729_150659_a047a5
5820-PTRYM,0.0255,0,0.5,1.0.0,2026-07-29T15:06:59.847491+00:00,batch_20260729_150659_a047a5
9609-BENEA,0.121,0,0.5,1.0.0,2026-07-29T15:06:59.847491+00:00,batch_20260729_150659_a047a5
6211-WHMYA,0.0923,0,0.5,1.0.0,2026-07-29T15:06:59.847491+00:00,batch_20260729_150659_a047a5
4459-BBGHE,0.421,0,0.5,1.0.0,2026-07-29T15:06:59.847491+00:00,batch_20260729_150659_a047a5
9945-PSVIP,0.0204,0,0.5,1.0.0,2026-07-29T15:06:59.847491+00:00,batch_20260729_150659_a047a5
1041-RXHRA,0.2257,0,0.5,1.0.0,2026-07-29T15:06:59.847491+00:00,batch_20260729_150659_a047a5
1750-CSKKM,0.348,0,0.5,1.0.0,2026-07-29T15:06:59.847491+00:00,batch_20260729_150659_a047a5
9108-EJFJP,0.3237,0,0.5,1.0.0,2026-07-29T15:06:59.847491+00:00,batch_20260729_150659_a047a5
0530-IJVDB,0.063,0,0.5,1.0.0,2026-07-29T15:06:59.847491+00:00,batch_20260729_150659_a047a5
0508-SQWPL,0.0046,0,0.5,1.0.0,2026-07-29T15:06:59.847491+00:00,batch_20260729_150659_a047a5
2215-ZAFGX,0.7559,1,0.5,1.0.0,2026-07-29T15:06:59.847491+00:00,batch_20260729_150659_a047a5
8213-TAZPM,0.1083,0,0.5,1.0.0,2026-07-29T15:06:59.847491+00:00,batch_20260729_150659_a047a5
7142-HVGBG,0.5774,1,0.5,1.0.0,2026-07-29T15:06:59.847491+00:00,batch_20260729_150659_a047a5
1304-SEGFY,0.1321,0,0.5,1.0.0,2026-07-29T15:06:59.847491+00:00,batch_20260729_150659_a047a5
7242-EDTYC,0.0056,0,0.5,1.0.0,2026-07-29T15:06:59.847491+00:00,batch_20260729_150659_a047a5
2904-GGUAZ,0.0324,0,0.5,1.0.0,2026-07-29T15:06:59.847491+00:00,batch_20260729_150659_a047a5
8267-ZNYVZ,0.2634,0,0.5,1.0.0,2026-07-29T15:06:59.847491+00:00,batch_20260729_150659_a047a5
5136-GFPMB,0.2713,0,0.5,1.0.0,2026-07-29T15:06:59.847491+00:00,batch_20260729_150659_a047a5
2595-KIWPV,0.0121,0,0.5,1.0.0,2026-07-29T15:06:59.847491+00:00,batch_20260729_150659_a047a5
5243-SAOTC,0.249,0,0.5,1.0.0,2026-07-29T15:06:59.847491+00:00,batch_20260729_150659_a047a5
9398-MMQTO,0.4789,0,0.5,1.0.0,2026-07-29T15:06:59.847491+00:00,batch_20260729_150659_a047a5
7619-PLRLP,0.0368,0,0.5,1.0.0,2026-07-29T15:06:59.847491+00:00,batch_20260729_150659_a047a5
6457-GIRWB,0.7169,1,0.5,1.0.0,2026-07-29T15:06:59.847491+00:00,batch_20260729_150659_a047a5
6508-NJYRO,0.053,0,0.5,1.0.0,2026-07-29T15:06:59.847491+00:00,batch_20260729_150659_a047a5
1450-SKCVI,0.2484,0,0.5,1.0.0,2026-07-29T15:06:59.847491+00:00,batch_20260729_150659_a047a5
4710-NKCAW,0.1482,0,0.5,1.0.0,2026-07-29T15:06:59.847491+00:00,batch_20260729_150659_a047a5
5306-BVTKJ,0.0378,0,0.5,1.0.0,2026-07-29T15:06:59.847491+00:00,batch_20260729_150659_a047a5
0357-NVCRI,0.0536,0,0.5,1.0.0,2026-07-29T15:06:59.847491+00:00,batch_20260729_150659_a047a5
5570-PTWEH,0.6699,1,0.5,1.0.0,2026-07-29T15:06:59.847491+00:00,batch_20260729_150659_a047a5
2371-KFUOG,0.0914,0,0.5,1.0.0,2026-07-29T15:06:59.847491+00:00,batch_20260729_150659_a047a5
0463-ZSDNT,0.4045,0,0.5,1.0.0,2026-07-29T15:06:59.847491+00:00,batch_20260729_150659_a047a5
6502-MJQAE,0.7172,1,0.5,1.0.0,2026-07-29T15:06:59.847491+00:00,batch_20260729_150659_a047a5
6257-DTAYD,0.0644,0,0.5,1.0.0,2026-07-29T15:06:59.847491+00:00,batch_20260729_150659_a047a5
4616-ULAOA,0.0681,0,0.5,1.0.0,2026-07-29T15:06:59.847491+00:00,batch_20260729_150659_a047a5
7693-LCKZL,0.6558,1,0.5,1.0.0,2026-07-29T15:06:59.847491+00:00,batch_20260729_150659_a047a5
7746-AWNQW,0.2256,0,0.5,1.0.0,2026-07-29T15:06:59.847491+00:00,batch_20260729_150659_a047a5
5996-EBTKM,0.0149,0,0.5,1.0.0,2026-07-29T15:06:59.847491+00:00,batch_20260729_150659_a047a5
2758-RNWXS,0.2005,0,0.5,1.0.0,2026-07-29T15:06:59.847491+00:00,batch_20260729_150659_a047a5
2314-TNDJQ,0.0055,0,0.5,1.0.0,2026-07-29T15:06:59.847491+00:00,batch_20260729_150659_a047a5
2405-LBMUW,0.0227,0,0.5,1.0.0,2026-07-29T15:06:59.847491+00:00,batch_20260729_150659_a047a5
3454-JFUBC,0.0035,0,0.5,1.0.0,2026-07-29T15:06:59.847491+00:00,batch_20260729_150659_a047a5
0032-PGELS,0.3357,0,0.5,1.0.0,2026-07-29T15:06:59.847491+00:00,batch_20260729_150659_a047a5
9039-ZVJDC,0.2383,0,0.5,1.0.0,2026-07-29T15:06:59.847491+00:00,batch_20260729_150659_a047a5
6797-LNAQX,0.0497,0,0.5,1.0.0,2026-07-29T15:06:59.847491+00:00,batch_20260729_150659_a047a5
9013-AQORL,0.1003,0,0.5,1.0.0,2026-07-29T15:06:59.847491+00:00,batch_20260729_150659_a047a5
2898-MRKPI,0.1392,0,0.5,1.0.0,2026-07-29T15:06:59.847491+00:00,batch_20260729_150659_a047a5
2750-BJLSB,0.1919,0,0.5,1.0.0,2026-07-29T15:06:59.847491+00:00,batch_20260729_150659_a047a5
3648-GZPHF,0.0834,0,0.5,1.0.0,2026-07-29T15:06:59.847491+00:00,batch_20260729_150659_a047a5
2075-RMJIK,0.2741,0,0.5,1.0.0,2026-07-29T15:06:59.847491+00:00,batch_20260729_150659_a047a5
9588-YRFHY,0.0084,0,0.5,1.0.0,2026-07-29T15:06:59.847491+00:00,batch_20260729_150659_a047a5
6394-MFYNG,0.4637,0,0.5,1.0.0,2026-07-29T15:06:59.847491+00:00,batch_20260729_150659_a047a5
1564-NTYXF,0.7319,1,0.5,1.0.0,2026-07-29T15:06:59.847491+00:00,batch_20260729_150659_a047a5
9364-YKUVW,0.153,0,0.5,1.0.0,2026-07-29T15:06:59.847491+00:00,batch_20260729_150659_a047a5
5392-AKEMH,0.4147,0,0.5,1.0.0,2026-07-29T15:06:59.847491+00:00,batch_20260729_150659_a047a5
2451-YMUXS,0.0082,0,0.5,1.0.0,2026-07-29T15:06:59.847491+00:00,batch_20260729_150659_a047a5
3914-FDRHP,0.5248,1,0.5,1.0.0,2026-07-29T15:06:59.847491+00:00,batch_20260729_150659_a047a5
3078-ZKNTS,0.0347,0,0.5,1.0.0,2026-07-29T15:06:59.847491+00:00,batch_20260729_150659_a047a5
1024-KPRBB,0.2929,0,0.5,1.0.0,2026-07-29T15:06:59.847491+00:00,batch_20260729_150659_a047a5
4690-PKDQG,0.5089,1,0.5,1.0.0,2026-07-29T15:06:59.847491+00:00,batch_20260729_150659_a047a5
8155-IBNHG,0.4981,0,0.5,1.0.0,2026-07-29T15:06:59.847491+00:00,batch_20260729_150659_a047a5
0886-QGENL,0.5853,1,0.5,1.0.0,2026-07-29T15:06:59.847491+00:00,batch_20260729_150659_a047a5
9547-ITEFG,0.645,1,0.5,1.0.0,2026-07-29T15:06:59.847491+00:00,batch_20260729_150659_a047a5
1264-FUHCX,0.0807,0,0.5,1.0.0,2026-07-29T15:06:59.847491+00:00,batch_20260729_150659_a047a5
7789-CRUVC,0.1353,0,0.5,1.0.0,2026-07-29T15:06:59.847491+00:00,batch_20260729_150659_a047a5
6598-KELSS,0.0456,0,0.5,1.0.0,2026-07-29T15:06:59.847491+00:00,batch_20260729_150659_a047a5
8739-WWKDU,0.6166,1,0.5,1.0.0,2026-07-29T15:06:59.847491+00:00,batch_20260729_150659_a047a5
8685-WHQPW,0.5197,1,0.5,1.0.0,2026-07-29T15:06:59.847491+00:00,batch_20260729_150659_a047a5
4745-LSPLO,0.1896,0,0.5,1.0.0,2026-07-29T15:06:59.847491+00:00,batch_20260729_150659_a047a5
8083-YTZES,0.7402,1,0.5,1.0.0,2026-07-29T15:06:59.847491+00:00,batch_20260729_150659_a047a5
7240-FQLHE,0.4914,0,0.5,1.0.0,2026-07-29T15:06:59.847491+00:00,batch_20260729_150659_a047a5
6664-FPDAC,0.2559,0,0.5,1.0.0,2026-07-29T15:06:59.847491+00:00,batch_20260729_150659_a047a5
9972-VAFJJ,0.1499,0,0.5,1.0.0,2026-07-29T15:06:59.847491+00:00,batch_20260729_150659_a047a5
0422-UXFAP,0.3566,0,0.5,1.0.0,2026-07-29T15:06:59.847491+00:00,batch_20260729_150659_a047a5
1904-WAJAA,0.0452,0,0.5,1.0.0,2026-07-29T15:06:59.847491+00:00,batch_20260729_150659_a047a5
5130-YPIRV,0.0159,0,0.5,1.0.0,2026-07-29T15:06:59.847491+00:00,batch_20260729_150659_a047a5
2843-CQMEG,0.2151,0,0.5,1.0.0,2026-07-29T15:06:59.847491+00:00,batch_20260729_150659_a047a5
6439-PKTRR,0.0095,0,0.5,1.0.0,2026-07-29T15:06:59.847491+00:00,batch_20260729_150659_a047a5
5351-QESIO,0.4232,0,0.5,1.0.0,2026-07-29T15:06:59.847491+00:00,batch_20260729_150659_a047a5
0786-VSSUD,0.4398,0,0.5,1.0.0,2026-07-29T15:06:59.847491+00:00,batch_20260729_150659_a047a5
5568-DMXZS,0.3797,0,0.5,1.0.0,2026-07-29T15:06:59.847491+00:00,batch_20260729_150659_a047a5
8468-FZTOE,0.0094,0,0.5,1.0.0,2026-07-29T15:06:59.847491+00:00,batch_20260729_150659_a047a5
6633-SYEUS,0.2532,0,0.5,1.0.0,2026-07-29T15:06:59.847491+00:00,batch_20260729_150659_a047a5
6447-GORXK,0.1523,0,0.5,1.0.0,2026-07-29T15:06:59.847491+00:00,batch_20260729_150659_a047a5
6967-PEJLL,0.0701,0,0.5,1.0.0,2026-07-29T15:06:59.847491+00:00,batch_20260729_150659_a047a5
3976-BWUCK,0.3925,0,0.5,1.0.0,2026-07-29T15:06:59.847491+00:00,batch_20260729_150659_a047a5
5981-ZVXOT,0.3587,0,0.5,1.0.0,2026-07-29T15:06:59.847491+00:00,batch_20260729_150659_a047a5
1684-FLBGS,0.1973,0,0.5,1.0.0,2026-07-29T15:06:59.847491+00:00,batch_20260729_150659_a047a5
1389-WNUIB,0.1228,0,0.5,1.0.0,2026-07-29T15:06:59.847491+00:00,batch_20260729_150659_a047a5
0376-OIWME,0.5007,1,0.5,1.0.0,2026-07-29T15:06:59.847491+00:00,batch_20260729_150659_a047a5
3585-ISXZP,0.6538,1,0.5,1.0.0,2026-07-29T15:06:59.847491+00:00,batch_20260729_150659_a047a5
0218-QNVAS,0.093,0,0.5,1.0.0,2026-07-29T15:06:59.847491+00:00,batch_20260729_150659_a047a5
6583-QGCSI,0.4268,0,0.5,1.0.0,2026-07-29T15:06:59.847491+00:00,batch_20260729_150659_a047a5
0804-YGEQV,0.0217,0,0.5,1.0.0,2026-07-29T15:06:59.847491+00:00,batch_20260729_150659_a047a5
7164-BPTUT,0.014,0,0.5,1.0.0,2026-07-29T15:06:59.847491+00:00,batch_20260729_150659_a047a5
4174-LPGTI,0.046,0,0.5,1.0.0,2026-07-29T15:06:59.847491+00:00,batch_20260729_150659_a047a5
2523-EWWZL,0.4838,0,0.5,1.0.0,2026-07-29T15:06:59.847491+00:00,batch_20260729_150659_a047a5
0928-XUTSN,0.6841,1,0.5,1.0.0,2026-07-29T15:06:59.847491+00:00,batch_20260729_150659_a047a5
2108-XWMPY,0.4345,0,0.5,1.0.0,2026-07-29T15:06:59.847491+00:00,batch_20260729_150659_a047a5
0052-YNYOT,0.007,0,0.5,1.0.0,2026-07-29T15:06:59.847491+00:00,batch_20260729_150659_a047a5
6304-IJFSQ,0.3838,0,0.5,1.0.0,2026-07-29T15:06:59.847491+00:00,batch_20260729_150659_a047a5
9586-JGQKH,0.0811,0,0.5,1.0.0,2026-07-29T15:06:59.847491+00:00,batch_20260729_150659_a047a5
4501-VCPFK,0.2364,0,0.5,1.0.0,2026-07-29T15:06:59.847491+00:00,batch_20260729_150659_a047a5
6075-SLNIL,0.449,0,0.5,1.0.0,2026-07-29T15:06:59.847491+00:00,batch_20260729_150659_a047a5
9347-AERRL,0.0355,0,0.5,1.0.0,2026-07-29T15:06:59.847491+00:00,batch_20260729_150659_a047a5
0093-XWZFY,0.4948,0,0.5,1.0.0,2026-07-29T15:06:59.847491+00:00,batch_20260729_150659_a047a5
2274-XUATA,0.0153,0,0.5,1.0.0,2026-07-29T15:06:59.847491+00:00,batch_20260729_150659_a047a5
1980-KXVPM,0.6692,1,0.5,1.0.0,2026-07-29T15:06:59.847491+00:00,batch_20260729_150659_a047a5
7703-ZEKEF,0.6174,1,0.5,1.0.0,2026-07-29T15:06:59.847491+00:00,batch_20260729_150659_a047a5
0723-DRCLG,0.7629,1,0.5,1.0.0,2026-07-29T15:06:59.847491+00:00,batch_20260729_150659_a047a5
5482-NUPNA,0.2225,0,0.5,1.0.0,2026-07-29T15:06:59.847491+00:00,batch_20260729_150659_a047a5
6691-CCIHA,0.0293,0,0.5,1.0.0,2026-07-29T15:06:59.847491+00:00,batch_20260729_150659_a047a5
1685-BQULA,0.4236,0,0.5,1.0.0,2026-07-29T15:06:59.847491+00:00,batch_20260729_150659_a047a5
9053-EJUNL,0.4981,0,0.5,1.0.0,2026-07-29T15:06:59.847491+00:00,batch_20260729_150659_a047a5
0666-UXTJO,0.4338,0,0.5,1.0.0,2026-07-29T15:06:59.847491+00:00,batch_20260729_150659_a047a5
1471-GIQKQ,0.3906,0,0.5,1.0.0,2026-07-29T15:06:59.847491+00:00,batch_20260729_150659_a047a5
4807-IZYOZ,0.0052,0,0.5,1.0.0,2026-07-29T15:06:59.847491+00:00,batch_20260729_150659_a047a5
1122-JWTJW,0.5922,1,0.5,1.0.0,2026-07-29T15:06:59.847491+00:00,batch_20260729_150659_a047a5
9710-NJERN,0.0096,0,0.5,1.0.0,2026-07-29T15:06:59.847491+00:00,batch_20260729_150659_a047a5
9837-FWLCH,0.1876,0,0.5,1.0.0,2026-07-29T15:06:59.847491+00:00,batch_20260729_150659_a047a5
1699-HPSBG,0.2173,0,0.5,1.0.0,2026-07-29T15:06:59.847491+00:00,batch_20260729_150659_a047a5
7203-OYKCT,0.2272,0,0.5,1.0.0,2026-07-29T15:06:59.847491+00:00,batch_20260729_150659_a047a5
1035-IPQPU,0.4434,0,0.5,1.0.0,2026-07-29T15:06:59.847491+00:00,batch_20260729_150659_a047a5
7398-LXGYX,0.2809,0,0.5,1.0.0,2026-07-29T15:06:59.847491+00:00,batch_20260729_150659_a047a5
2823-LKABH,0.5278,1,0.5,1.0.0,2026-07-29T15:06:59.847491+00:00,batch_20260729_150659_a047a5
8775-CEBBJ,0.3532,0,0.5,1.0.0,2026-07-29T15:06:59.847491+00:00,batch_20260729_150659_a047a5
0550-DCXLH,0.2365,0,0.5,1.0.0,2026-07-29T15:06:59.847491+00:00,batch_20260729_150659_a047a5
9281-CEDRU,0.0075,0,0.5,1.0.0,2026-07-29T15:06:59.847491+00:00,batch_20260729_150659_a047a5
2235-DWLJU,0.7112,1,0.5,1.0.0,2026-07-29T15:06:59.847491+00:00,batch_20260729_150659_a047a5
0871-OPBXW,0.2481,0,0.5,1.0.0,2026-07-29T15:06:59.847491+00:00,batch_20260729_150659_a047a5
3605-JISKB,0.0233,0,0.5,1.0.0,2026-07-29T15:06:59.847491+00:00,batch_20260729_150659_a047a5
6894-LFHLY,0.7622,1,0.5,1.0.0,2026-07-29T15:06:59.847491+00:00,batch_20260729_150659_a047a5
9767-FFLEM,0.3182,0,0.5,1.0.0,2026-07-29T15:06:59.847491+00:00,batch_20260729_150659_a047a5
0639-TSIQW,0.2142,0,0.5,1.0.0,2026-07-29T15:06:59.847491+00:00,batch_20260729_150659_a047a5
8456-QDAVC,0.5413,1,0.5,1.0.0,2026-07-29T15:06:59.847491+00:00,batch_20260729_150659_a047a5
7750-EYXWZ,0.2647,0,0.5,1.0.0,2026-07-29T15:06:59.847491+00:00,batch_20260729_150659_a047a5
2569-WGERO,0.0029,0,0.5,1.0.0,2026-07-29T15:06:59.847491+00:00,batch_20260729_150659_a047a5
6840-RESVB,0.1139,0,0.5,1.0.0,2026-07-29T15:06:59.847491+00:00,batch_20260729_150659_a047a5
2234-XADUH,0.1303,0,0.5,1.0.0,2026-07-29T15:06:59.847491+00:00,batch_20260729_150659_a047a5
4801-JZAZL,0.4132,0,0.5,1.0.0,2026-07-29T15:06:59.847491+00:00,batch_20260729_150659_a047a5
8361-LTMKD,0.675,1,0.5,1.0.0,2026-07-29T15:06:59.847491+00:00,batch_20260729_150659_a047a5
3186-AJIEK,0.0502,0,0.5,1.0.0,2026-07-29T15:06:59.847491+00:00,batch_20260729_150659_a047a5
